q00047a31 0 1 0
q00047a31 0 6421 0
q00047a31 0 6422 0
q00047a31 0 6423 0
q00047a31 0 6424 0
q00047a31 0 6425 0
q00047a31 0 6426 0
q00047a31 0 6427 0
q00047a31 0 6428 0
q00047a31 0 6429 0
q00047a31 0 6430 0
q00047a31 0 6431 0
q00047a31 0 6432 0
q00047a31 0 6433 0
q00047a31 0 6434 0
q00047a31 0 6435 0
q00047a31 0 6436 0
q00047a31 0 6437 0
q00047a31 0 6438 0
q00047a31 0 10337 1
q00047a31 0 10338 1
q00047a31 0 10339 1
q00047a31 0 10340 1
q00047a31 0 10341 1
q00047a31 0 10342 1
q00047a31 0 10343 1
q00047a31 0 10344 1
q00047a31 0 10345 1
q00047a31 0 10346 1
q00047a31 0 10347 1
q00047a31 0 10348 1
q00047a31 0 10349 1
q00047a31 0 10350 1
q00047a31 0 10351 1
q00047a31 0 10352 1
q00047a31 0 10353 1
q00047a31 0 10354 1
q00047a31 0 10355 1
q00047a31 0 220843 3
q00047a31 0 220844 3
q00047a31 0 220846 3
q00047a31 0 220848 3
q00047a31 0 221092 3
q00047a31 0 221197 3
q00047a31 0 221339 3
q00047a31 0 221557 3
q00047a31 0 221699 3
q00047a31 0 221700 3
q00047a31 0 221845 3
q00047a31 0 221910 3
q00047a31 0 221976 3
q00047a31 0 222011 3
q00047a31 0 222012 3
q00047a31 0 222310 3
q00047a31 0 222313 3
q00047a31 0 222369 3
q00047a31 0 222643 3
q00047a31 0 222928 3
q00047a31 0 223782 3
q00047a31 0 223924 3
q00047a31 0 223965 3
q00047a31 0 223973 3
q00047a31 0 223997 3
q00047a31 0 224074 3
q00047a31 0 224075 3
q00047a31 0 224123 3
q00047a31 0 224807 3
q00047a31 0 224830 3
q00047a31 0 224838 3
q00047a31 0 224851 3
q00047a31 0 224858 3
q00047a31 0 224859 3
q00047a31 0 224861 3
q00047a31 0 224862 3
q00047a31 0 224877 3
q00047a31 0 224894 3
q00047a31 0 224902 3
q00047a31 0 852047 0
q00047a31 0 902215 1
q00047a31 0 4396350 0
q00047a31 0 7019593 0
q00047a31 0 7431149 0
q00047a31 0 10444996 0
q00047a31 0 13423539 0
q00047a31 0 13695384 0
q00047a31 0 17149014 0
q00047a31 0 18958400 0
q00047a31 0 19051517 0
q00047a31 0 19051608 0
q00047a31 0 19051636 0
q00047a31 0 19051664 0
q00047a31 0 19051685 0
q00047a31 0 19051701 0
q00047a31 0 19051731 0
q00047a31 0 19051753 0
q00047a31 0 19051780 0
q00047a31 0 19051794 0
q00047a31 0 19405948 0
q00047a31 0 19405951 0
q00047a31 0 19405954 0
q01ae0f98 0 1 0
q01ae0f98 0 6421 0
q01ae0f98 0 6422 0
q01ae0f98 0 6423 0
q01ae0f98 0 6424 0
q01ae0f98 0 6425 0
q01ae0f98 0 6426 0
q01ae0f98 0 6427 0
q01ae0f98 0 6428 0
q01ae0f98 0 6429 0
q01ae0f98 0 6430 0
q01ae0f98 0 6431 0
q01ae0f98 0 6432 0
q01ae0f98 0 6433 0
q01ae0f98 0 6434 2
q01ae0f98 0 6435 0
q01ae0f98 0 6436 0
q01ae0f98 0 6437 0
q01ae0f98 0 6438 0
q01ae0f98 0 190295 1
q01ae0f98 0 190439 2
q01ae0f98 0 209366 1
q01ae0f98 0 209553 1
q01ae0f98 0 209624 1
q01ae0f98 0 209966 1
q01ae0f98 0 209986 1
q01ae0f98 0 210125 1
q01ae0f98 0 211274 1
q01ae0f98 0 211571 0
q01ae0f98 0 227073 3
q01ae0f98 0 227755 3
q01ae0f98 0 228039 3
q01ae0f98 0 228065 3
q01ae0f98 0 235818 1
q01ae0f98 0 240059 3
q01ae0f98 0 266403 3
q01ae0f98 0 296336 2
q01ae0f98 0 296346 3
q01ae0f98 0 323030 1
q01ae0f98 0 388963 2
q01ae0f98 0 414347 1
q01ae0f98 0 451593 3
q01ae0f98 0 452068 3
q01ae0f98 0 453044 0
q01ae0f98 0 453087 2
q01ae0f98 0 453095 3
q01ae0f98 0 453303 2
q01ae0f98 0 453413 2
q01ae0f98 0 453468 3
q01ae0f98 0 499267 1
q01ae0f98 0 499553 2
q01ae0f98 0 538840 2
q01ae0f98 0 541212 3
q01ae0f98 0 852047 1
q01ae0f98 0 1951689 0
q01ae0f98 0 4396350 0
q01ae0f98 0 7019593 0
q01ae0f98 0 7431149 0
q01ae0f98 0 10444996 0
q01ae0f98 0 13423539 0
q01ae0f98 0 13695384 1
q01ae0f98 0 16850641 3
q01ae0f98 0 16862196 2
q01ae0f98 0 16880810 1
q01ae0f98 0 16883078 2
q01ae0f98 0 16896331 2
q01ae0f98 0 16896343 1
q01ae0f98 0 16896352 2
q01ae0f98 0 16896952 3
q01ae0f98 0 16896970 1
q01ae0f98 0 16897190 3
q01ae0f98 0 16897215 2
q01ae0f98 0 16897246 1
q01ae0f98 0 16897462 1
q01ae0f98 0 16897664 1
q01ae0f98 0 16914109 2
q01ae0f98 0 17021488 1
q01ae0f98 0 17029818 2
q01ae0f98 0 17149014 0
q01ae0f98 0 17425714 2
q01ae0f98 0 18958400 0
q01ae0f98 0 19051517 0
q01ae0f98 0 19051608 0
q01ae0f98 0 19051636 0
q01ae0f98 0 19051664 0
q01ae0f98 0 19051685 0
q01ae0f98 0 19051701 0
q01ae0f98 0 19051731 0
q01ae0f98 0 19051753 0
q01ae0f98 0 19051780 1
q01ae0f98 0 19051794 0
q04a34db4 0 1 0
q04a34db4 0 6421 0
q04a34db4 0 6422 0
q04a34db4 0 6423 0
q04a34db4 0 6424 0
q04a34db4 0 6425 0
q04a34db4 0 6426 0
q04a34db4 0 6427 0
q04a34db4 0 6428 0
q04a34db4 0 6429 0
q04a34db4 0 6430 0
q04a34db4 0 6431 0
q04a34db4 0 6432 0
q04a34db4 0 6433 0
q04a34db4 0 6434 0
q04a34db4 0 6435 0
q04a34db4 0 6436 0
q04a34db4 0 6437 0
q04a34db4 0 6438 0
q04a34db4 0 11563 1
q04a34db4 0 11564 1
q04a34db4 0 11565 1
q04a34db4 0 11566 1
q04a34db4 0 11567 1
q04a34db4 0 11568 1
q04a34db4 0 11569 1
q04a34db4 0 11570 1
q04a34db4 0 11571 1
q04a34db4 0 11572 1
q04a34db4 0 11573 1
q04a34db4 0 11574 1
q04a34db4 0 11575 1
q04a34db4 0 11576 1
q04a34db4 0 11577 1
q04a34db4 0 11578 1
q04a34db4 0 11579 1
q04a34db4 0 11580 1
q04a34db4 0 334320 3
q04a34db4 0 335160 3
q04a34db4 0 335165 3
q04a34db4 0 335166 3
q04a34db4 0 335168 3
q04a34db4 0 335170 3
q04a34db4 0 335171 3
q04a34db4 0 335251 3
q04a34db4 0 336289 3
q04a34db4 0 336293 3
q04a34db4 0 336357 3
q04a34db4 0 336363 3
q04a34db4 0 336376 3
q04a34db4 0 336381 3
q04a34db4 0 338805 3
q04a34db4 0 338852 3
q04a34db4 0 339338 3
q04a34db4 0 339346 3
q04a34db4 0 339349 3
q04a34db4 0 339351 3
q04a34db4 0 339461 3
q04a34db4 0 339470 3
q04a34db4 0 339525 3
q04a34db4 0 339546 3
q04a34db4 0 339553 3
q04a34db4 0 339573 3
q04a34db4 0 339578 3
q04a34db4 0 339589 3
q04a34db4 0 339674 3
q04a34db4 0 339676 3
q04a34db4 0 339682 3
q04a34db4 0 339703 3
q04a34db4 0 339722 3
q04a34db4 0 339749 3
q04a34db4 0 339809 3
q04a34db4 0 339845 3
q04a34db4 0 339849 3
q04a34db4 0 339883 3
q04a34db4 0 339901 3
q04a34db4 0 339910 3
q04a34db4 0 339974 3
q04a34db4 0 339986 3
q04a34db4 0 339992 3
q04a34db4 0 852047 0
q04a34db4 0 3905136 1
q04a34db4 0 4396350 0
q04a34db4 0 7019593 0
q04a34db4 0 7431149 0
q04a34db4 0 10444996 0
q04a34db4 0 13423539 0
q04a34db4 0 13695384 0
q04a34db4 0 13934522 1
q04a34db4 0 17149014 0
q04a34db4 0 18958400 0
q04a34db4 0 19051517 0
q04a34db4 0 19051608 0
q04a34db4 0 19051636 0
q04a34db4 0 19051664 0
q04a34db4 0 19051685 0
q04a34db4 0 19051701 0
q04a34db4 0 19051731 0
q04a34db4 0 19051753 0
q04a34db4 0 19051780 0
q04a34db4 0 19051794 0
q04a34db4 0 19312390 0
q04a34db4 0 19312409 0
q04a34db4 0 19312419 0
q04a34db4 0 19312428 0
q04a34db4 0 19312436 0
q0548383e 0 1 0
q0548383e 0 6421 0
q0548383e 0 6422 0
q0548383e 0 6423 0
q0548383e 0 6424 0
q0548383e 0 6425 0
q0548383e 0 6426 0
q0548383e 0 6427 0
q0548383e 0 6428 0
q0548383e 0 6429 0
q0548383e 0 6430 0
q0548383e 0 6431 0
q0548383e 0 6432 0
q0548383e 0 6433 0
q0548383e 0 6434 0
q0548383e 0 6435 0
q0548383e 0 6436 0
q0548383e 0 6437 0
q0548383e 0 6438 0
q0548383e 0 185065 2
q0548383e 0 209681 1
q0548383e 0 210174 1
q0548383e 0 210554 1
q0548383e 0 210703 3
q0548383e 0 210780 1
q0548383e 0 211237 1
q0548383e 0 211272 1
q0548383e 0 211391 1
q0548383e 0 211449 0
q0548383e 0 211461 1
q0548383e 0 211560 1
q0548383e 0 211578 1
q0548383e 0 211584 1
q0548383e 0 211628 1
q0548383e 0 211633 1
q0548383e 0 211657 1
q0548383e 0 211688 1
q0548383e 0 211730 0
q0548383e 0 211739 1
q0548383e 0 211744 1
q0548383e 0 211765 1
q0548383e 0 215343 3
q0548383e 0 303551 2
q0548383e 0 416749 0
q0548383e 0 416752 0
q0548383e 0 417727 0
q0548383e 0 426651 2
q0548383e 0 427500 1
q0548383e 0 455087 2
q0548383e 0 483654 2
q0548383e 0 499909 2
q0548383e 0 852047 0
q0548383e 0 4396350 0
q0548383e 0 4557090 1
q0548383e 0 7019593 0
q0548383e 0 7431149 0
q0548383e 0 10444996 0
q0548383e 0 13423539 0
q0548383e 0 13695384 0
q0548383e 0 16882876 1
q0548383e 0 16883205 1
q0548383e 0 16883691 2
q0548383e 0 16883894 3
q0548383e 0 16885046 2
q0548383e 0 16885365 0
q0548383e 0 17059969 2
q0548383e 0 17063639 2
q0548383e 0 17149014 0
q0548383e 0 18887805 1
q0548383e 0 18958400 1
q0548383e 0 19051517 0
q0548383e 0 19051608 1
q0548383e 0 19051636 0
q0548383e 0 19051664 0
q0548383e 0 19051685 0
q0548383e 0 19051701 0
q0548383e 0 19051731 0
q0548383e 0 19051753 0
q0548383e 0 19051780 0
q0548383e 0 19051794 0
q05a1ce8c 0 1 0
q05a1ce8c 0 6421 0
q05a1ce8c 0 6422 0
q05a1ce8c 0 6423 0
q05a1ce8c 0 6424 0
q05a1ce8c 0 6425 0
q05a1ce8c 0 6426 0
q05a1ce8c 0 6427 0
q05a1ce8c 0 6428 0
q05a1ce8c 0 6429 0
q05a1ce8c 0 6430 0
q05a1ce8c 0 6431 0
q05a1ce8c 0 6432 0
q05a1ce8c 0 6433 0
q05a1ce8c 0 6434 0
q05a1ce8c 0 6435 0
q05a1ce8c 0 6436 0
q05a1ce8c 0 6437 0
q05a1ce8c 0 6438 0
q05a1ce8c 0 179078 0
q05a1ce8c 0 204179 0
q05a1ce8c 0 209764 0
q05a1ce8c 0 210119 0
q05a1ce8c 0 211320 0
q05a1ce8c 0 233443 0
q05a1ce8c 0 234222 0
q05a1ce8c 0 246032 0
q05a1ce8c 0 246039 0
q05a1ce8c 0 297291 0
q05a1ce8c 0 304643 0
q05a1ce8c 0 304894 1
q05a1ce8c 0 319646 0
q05a1ce8c 0 334994 0
q05a1ce8c 0 428489 0
q05a1ce8c 0 438118 1
q05a1ce8c 0 438754 1
q05a1ce8c 0 443918 2
q05a1ce8c 0 444417 2
q05a1ce8c 0 444422 3
q05a1ce8c 0 444425 3
q05a1ce8c 0 444428 3
q05a1ce8c 0 444429 3
q05a1ce8c 0 444578 2
q05a1ce8c 0 444579 3
q05a1ce8c 0 444580 3
q05a1ce8c 0 444583 3
q05a1ce8c 0 444586 3
q05a1ce8c 0 444587 3
q05a1ce8c 0 445666 0
q05a1ce8c 0 449788 0
q05a1ce8c 0 484423 0
q05a1ce8c 0 505777 0
q05a1ce8c 0 514647 0
q05a1ce8c 0 519093 0
q05a1ce8c 0 852047 0
q05a1ce8c 0 1767543 0
q05a1ce8c 0 4396350 0
q05a1ce8c 0 7019593 0
q05a1ce8c 0 7431149 0
q05a1ce8c 0 10444996 0
q05a1ce8c 0 13423539 0
q05a1ce8c 0 13695384 0
q05a1ce8c 0 17036209 0
q05a1ce8c 0 17036821 0
q05a1ce8c 0 17037448 0
q05a1ce8c 0 17037604 0
q05a1ce8c 0 17037644 0
q05a1ce8c 0 17038122 0
q05a1ce8c 0 17038160 0
q05a1ce8c 0 17038213 0
q05a1ce8c 0 17063138 0
q05a1ce8c 0 17149014 0
q05a1ce8c 0 18958400 0
q05a1ce8c 0 19051517 0
q05a1ce8c 0 19051608 0
q05a1ce8c 0 19051636 0
q05a1ce8c 0 19051664 0
q05a1ce8c 0 19051685 0
q05a1ce8c 0 19051701 0
q05a1ce8c 0 19051731 0
q05a1ce8c 0 19051753 0
q05a1ce8c 0 19051780 0
q05a1ce8c 0 19051794 0
q0ad1dfc6 0 1 0
q0ad1dfc6 0 6421 0
q0ad1dfc6 0 6422 0
q0ad1dfc6 0 6423 0
q0ad1dfc6 0 6424 0
q0ad1dfc6 0 6425 0
q0ad1dfc6 0 6426 0
q0ad1dfc6 0 6427 0
q0ad1dfc6 0 6428 0
q0ad1dfc6 0 6429 0
q0ad1dfc6 0 6430 0
q0ad1dfc6 0 6431 0
q0ad1dfc6 0 6432 0
q0ad1dfc6 0 6433 0
q0ad1dfc6 0 6434 0
q0ad1dfc6 0 6435 0
q0ad1dfc6 0 6436 0
q0ad1dfc6 0 6437 0
q0ad1dfc6 0 6438 0
q0ad1dfc6 0 171619 1
q0ad1dfc6 0 210094 0
q0ad1dfc6 0 211694 0
q0ad1dfc6 0 211716 0
q0ad1dfc6 0 233477 2
q0ad1dfc6 0 234294 2
q0ad1dfc6 0 235204 1
q0ad1dfc6 0 235666 2
q0ad1dfc6 0 235972 1
q0ad1dfc6 0 246190 0
q0ad1dfc6 0 247142 3
q0ad1dfc6 0 296770 0
q0ad1dfc6 0 303538 0
q0ad1dfc6 0 393151 0
q0ad1dfc6 0 393637 0
q0ad1dfc6 0 425296 0
q0ad1dfc6 0 428214 0
q0ad1dfc6 0 490203 0
q0ad1dfc6 0 524324 0
q0ad1dfc6 0 524456 1
q0ad1dfc6 0 524840 3
q0ad1dfc6 0 524873 1
q0ad1dfc6 0 525123 1
q0ad1dfc6 0 525487 1
q0ad1dfc6 0 852047 0
q0ad1dfc6 0 1800402 1
q0ad1dfc6 0 4396350 0
q0ad1dfc6 0 7019593 0
q0ad1dfc6 0 7431149 0
q0ad1dfc6 0 10444996 0
q0ad1dfc6 0 13423539 0
q0ad1dfc6 0 13695384 0
q0ad1dfc6 0 16858906 0
q0ad1dfc6 0 16900373 3
q0ad1dfc6 0 16900400 1
q0ad1dfc6 0 16900419 1
q0ad1dfc6 0 16900533 0
q0ad1dfc6 0 16900557 2
q0ad1dfc6 0 16900722 1
q0ad1dfc6 0 16900764 1
q0ad1dfc6 0 16900789 1
q0ad1dfc6 0 16900855 1
q0ad1dfc6 0 16952084 0
q0ad1dfc6 0 16957113 0
q0ad1dfc6 0 16957900 1
q0ad1dfc6 0 16997887 1
q0ad1dfc6 0 16998351 3
q0ad1dfc6 0 17149014 0
q0ad1dfc6 0 17414480 1
q0ad1dfc6 0 17414995 2
q0ad1dfc6 0 18958400 0
q0ad1dfc6 0 19051517 0
q0ad1dfc6 0 19051608 0
q0ad1dfc6 0 19051636 0
q0ad1dfc6 0 19051664 0
q0ad1dfc6 0 19051685 0
q0ad1dfc6 0 19051701 0
q0ad1dfc6 0 19051731 0
q0ad1dfc6 0 19051753 0
q0ad1dfc6 0 19051780 0
q0ad1dfc6 0 19051794 0
q0be17277 0 1 0
q0be17277 0 6421 0
q0be17277 0 6422 0
q0be17277 0 6423 0
q0be17277 0 6424 0
q0be17277 0 6425 0
q0be17277 0 6426 0
q0be17277 0 6427 0
q0be17277 0 6428 0
q0be17277 0 6429 0
q0be17277 0 6430 0
q0be17277 0 6431 0
q0be17277 0 6432 0
q0be17277 0 6433 0
q0be17277 0 6434 0
q0be17277 0 6435 0
q0be17277 0 6436 0
q0be17277 0 6437 0
q0be17277 0 6438 0
q0be17277 0 186088 3
q0be17277 0 209509 0
q0be17277 0 209584 0
q0be17277 0 209647 0
q0be17277 0 209739 0
q0be17277 0 210105 0
q0be17277 0 210154 0
q0be17277 0 210193 0
q0be17277 0 210357 0
q0be17277 0 210411 0
q0be17277 0 210722 0
q0be17277 0 210748 0
q0be17277 0 210901 0
q0be17277 0 211206 0
q0be17277 0 211237 0
q0be17277 0 211272 0
q0be17277 0 211308 0
q0be17277 0 211322 0
q0be17277 0 211399 0
q0be17277 0 226692 3
q0be17277 0 258078 2
q0be17277 0 258081 2
q0be17277 0 450423 2
q0be17277 0 484287 2
q0be17277 0 484298 3
q0be17277 0 484318 3
q0be17277 0 484328 3
q0be17277 0 484334 2
q0be17277 0 496223 2
q0be17277 0 496230 3
q0be17277 0 496234 1
q0be17277 0 496237 2
q0be17277 0 496248 2
q0be17277 0 496266 1
q0be17277 0 496270 1
q0be17277 0 499113 2
q0be17277 0 852047 0
q0be17277 0 4396350 0
q0be17277 0 5873469 0
q0be17277 0 7019593 0
q0be17277 0 7431149 0
q0be17277 0 10444996 0
q0be17277 0 13423539 0
q0be17277 0 13695384 0
q0be17277 0 16967733 3
q0be17277 0 17013279 3
q0be17277 0 17034770 0
q0be17277 0 17058175 2
q0be17277 0 17149014 0
q0be17277 0 18887971 0
q0be17277 0 18958400 0
q0be17277 0 19051517 0
q0be17277 0 19051608 1
q0be17277 0 19051636 0
q0be17277 0 19051664 0
q0be17277 0 19051685 0
q0be17277 0 19051701 0
q0be17277 0 19051731 0
q0be17277 0 19051753 0
q0be17277 0 19051780 0
q0be17277 0 19051794 0
q0be7b0d7 0 1 0
q0be7b0d7 0 6421 0
q0be7b0d7 0 6422 0
q0be7b0d7 0 6423 0
q0be7b0d7 0 6424 0
q0be7b0d7 0 6425 0
q0be7b0d7 0 6426 0
q0be7b0d7 0 6427 0
q0be7b0d7 0 6428 0
q0be7b0d7 0 6429 0
q0be7b0d7 0 6430 0
q0be7b0d7 0 6431 0
q0be7b0d7 0 6432 0
q0be7b0d7 0 6433 0
q0be7b0d7 0 6434 0
q0be7b0d7 0 6435 0
q0be7b0d7 0 6436 0
q0be7b0d7 0 6437 0
q0be7b0d7 0 6438 0
q0be7b0d7 0 193331 2
q0be7b0d7 0 248106 2
q0be7b0d7 0 416972 1
q0be7b0d7 0 416981 1
q0be7b0d7 0 417623 3
q0be7b0d7 0 418934 2
q0be7b0d7 0 419346 1
q0be7b0d7 0 433303 1
q0be7b0d7 0 433334 3
q0be7b0d7 0 458927 2
q0be7b0d7 0 461738 3
q0be7b0d7 0 461892 1
q0be7b0d7 0 462431 1
q0be7b0d7 0 464912 2
q0be7b0d7 0 465214 1
q0be7b0d7 0 466726 2
q0be7b0d7 0 466736 2
q0be7b0d7 0 466758 1
q0be7b0d7 0 466775 0
q0be7b0d7 0 466777 1
q0be7b0d7 0 466784 2
q0be7b0d7 0 466806 1
q0be7b0d7 0 466841 2
q0be7b0d7 0 466864 2
q0be7b0d7 0 466893 1
q0be7b0d7 0 466900 2
q0be7b0d7 0 466912 2
q0be7b0d7 0 466949 1
q0be7b0d7 0 466963 2
q0be7b0d7 0 467045 1
q0be7b0d7 0 467054 1
q0be7b0d7 0 467065 2
q0be7b0d7 0 467102 1
q0be7b0d7 0 467162 1
q0be7b0d7 0 467199 2
q0be7b0d7 0 467811 2
q0be7b0d7 0 470575 2
q0be7b0d7 0 852047 0
q0be7b0d7 0 4396350 0
q0be7b0d7 0 7019593 0
q0be7b0d7 0 7431149 0
q0be7b0d7 0 10444996 0
q0be7b0d7 0 13423539 0
q0be7b0d7 0 13695384 0
q0be7b0d7 0 16860044 2
q0be7b0d7 0 16861771 2
q0be7b0d7 0 16916400 2
q0be7b0d7 0 16916534 1
q0be7b0d7 0 16916609 1
q0be7b0d7 0 16916854 1
q0be7b0d7 0 17016503 1
q0be7b0d7 0 17149014 0
q0be7b0d7 0 17431243 3
q0be7b0d7 0 18958400 0
q0be7b0d7 0 19051517 0
q0be7b0d7 0 19051608 0
q0be7b0d7 0 19051636 0
q0be7b0d7 0 19051664 0
q0be7b0d7 0 19051685 0
q0be7b0d7 0 19051701 0
q0be7b0d7 0 19051731 0
q0be7b0d7 0 19051753 0
q0be7b0d7 0 19051780 0
q0be7b0d7 0 19051794 0
q0d723256 0 1 0
q0d723256 0 6421 0
q0d723256 0 6422 0
q0d723256 0 6423 0
q0d723256 0 6424 0
q0d723256 0 6425 0
q0d723256 0 6426 0
q0d723256 0 6427 0
q0d723256 0 6428 0
q0d723256 0 6429 0
q0d723256 0 6430 0
q0d723256 0 6431 0
q0d723256 0 6432 0
q0d723256 0 6433 0
q0d723256 0 6434 0
q0d723256 0 6435 0
q0d723256 0 6436 0
q0d723256 0 6437 0
q0d723256 0 6438 0
q0d723256 0 10634 1
q0d723256 0 10635 0
q0d723256 0 10636 0
q0d723256 0 10637 0
q0d723256 0 10638 0
q0d723256 0 10639 0
q0d723256 0 10640 0
q0d723256 0 10641 0
q0d723256 0 10642 0
q0d723256 0 10643 0
q0d723256 0 10644 0
q0d723256 0 10645 0
q0d723256 0 10646 1
q0d723256 0 10647 0
q0d723256 0 10648 0
q0d723256 0 10649 0
q0d723256 0 10650 0
q0d723256 0 10651 0
q0d723256 0 10932 3
q0d723256 0 10981 2
q0d723256 0 11048 3
q0d723256 0 14687 3
q0d723256 0 192141 3
q0d723256 0 192294 3
q0d723256 0 192541 3
q0d723256 0 192607 3
q0d723256 0 236304 3
q0d723256 0 240116 3
q0d723256 0 241932 3
q0d723256 0 292895 3
q0d723256 0 292909 3
q0d723256 0 296847 3
q0d723256 0 343573 3
q0d723256 0 343745 1
q0d723256 0 343829 3
q0d723256 0 353661 3
q0d723256 0 380785 3
q0d723256 0 415608 3
q0d723256 0 430786 3
q0d723256 0 433307 3
q0d723256 0 435206 3
q0d723256 0 435233 1
q0d723256 0 435290 3
q0d723256 0 435517 3
q0d723256 0 435601 3
q0d723256 0 467282 0
q0d723256 0 467333 2
q0d723256 0 467349 2
q0d723256 0 468598 2
q0d723256 0 469735 3
q0d723256 0 849622 1
q0d723256 0 852047 0
q0d723256 0 4396350 0
q0d723256 0 7019593 0
q0d723256 0 7431149 0
q0d723256 0 10444996 0
q0d723256 0 13065124 0
q0d723256 0 13423539 0
q0d723256 0 13695384 0
q0d723256 0 16910076 3
q0d723256 0 16921971 2
q0d723256 0 16926966 3
q0d723256 0 17016129 1
q0d723256 0 17035405 3
q0d723256 0 17149014 0
q0d723256 0 17430874 3
q0d723256 0 18958400 0
q0d723256 0 19051517 0
q0d723256 0 19051608 0
q0d723256 0 19051636 0
q0d723256 0 19051664 1
q0d723256 0 19051685 0
q0d723256 0 19051701 0
q0d723256 0 19051731 0
q0d723256 0 19051753 0
q0d723256 0 19051780 0
q0d723256 0 19051794 0
q0d723256 0 19225864 1
q0d723256 0 19225881 1
q0d723256 0 19225938 1
q10e257f3 0 1 0
q10e257f3 0 6421 2
q10e257f3 0 6422 1
q10e257f3 0 6423 2
q10e257f3 0 6424 1
q10e257f3 0 6425 2
q10e257f3 0 6426 1
q10e257f3 0 6427 2
q10e257f3 0 6428 1
q10e257f3 0 6429 2
q10e257f3 0 6430 2
q10e257f3 0 6431 1
q10e257f3 0 6432 2
q10e257f3 0 6433 2
q10e257f3 0 6434 0
q10e257f3 0 6435 2
q10e257f3 0 6436 0
q10e257f3 0 6437 2
q10e257f3 0 6438 1
q10e257f3 0 195456 1
q10e257f3 0 195459 1
q10e257f3 0 195791 1
q10e257f3 0 203178 2
q10e257f3 0 203459 2
q10e257f3 0 203488 2
q10e257f3 0 203649 2
q10e257f3 0 203660 1
q10e257f3 0 203686 1
q10e257f3 0 203737 1
q10e257f3 0 203755 2
q10e257f3 0 203875 1
q10e257f3 0 203921 1
q10e257f3 0 203978 1
q10e257f3 0 203986 2
q10e257f3 0 204020 1
q10e257f3 0 204116 1
q10e257f3 0 204317 3
q10e257f3 0 204351 1
q10e257f3 0 204589 2
q10e257f3 0 204911 1
q10e257f3 0 206252 0
q10e257f3 0 206685 3
q10e257f3 0 207449 2
q10e257f3 0 207511 2
q10e257f3 0 210278 2
q10e257f3 0 369946 2
q10e257f3 0 369996 3
q10e257f3 0 370086 2
q10e257f3 0 370093 3
q10e257f3 0 370094 3
q10e257f3 0 370266 3
q10e257f3 0 852047 0
q10e257f3 0 4396350 1
q10e257f3 0 7019593 1
q10e257f3 0 7431149 0
q10e257f3 0 10444996 0
q10e257f3 0 13423539 2
q10e257f3 0 13695384 0
q10e257f3 0 16913224 0
q10e257f3 0 16930585 1
q10e257f3 0 16938791 1
q10e257f3 0 16938797 0
q10e257f3 0 16938841 1
q10e257f3 0 16939040 2
q10e257f3 0 16939085 2
q10e257f3 0 16939154 0
q10e257f3 0 16939171 1
q10e257f3 0 16940402 2
q10e257f3 0 16968588 2
q10e257f3 0 17149014 0
q10e257f3 0 18958400 1
q10e257f3 0 19051517 0
q10e257f3 0 19051608 0
q10e257f3 0 19051636 0
q10e257f3 0 19051664 0
q10e257f3 0 19051685 0
q10e257f3 0 19051701 0
q10e257f3 0 19051731 0
q10e257f3 0 19051753 0
q10e257f3 0 19051780 0
q10e257f3 0 19051794 0
q10e257f3 0 19200299 2
q111825ed 0 1 0
q111825ed 0 6421 0
q111825ed 0 6422 0
q111825ed 0 6423 0
q111825ed 0 6424 0
q111825ed 0 6425 0
q111825ed 0 6426 0
q111825ed 0 6427 0
q111825ed 0 6428 0
q111825ed 0 6429 0
q111825ed 0 6430 0
q111825ed 0 6431 0
q111825ed 0 6432 0
q111825ed 0 6433 0
q111825ed 0 6434 0
q111825ed 0 6435 0
q111825ed 0 6436 0
q111825ed 0 6437 0
q111825ed 0 6438 0
q111825ed 0 12836 1
q111825ed 0 234344 0
q111825ed 0 321364 1
q111825ed 0 425194 0
q111825ed 0 425224 0
q111825ed 0 428075 0
q111825ed 0 435863 0
q111825ed 0 436116 0
q111825ed 0 436582 0
q111825ed 0 436812 0
q111825ed 0 436919 0
q111825ed 0 449800 0
q111825ed 0 473905 0
q111825ed 0 519961 1
q111825ed 0 519966 1
q111825ed 0 523235 0
q111825ed 0 523608 1
q111825ed 0 523874 0
q111825ed 0 523898 0
q111825ed 0 523947 0
q111825ed 0 852047 0
q111825ed 0 4396350 0
q111825ed 0 7019593 0
q111825ed 0 7431149 0
q111825ed 0 10444996 0
q111825ed 0 13423539 0
q111825ed 0 13695384 0
q111825ed 0 16973082 2
q111825ed 0 16978349 1
q111825ed 0 16978877 2
q111825ed 0 17015651 1
q111825ed 0 17017126 1
q111825ed 0 17018491 1
q111825ed 0 17019647 2
q111825ed 0 17019740 1
q111825ed 0 17021621 0
q111825ed 0 17022237 1
q111825ed 0 17023842 1
q111825ed 0 17024927 0
q111825ed 0 17025440 0
q111825ed 0 17025550 0
q111825ed 0 17029538 0
q111825ed 0 17029607 0
q111825ed 0 17030681 2
q111825ed 0 17030764 1
q111825ed 0 17030870 0
q111825ed 0 17031069 0
q111825ed 0 17031320 0
q111825ed 0 17031816 1
q111825ed 0 17031897 1
q111825ed 0 17031930 0
q111825ed 0 17059421 1
q111825ed 0 17063013 1
q111825ed 0 17063165 1
q111825ed 0 17071380 1
q111825ed 0 17149014 0
q111825ed 0 17427599 0
q111825ed 0 17429003 0
q111825ed 0 17434827 2
q111825ed 0 17436411 2
q111825ed 0 17436514 1
q111825ed 0 17437503 0
q111825ed 0 17438006 1
q111825ed 0 17438699 1
q111825ed 0 17438878 1
q111825ed 0 18958400 0
q111825ed 0 19051517 0
q111825ed 0 19051608 0
q111825ed 0 19051636 0
q111825ed 0 19051664 0
q111825ed 0 19051685 0
q111825ed 0 19051701 0
q111825ed 0 19051731 0
q111825ed 0 19051753 0
q111825ed 0 19051780 0
q111825ed 0 19051794 0
q11651943 0 1 0
q11651943 0 6421 0
q11651943 0 6422 0
q11651943 0 6423 0
q11651943 0 6424 0
q11651943 0 6425 0
q11651943 0 6426 0
q11651943 0 6427 0
q11651943 0 6428 0
q11651943 0 6429 0
q11651943 0 6430 0
q11651943 0 6431 0
q11651943 0 6432 0
q11651943 0 6433 0
q11651943 0 6434 0
q11651943 0 6435 0
q11651943 0 6436 0
q11651943 0 6437 0
q11651943 0 6438 0
q11651943 0 192121 3
q11651943 0 227550 3
q11651943 0 228336 3
q11651943 0 237220 3
q11651943 0 237223 3
q11651943 0 277749 3
q11651943 0 277757 3
q11651943 0 278555 3
q11651943 0 278572 2
q11651943 0 278714 3
q11651943 0 278761 3
q11651943 0 278778 3
q11651943 0 278872 3
q11651943 0 278994 3
q11651943 0 279019 3
q11651943 0 279090 2
q11651943 0 279148 3
q11651943 0 279160 3
q11651943 0 279161 3
q11651943 0 279163 3
q11651943 0 279179 3
q11651943 0 285496 2
q11651943 0 296291 2
q11651943 0 324980 3
q11651943 0 344929 1
q11651943 0 344934 2
q11651943 0 362088 3
q11651943 0 423953 2
q11651943 0 423973 1
q11651943 0 423974 1
q11651943 0 424005 1
q11651943 0 424854 2
q11651943 0 425714 2
q11651943 0 425730 2
q11651943 0 425794 2
q11651943 0 452968 0
q11651943 0 452976 1
q11651943 0 454302 2
q11651943 0 455054 2
q11651943 0 852047 1
q11651943 0 4396350 0
q11651943 0 7019593 0
q11651943 0 7431149 1
q11651943 0 10444996 0
q11651943 0 13283648 2
q11651943 0 13423539 0
q11651943 0 13695384 1
q11651943 0 16958710 1
q11651943 0 16960317 2
q11651943 0 16967650 2
q11651943 0 17012633 3
q11651943 0 17048841 2
q11651943 0 17149014 0
q11651943 0 17414478 3
q11651943 0 18958400 0
q11651943 0 19051517 0
q11651943 0 19051608 0
q11651943 0 19051636 0
q11651943 0 19051664 0
q11651943 0 19051685 0
q11651943 0 19051701 1
q11651943 0 19051731 1
q11651943 0 19051753 1
q11651943 0 19051780 1
q11651943 0 19051794 0
q12d3418b 0 1 0
q12d3418b 0 1635 3
q12d3418b 0 6421 0
q12d3418b 0 6422 0
q12d3418b 0 6423 0
q12d3418b 0 6424 0
q12d3418b 0 6425 0
q12d3418b 0 6426 0
q12d3418b 0 6427 0
q12d3418b 0 6428 0
q12d3418b 0 6429 0
q12d3418b 0 6430 0
q12d3418b 0 6431 0
q12d3418b 0 6432 0
q12d3418b 0 6433 0
q12d3418b 0 6434 0
q12d3418b 0 6435 0
q12d3418b 0 6436 0
q12d3418b 0 6437 0
q12d3418b 0 6438 0
q12d3418b 0 211423 0
q12d3418b 0 238279 1
q12d3418b 0 250859 0
q12d3418b 0 267737 1
q12d3418b 0 274063 0
q12d3418b 0 303447 0
q12d3418b 0 321536 0
q12d3418b 0 323519 2
q12d3418b 0 323521 0
q12d3418b 0 323650 2
q12d3418b 0 323666 2
q12d3418b 0 324834 0
q12d3418b 0 326376 0
q12d3418b 0 341109 3
q12d3418b 0 341110 3
q12d3418b 0 388194 0
q12d3418b 0 388798 0
q12d3418b 0 389215 0
q12d3418b 0 389339 0
q12d3418b 0 389373 0
q12d3418b 0 389888 0
q12d3418b 0 389961 3
q12d3418b 0 389970 0
q12d3418b 0 390014 0
q12d3418b 0 390133 0
q12d3418b 0 390143 0
q12d3418b 0 390395 0
q12d3418b 0 421854 3
q12d3418b 0 455433 3
q12d3418b 0 852047 0
q12d3418b 0 4396350 0
q12d3418b 0 7019593 0
q12d3418b 0 7431149 0
q12d3418b 0 10444996 0
q12d3418b 0 13423539 0
q12d3418b 0 13695384 0
q12d3418b 0 16875784 0
q12d3418b 0 16894755 0
q12d3418b 0 16913953 1
q12d3418b 0 16914293 1
q12d3418b 0 17051806 1
q12d3418b 0 17059657 1
q12d3418b 0 17071511 3
q12d3418b 0 17071858 2
q12d3418b 0 17072229 1
q12d3418b 0 17072446 2
q12d3418b 0 17149014 0
q12d3418b 0 18958400 0
q12d3418b 0 18977112 0
q12d3418b 0 19051517 0
q12d3418b 0 19051608 0
q12d3418b 0 19051636 0
q12d3418b 0 19051664 0
q12d3418b 0 19051685 0
q12d3418b 0 19051701 0
q12d3418b 0 19051731 0
q12d3418b 0 19051753 0
q12d3418b 0 19051780 0
q12d3418b 0 19051794 0
q1498a6e3 0 1 0
q1498a6e3 0 6421 0
q1498a6e3 0 6422 0
q1498a6e3 0 6423 0
q1498a6e3 0 6424 0
q1498a6e3 0 6425 0
q1498a6e3 0 6426 0
q1498a6e3 0 6427 0
q1498a6e3 0 6428 0
q1498a6e3 0 6429 0
q1498a6e3 0 6430 0
q1498a6e3 0 6431 0
q1498a6e3 0 6432 0
q1498a6e3 0 6433 0
q1498a6e3 0 6434 0
q1498a6e3 0 6435 0
q1498a6e3 0 6436 0
q1498a6e3 0 6437 0
q1498a6e3 0 6438 0
q1498a6e3 0 169339 3
q1498a6e3 0 169407 3
q1498a6e3 0 169408 3
q1498a6e3 0 169409 3
q1498a6e3 0 174883 2
q1498a6e3 0 177869 0
q1498a6e3 0 179162 1
q1498a6e3 0 179639 2
q1498a6e3 0 179915 2
q1498a6e3 0 181261 1
q1498a6e3 0 181579 2
q1498a6e3 0 183599 1
q1498a6e3 0 183922 3
q1498a6e3 0 184727 1
q1498a6e3 0 203536 0
q1498a6e3 0 209607 0
q1498a6e3 0 210059 0
q1498a6e3 0 211281 0
q1498a6e3 0 211650 0
q1498a6e3 0 233630 1
q1498a6e3 0 235072 0
q1498a6e3 0 236140 2
q1498a6e3 0 239209 1
q1498a6e3 0 239217 3
q1498a6e3 0 240405 1
q1498a6e3 0 245907 1
q1498a6e3 0 285068 1
q1498a6e3 0 285070 1
q1498a6e3 0 285102 2
q1498a6e3 0 285151 3
q1498a6e3 0 285263 2
q1498a6e3 0 285626 2
q1498a6e3 0 285731 3
q1498a6e3 0 285917 3
q1498a6e3 0 285921 3
q1498a6e3 0 285985 1
q1498a6e3 0 286202 3
q1498a6e3 0 304234 0
q1498a6e3 0 499193 0
q1498a6e3 0 499262 0
q1498a6e3 0 852047 0
q1498a6e3 0 4396350 0
q1498a6e3 0 7019593 0
q1498a6e3 0 7431149 0
q1498a6e3 0 10444996 0
q1498a6e3 0 13423539 0
q1498a6e3 0 13695384 0
q1498a6e3 0 16914136 0
q1498a6e3 0 16949868 1
q1498a6e3 0 16951060 1
q1498a6e3 0 16953767 2
q1498a6e3 0 17014731 1
q1498a6e3 0 17149014 1
q1498a6e3 0 18958400 1
q1498a6e3 0 19051517 0
q1498a6e3 0 19051608 0
q1498a6e3 0 19051636 0
q1498a6e3 0 19051664 0
q1498a6e3 0 19051685 0
q1498a6e3 0 19051701 0
q1498a6e3 0 19051731 0
q1498a6e3 0 19051753 0
q1498a6e3 0 19051780 0
q1498a6e3 0 19051794 0
q16909cde 0 1 0
q16909cde 0 6421 0
q16909cde 0 6422 0
q16909cde 0 6423 0
q16909cde 0 6424 0
q16909cde 0 6425 0
q16909cde 0 6426 0
q16909cde 0 6427 0
q16909cde 0 6428 0
q16909cde 0 6429 0
q16909cde 0 6430 0
q16909cde 0 6431 0
q16909cde 0 6432 0
q16909cde 0 6433 0
q16909cde 0 6434 0
q16909cde 0 6435 0
q16909cde 0 6436 0
q16909cde 0 6437 0
q16909cde 0 6438 0
q16909cde 0 392504 3
q16909cde 0 392514 3
q16909cde 0 392586 3
q16909cde 0 392826 3
q16909cde 0 393449 3
q16909cde 0 394056 3
q16909cde 0 394122 3
q16909cde 0 394750 3
q16909cde 0 394817 3
q16909cde 0 394916 3
q16909cde 0 395039 3
q16909cde 0 395089 3
q16909cde 0 395096 3
q16909cde 0 395105 3
q16909cde 0 395111 3
q16909cde 0 396436 3
q16909cde 0 396444 3
q16909cde 0 396707 3
q16909cde 0 397033 3
q16909cde 0 397039 3
q16909cde 0 397045 3
q16909cde 0 397061 3
q16909cde 0 397071 3
q16909cde 0 397229 3
q16909cde 0 397736 3
q16909cde 0 398511 3
q16909cde 0 398871 3
q16909cde 0 398879 3
q16909cde 0 398992 3
q16909cde 0 399000 3
q16909cde 0 399132 3
q16909cde 0 399220 3
q16909cde 0 399270 3
q16909cde 0 399411 3
q16909cde 0 399424 3
q16909cde 0 399878 3
q16909cde 0 400962 3
q16909cde 0 401042 3
q16909cde 0 852047 0
q16909cde 0 4396350 0
q16909cde 0 7019593 0
q16909cde 0 7431149 0
q16909cde 0 10444996 0
q16909cde 0 13423539 0
q16909cde 0 13695384 0
q16909cde 0 17050333 3
q16909cde 0 17149014 0
q16909cde 0 18958400 0
q16909cde 0 19051517 0
q16909cde 0 19051608 0
q16909cde 0 19051636 0
q16909cde 0 19051664 0
q16909cde 0 19051685 0
q16909cde 0 19051701 0
q16909cde 0 19051731 0
q16909cde 0 19051753 0
q16909cde 0 19051780 0
q16909cde 0 19051794 0
q16ba3d48 0 1 0
q16ba3d48 0 2 0
q16ba3d48 0 3 0
q16ba3d48 0 4534 0
q16ba3d48 0 4578 0
q16ba3d48 0 6421 0
q16ba3d48 0 6422 0
q16ba3d48 0 6423 0
q16ba3d48 0 6424 0
q16ba3d48 0 6425 0
q16ba3d48 0 6426 0
q16ba3d48 0 6427 0
q16ba3d48 0 6428 0
q16ba3d48 0 6429 0
q16ba3d48 0 6430 0
q16ba3d48 0 6431 0
q16ba3d48 0 6432 0
q16ba3d48 0 6433 0
q16ba3d48 0 6434 0
q16ba3d48 0 6435 0
q16ba3d48 0 6436 0
q16ba3d48 0 6437 0
q16ba3d48 0 6438 0
q16ba3d48 0 9029 0
q16ba3d48 0 9509 0
q16ba3d48 0 9510 0
q16ba3d48 0 9511 0
q16ba3d48 0 9512 0
q16ba3d48 0 9513 0
q16ba3d48 0 9887 1
q16ba3d48 0 9888 1
q16ba3d48 0 9889 1
q16ba3d48 0 9890 1
q16ba3d48 0 9891 1
q16ba3d48 0 9892 1
q16ba3d48 0 9893 1
q16ba3d48 0 9894 1
q16ba3d48 0 9895 1
q16ba3d48 0 9896 1
q16ba3d48 0 9897 1
q16ba3d48 0 9898 1
q16ba3d48 0 172950 0
q16ba3d48 0 184106 1
q16ba3d48 0 312302 0
q16ba3d48 0 370051 0
q16ba3d48 0 389068 0
q16ba3d48 0 395396 0
q16ba3d48 0 395405 0
q16ba3d48 0 470999 2
q16ba3d48 0 472619 0
q16ba3d48 0 472657 0
q16ba3d48 0 473664 3
q16ba3d48 0 473698 3
q16ba3d48 0 473711 3
q16ba3d48 0 473729 3
q16ba3d48 0 473753 3
q16ba3d48 0 473754 3
q16ba3d48 0 473911 0
q16ba3d48 0 474368 0
q16ba3d48 0 474507 0
q16ba3d48 0 474539 1
q16ba3d48 0 474651 1
q16ba3d48 0 474818 1
q16ba3d48 0 475025 1
q16ba3d48 0 475342 0
q16ba3d48 0 475368 1
q16ba3d48 0 475372 3
q16ba3d48 0 478544 1
q16ba3d48 0 478633 1
q16ba3d48 0 478714 1
q16ba3d48 0 478720 1
q16ba3d48 0 478767 1
q16ba3d48 0 478771 1
q16ba3d48 0 478775 1
q16ba3d48 0 478778 1
q16ba3d48 0 478782 1
q16ba3d48 0 479059 1
q16ba3d48 0 479080 3
q16ba3d48 0 479135 1
q16ba3d48 0 479138 1
q16ba3d48 0 479142 1
q16ba3d48 0 852047 0
q16ba3d48 0 7019593 0
q16ba3d48 0 7431149 0
q16ba3d48 0 10444996 0
q16ba3d48 0 13423539 0
q16ba3d48 0 13695384 0
q16ba3d48 0 16877999 1
q16ba3d48 0 16884487 1
q16ba3d48 0 16913370 1
q16ba3d48 0 16913974 1
q16ba3d48 0 16915963 1
q16ba3d48 0 16965932 2
q16ba3d48 0 16968097 3
q16ba3d48 0 17019958 1
q16ba3d48 0 17446213 1
q16ba3d48 0 18823372 1
q16ba3d48 0 18958400 0
q16ba3d48 0 19051517 0
q16ba3d48 0 19051608 0
q16ba3d48 0 19051636 0
q16ba3d48 0 19051664 0
q16ba3d48 0 19051685 0
q16ba3d48 0 19051701 0
q16ba3d48 0 19051731 0
q16ba3d48 0 19051753 0
q16ba3d48 0 19051780 0
q16ba3d48 0 19051794 0
q175cedb4 0 1 0
q175cedb4 0 6421 0
q175cedb4 0 6422 0
q175cedb4 0 6423 0
q175cedb4 0 6424 0
q175cedb4 0 6425 0
q175cedb4 0 6426 0
q175cedb4 0 6427 0
q175cedb4 0 6428 0
q175cedb4 0 6429 0
q175cedb4 0 6430 0
q175cedb4 0 6431 0
q175cedb4 0 6432 0
q175cedb4 0 6433 0
q175cedb4 0 6434 0
q175cedb4 0 6435 0
q175cedb4 0 6436 0
q175cedb4 0 6437 0
q175cedb4 0 6438 0
q175cedb4 0 342098 3
q175cedb4 0 342982 3
q175cedb4 0 343134 3
q175cedb4 0 343778 3
q175cedb4 0 344271 3
q175cedb4 0 344272 3
q175cedb4 0 344273 3
q175cedb4 0 344274 3
q175cedb4 0 344275 3
q175cedb4 0 344276 3
q175cedb4 0 344277 3
q175cedb4 0 344278 3
q175cedb4 0 344532 3
q175cedb4 0 344707 3
q175cedb4 0 345106 3
q175cedb4 0 345112 3
q175cedb4 0 345247 3
q175cedb4 0 345551 3
q175cedb4 0 345552 3
q175cedb4 0 345562 3
q175cedb4 0 345565 3
q175cedb4 0 345566 3
q175cedb4 0 345877 3
q175cedb4 0 346076 3
q175cedb4 0 346109 3
q175cedb4 0 346145 3
q175cedb4 0 346565 3
q175cedb4 0 346598 3
q175cedb4 0 346701 3
q175cedb4 0 346735 3
q175cedb4 0 346747 3
q175cedb4 0 347814 3
q175cedb4 0 348016 3
q175cedb4 0 348857 3
q175cedb4 0 349002 3
q175cedb4 0 349006 3
q175cedb4 0 349008 3
q175cedb4 0 349090 3
q175cedb4 0 349142 3
q175cedb4 0 349222 3
q175cedb4 0 349228 3
q175cedb4 0 852047 0
q175cedb4 0 4396350 0
q175cedb4 0 7019593 0
q175cedb4 0 7431149 0
q175cedb4 0 10444996 0
q175cedb4 0 13423539 0
q175cedb4 0 13695384 0
q175cedb4 0 17149014 0
q175cedb4 0 18958400 0
q175cedb4 0 19051517 0
q175cedb4 0 19051608 0
q175cedb4 0 19051636 0
q175cedb4 0 19051664 0
q175cedb4 0 19051685 0
q175cedb4 0 19051701 0
q175cedb4 0 19051731 0
q175cedb4 0 19051753 0
q175cedb4 0 19051780 0
q175cedb4 0 19051794 0
q1965672d 0 1 0
q1965672d 0 6421 0
q1965672d 0 6422 0
q1965672d 0 6423 0
q1965672d 0 6424 0
q1965672d 0 6425 0
q1965672d 0 6426 0
q1965672d 0 6427 0
q1965672d 0 6428 0
q1965672d 0 6429 0
q1965672d 0 6430 0
q1965672d 0 6431 0
q1965672d 0 6432 0
q1965672d 0 6433 0
q1965672d 0 6434 0
q1965672d 0 6435 0
q1965672d 0 6436 0
q1965672d 0 6437 0
q1965672d 0 6438 0
q1965672d 0 181877 1
q1965672d 0 181949 3
q1965672d 0 183623 3
q1965672d 0 184100 1
q1965672d 0 184108 3
q1965672d 0 186791 0
q1965672d 0 186950 3
q1965672d 0 187152 2
q1965672d 0 187667 3
q1965672d 0 187674 2
q1965672d 0 188171 2
q1965672d 0 188281 3
q1965672d 0 188789 2
q1965672d 0 192339 1
q1965672d 0 192838 3
q1965672d 0 193392 2
q1965672d 0 248050 1
q1965672d 0 418464 1
q1965672d 0 420525 3
q1965672d 0 457138 1
q1965672d 0 458608 3
q1965672d 0 459046 3
q1965672d 0 461776 3
q1965672d 0 462888 3
q1965672d 0 463363 3
q1965672d 0 463549 2
q1965672d 0 465206 3
q1965672d 0 465984 3
q1965672d 0 467332 0
q1965672d 0 467394 0
q1965672d 0 467443 1
q1965672d 0 467448 2
q1965672d 0 529588 3
q1965672d 0 529639 3
q1965672d 0 543306 1
q1965672d 0 852047 0
q1965672d 0 4396350 0
q1965672d 0 7019593 0
q1965672d 0 7431149 0
q1965672d 0 10444996 0
q1965672d 0 13423539 0
q1965672d 0 13695384 0
q1965672d 0 16861555 3
q1965672d 0 16862357 1
q1965672d 0 16862395 1
q1965672d 0 17015896 2
q1965672d 0 17016580 2
q1965672d 0 17019131 0
q1965672d 0 17149014 0
q1965672d 0 18917732 2
q1965672d 0 18958400 0
q1965672d 0 19051517 0
q1965672d 0 19051608 0
q1965672d 0 19051636 0
q1965672d 0 19051664 0
q1965672d 0 19051685 0
q1965672d 0 19051701 0
q1965672d 0 19051731 0
q1965672d 0 19051753 0
q1965672d 0 19051780 0
q1965672d 0 19051794 0
q1a06a6a0 0 1 0
q1a06a6a0 0 6421 0
q1a06a6a0 0 6422 0
q1a06a6a0 0 6423 0
q1a06a6a0 0 6424 0
q1a06a6a0 0 6425 0
q1a06a6a0 0 6426 0
q1a06a6a0 0 6427 0
q1a06a6a0 0 6428 0
q1a06a6a0 0 6429 0
q1a06a6a0 0 6430 0
q1a06a6a0 0 6431 0
q1a06a6a0 0 6432 0
q1a06a6a0 0 6433 0
q1a06a6a0 0 6434 0
q1a06a6a0 0 6435 0
q1a06a6a0 0 6436 0
q1a06a6a0 0 6437 0
q1a06a6a0 0 6438 0
q1a06a6a0 0 36228 0
q1a06a6a0 0 36230 0
q1a06a6a0 0 36232 0
q1a06a6a0 0 36234 0
q1a06a6a0 0 36236 0
q1a06a6a0 0 36239 0
q1a06a6a0 0 36240 0
q1a06a6a0 0 36243 0
q1a06a6a0 0 36245 0
q1a06a6a0 0 36247 0
q1a06a6a0 0 36249 0
q1a06a6a0 0 36251 0
q1a06a6a0 0 36253 0
q1a06a6a0 0 36255 0
q1a06a6a0 0 36257 0
q1a06a6a0 0 36259 0
q1a06a6a0 0 36261 0
q1a06a6a0 0 36263 0
q1a06a6a0 0 36265 0
q1a06a6a0 0 36267 0
q1a06a6a0 0 353449 3
q1a06a6a0 0 353494 3
q1a06a6a0 0 354126 3
q1a06a6a0 0 354173 3
q1a06a6a0 0 354205 3
q1a06a6a0 0 354217 3
q1a06a6a0 0 354221 3
q1a06a6a0 0 354282 3
q1a06a6a0 0 354355 3
q1a06a6a0 0 354401 3
q1a06a6a0 0 354402 3
q1a06a6a0 0 354403 3
q1a06a6a0 0 354406 3
q1a06a6a0 0 354410 3
q1a06a6a0 0 354411 3
q1a06a6a0 0 354412 3
q1a06a6a0 0 354425 3
q1a06a6a0 0 354436 3
q1a06a6a0 0 354437 3
q1a06a6a0 0 354441 3
q1a06a6a0 0 354451 3
q1a06a6a0 0 354460 3
q1a06a6a0 0 354472 3
q1a06a6a0 0 354484 3
q1a06a6a0 0 354537 3
q1a06a6a0 0 354544 3
q1a06a6a0 0 354552 3
q1a06a6a0 0 354589 3
q1a06a6a0 0 354933 3
q1a06a6a0 0 354961 3
q1a06a6a0 0 355019 3
q1a06a6a0 0 355496 3
q1a06a6a0 0 355528 3
q1a06a6a0 0 355629 3
q1a06a6a0 0 355654 3
q1a06a6a0 0 355681 3
q1a06a6a0 0 355733 3
q1a06a6a0 0 355745 3
q1a06a6a0 0 358240 3
q1a06a6a0 0 358248 3
q1a06a6a0 0 358298 3
q1a06a6a0 0 358342 3
q1a06a6a0 0 358376 3
q1a06a6a0 0 358412 3
q1a06a6a0 0 379589 0
q1a06a6a0 0 852047 0
q1a06a6a0 0 4396350 0
q1a06a6a0 0 7019593 0
q1a06a6a0 0 7431149 0
q1a06a6a0 0 10444996 0
q1a06a6a0 0 13423539 0
q1a06a6a0 0 13695384 0
q1a06a6a0 0 16989926 1
q1a06a6a0 0 17149014 0
q1a06a6a0 0 18958400 0
q1a06a6a0 0 19051517 0
q1a06a6a0 0 19051608 0
q1a06a6a0 0 19051636 0
q1a06a6a0 0 19051664 0
q1a06a6a0 0 19051685 0
q1a06a6a0 0 19051701 0
q1a06a6a0 0 19051731 0
q1a06a6a0 0 19051753 0
q1a06a6a0 0 19051780 0
q1a06a6a0 0 19051794 0
q1a06a6a0 0 19446467 0
q1d5f0d76 0 1 0
q1d5f0d76 0 6421 0
q1d5f0d76 0 6422 0
q1d5f0d76 0 6423 0
q1d5f0d76 0 6424 0
q1d5f0d76 0 6425 0
q1d5f0d76 0 6426 0
q1d5f0d76 0 6427 0
q1d5f0d76 0 6428 0
q1d5f0d76 0 6429 0
q1d5f0d76 0 6430 0
q1d5f0d76 0 6431 0
q1d5f0d76 0 6432 0
q1d5f0d76 0 6433 0
q1d5f0d76 0 6434 0
q1d5f0d76 0 6435 0
q1d5f0d76 0 6436 0
q1d5f0d76 0 6437 0
q1d5f0d76 0 6438 0
q1d5f0d76 0 178966 1
q1d5f0d76 0 333026 0
q1d5f0d76 0 333041 0
q1d5f0d76 0 335124 1
q1d5f0d76 0 428324 0
q1d5f0d76 0 473541 1
q1d5f0d76 0 473861 0
q1d5f0d76 0 473870 1
q1d5f0d76 0 474195 0
q1d5f0d76 0 474277 0
q1d5f0d76 0 474336 0
q1d5f0d76 0 474349 0
q1d5f0d76 0 474419 0
q1d5f0d76 0 474430 0
q1d5f0d76 0 474439 0
q1d5f0d76 0 475452 0
q1d5f0d76 0 475597 0
q1d5f0d76 0 475641 0
q1d5f0d76 0 475669 0
q1d5f0d76 0 499492 0
q1d5f0d76 0 852047 0
q1d5f0d76 0 4396350 0
q1d5f0d76 0 7019593 0
q1d5f0d76 0 7431149 0
q1d5f0d76 0 10444996 0
q1d5f0d76 0 13423539 0
q1d5f0d76 0 13695384 0
q1d5f0d76 0 16894908 0
q1d5f0d76 0 16999891 0
q1d5f0d76 0 16999923 0
q1d5f0d76 0 16999946 0
q1d5f0d76 0 16999984 0
q1d5f0d76 0 17000184 0
q1d5f0d76 0 17000253 0
q1d5f0d76 0 17001670 0
q1d5f0d76 0 17002970 0
q1d5f0d76 0 17003681 0
q1d5f0d76 0 17010276 0
q1d5f0d76 0 17011625 0
q1d5f0d76 0 17012566 0
q1d5f0d76 0 17012801 0
q1d5f0d76 0 17014245 0
q1d5f0d76 0 17014379 0
q1d5f0d76 0 17014521 0
q1d5f0d76 0 17014532 0
q1d5f0d76 0 17014850 0
q1d5f0d76 0 17015400 0
q1d5f0d76 0 17149014 0
q1d5f0d76 0 18958400 0
q1d5f0d76 0 19051517 0
q1d5f0d76 0 19051608 0
q1d5f0d76 0 19051636 0
q1d5f0d76 0 19051664 0
q1d5f0d76 0 19051685 0
q1d5f0d76 0 19051701 0
q1d5f0d76 0 19051731 0
q1d5f0d76 0 19051753 0
q1d5f0d76 0 19051780 0
q1d5f0d76 0 19051794 0
q1daa7038 0 6964 0
q1daa7038 0 11063 1
q1daa7038 0 11064 2
q1daa7038 0 11065 2
q1daa7038 0 11067 2
q1daa7038 0 11068 2
q1daa7038 0 225436 1
q1daa7038 0 231200 0
q1daa7038 0 233408 1
q1daa7038 0 239181 0
q1daa7038 0 842144 1
q1daa7038 0 3152138 0
q1daa7038 0 4423163 1
q1daa7038 0 7431097 3
q1daa7038 0 7838199 1
q1daa7038 0 12232143 1
q1daa7038 0 13686798 2
q1daa7038 0 13711396 1
q1daa7038 0 13931829 0
q1daa7038 0 14392140 1
q1daa7038 0 15760226 1
q1daa7038 0 16470669 0
q1daa7038 0 16847552 0
q1daa7038 0 16847898 0
q1daa7038 0 17059956 2
q1daa7038 0 17059970 2
q1daa7038 0 17059977 1
q1daa7038 0 17059984 1
q1daa7038 0 17059997 2
q1daa7038 0 17060002 2
q1daa7038 0 17060023 2
q1daa7038 0 17067011 2
q1daa7038 0 17067017 2
q1daa7038 0 17067026 2
q1daa7038 0 17137423 1
q1daa7038 0 17165972 2
q1daa7038 0 17183442 1
q1daa7038 0 17244736 2
q1daa7038 0 18825505 0
q1daa7038 0 18998793 2
q1daa7038 0 18998858 2
q1daa7038 0 18998893 2
q1daa7038 0 18998931 1
q1daa7038 0 18998985 1
q1daa7038 0 18999013 2
q1daa7038 0 18999041 2
q1daa7038 0 18999057 2
q1daa7038 0 18999106 2
q1daa7038 0 19010678 1
q1daa7038 0 19055967 3
q1daa7038 0 19113000 3
q1daa7038 0 19146619 1
q1daa7038 0 19146741 1
q1daa7038 0 19146880 1
q1daa7038 0 19147052 1
q1daa7038 0 19147102 1
q1daa7038 0 19147111 1
q1daa7038 0 19147395 1
q1daa7038 0 19147436 1
q1daa7038 0 19147449 1
q1daa7038 0 19147625 1
q1daa7038 0 19325414 0
q1daa7038 0 19391697 0
q21610366 0 1 0
q21610366 0 6421 0
q21610366 0 6422 0
q21610366 0 6423 0
q21610366 0 6424 0
q21610366 0 6425 0
q21610366 0 6426 0
q21610366 0 6427 0
q21610366 0 6428 0
q21610366 0 6429 0
q21610366 0 6430 0
q21610366 0 6431 0
q21610366 0 6432 0
q21610366 0 6433 0
q21610366 0 6434 0
q21610366 0 6435 0
q21610366 0 6436 0
q21610366 0 6437 0
q21610366 0 6438 0
q21610366 0 43646 1
q21610366 0 43688 1
q21610366 0 250697 0
q21610366 0 304459 0
q21610366 0 304461 0
q21610366 0 324172 0
q21610366 0 324191 0
q21610366 0 361484 0
q21610366 0 384278 0
q21610366 0 389005 1
q21610366 0 389061 0
q21610366 0 393225 0
q21610366 0 394991 0
q21610366 0 395000 0
q21610366 0 395033 0
q21610366 0 395157 0
q21610366 0 395309 0
q21610366 0 395600 1
q21610366 0 395718 0
q21610366 0 395897 1
q21610366 0 414166 2
q21610366 0 414493 2
q21610366 0 414799 2
q21610366 0 415923 0
q21610366 0 416783 1
q21610366 0 454298 0
q21610366 0 463087 3
q21610366 0 465420 0
q21610366 0 479707 0
q21610366 0 524353 0
q21610366 0 530489 0
q21610366 0 538595 0
q21610366 0 852047 0
q21610366 0 4396350 0
q21610366 0 7019593 0
q21610366 0 7431149 1
q21610366 0 10444996 0
q21610366 0 13423539 0
q21610366 0 13695384 0
q21610366 0 16928160 2
q21610366 0 16928443 2
q21610366 0 16941125 0
q21610366 0 16945406 0
q21610366 0 16947927 0
q21610366 0 17035627 0
q21610366 0 17149014 0
q21610366 0 17427817 3
q21610366 0 17428012 2
q21610366 0 17428640 2
q21610366 0 17428816 2
q21610366 0 17430638 2
q21610366 0 17431652 0
q21610366 0 18958400 0
q21610366 0 19051517 0
q21610366 0 19051608 0
q21610366 0 19051636 0
q21610366 0 19051664 0
q21610366 0 19051685 0
q21610366 0 19051701 0
q21610366 0 19051731 0
q21610366 0 19051753 0
q21610366 0 19051780 0
q21610366 0 19051794 0
q2542ce52 0 1 0
q2542ce52 0 6421 0
q2542ce52 0 6422 0
q2542ce52 0 6423 0
q2542ce52 0 6424 0
q2542ce52 0 6425 0
q2542ce52 0 6426 0
q2542ce52 0 6427 0
q2542ce52 0 6428 0
q2542ce52 0 6429 0
q2542ce52 0 6430 0
q2542ce52 0 6431 0
q2542ce52 0 6432 0
q2542ce52 0 6433 0
q2542ce52 0 6434 0
q2542ce52 0 6435 0
q2542ce52 0 6436 0
q2542ce52 0 6437 0
q2542ce52 0 6438 0
q2542ce52 0 10337 1
q2542ce52 0 10338 1
q2542ce52 0 10339 2
q2542ce52 0 10340 1
q2542ce52 0 10341 1
q2542ce52 0 10342 2
q2542ce52 0 10343 1
q2542ce52 0 10344 2
q2542ce52 0 10345 1
q2542ce52 0 10346 1
q2542ce52 0 10347 1
q2542ce52 0 10348 1
q2542ce52 0 10349 2
q2542ce52 0 10350 0
q2542ce52 0 10351 1
q2542ce52 0 10352 1
q2542ce52 0 10353 1
q2542ce52 0 10354 1
q2542ce52 0 10355 1
q2542ce52 0 193043 3
q2542ce52 0 193064 3
q2542ce52 0 228198 3
q2542ce52 0 237591 1
q2542ce52 0 237866 1
q2542ce52 0 238313 1
q2542ce52 0 252362 3
q2542ce52 0 252385 2
q2542ce52 0 257725 3
q2542ce52 0 316693 1
q2542ce52 0 316758 2
q2542ce52 0 321643 2
q2542ce52 0 323618 0
q2542ce52 0 324881 0
q2542ce52 0 324902 1
q2542ce52 0 349579 1
q2542ce52 0 349700 0
q2542ce52 0 351661 1
q2542ce52 0 361396 1
q2542ce52 0 371092 0
q2542ce52 0 383328 2
q2542ce52 0 383332 2
q2542ce52 0 383433 2
q2542ce52 0 434761 2
q2542ce52 0 437424 3
q2542ce52 0 437760 2
q2542ce52 0 437824 1
q2542ce52 0 437836 1
q2542ce52 0 449454 3
q2542ce52 0 450374 2
q2542ce52 0 450451 1
q2542ce52 0 450891 1
q2542ce52 0 450911 2
q2542ce52 0 451849 2
q2542ce52 0 452647 3
q2542ce52 0 453449 1
q2542ce52 0 454452 3
q2542ce52 0 455520 0
q2542ce52 0 455576 0
q2542ce52 0 852047 0
q2542ce52 0 902215 1
q2542ce52 0 4396350 0
q2542ce52 0 7019593 0
q2542ce52 0 7431149 1
q2542ce52 0 10444996 0
q2542ce52 0 13423539 0
q2542ce52 0 13695384 0
q2542ce52 0 16878725 1
q2542ce52 0 16887482 0
q2542ce52 0 16887978 1
q2542ce52 0 16899548 1
q2542ce52 0 16899562 2
q2542ce52 0 16899828 1
q2542ce52 0 16900774 2
q2542ce52 0 16900863 2
q2542ce52 0 16900971 2
q2542ce52 0 16924078 2
q2542ce52 0 16948518 3
q2542ce52 0 16949633 2
q2542ce52 0 16949812 2
q2542ce52 0 16951230 3
q2542ce52 0 17149014 0
q2542ce52 0 17418481 3
q2542ce52 0 17419307 1
q2542ce52 0 17419643 1
q2542ce52 0 17421395 3
q2542ce52 0 17431919 2
q2542ce52 0 17433005 2
q2542ce52 0 18958400 0
q2542ce52 0 19051517 0
q2542ce52 0 19051608 0
q2542ce52 0 19051636 0
q2542ce52 0 19051664 0
q2542ce52 0 19051685 0
q2542ce52 0 19051701 1
q2542ce52 0 19051731 0
q2542ce52 0 19051753 0
q2542ce52 0 19051780 0
q2542ce52 0 19051794 0
q2542ce52 0 19405948 1
q2542ce52 0 19405951 2
q2542ce52 0 19405954 1
q258db3fc 0 1 0
q258db3fc 0 6421 0
q258db3fc 0 6422 0
q258db3fc 0 6423 0
q258db3fc 0 6424 0
q258db3fc 0 6425 0
q258db3fc 0 6426 0
q258db3fc 0 6427 0
q258db3fc 0 6428 0
q258db3fc 0 6429 0
q258db3fc 0 6430 0
q258db3fc 0 6431 0
q258db3fc 0 6432 0
q258db3fc 0 6433 0
q258db3fc 0 6434 0
q258db3fc 0 6435 0
q258db3fc 0 6436 0
q258db3fc 0 6437 0
q258db3fc 0 6438 0
q258db3fc 0 10210 3
q258db3fc 0 173453 3
q258db3fc 0 181290 1
q258db3fc 0 233704 1
q258db3fc 0 246039 0
q258db3fc 0 297231 0
q258db3fc 0 297241 1
q258db3fc 0 297356 0
q258db3fc 0 297391 3
q258db3fc 0 297689 0
q258db3fc 0 297696 0
q258db3fc 0 297769 0
q258db3fc 0 297778 2
q258db3fc 0 297782 1
q258db3fc 0 298022 3
q258db3fc 0 298072 3
q258db3fc 0 298104 1
q258db3fc 0 298132 3
q258db3fc 0 298304 3
q258db3fc 0 298472 2
q258db3fc 0 298501 1
q258db3fc 0 298558 1
q258db3fc 0 298752 1
q258db3fc 0 298834 1
q258db3fc 0 299010 3
q258db3fc 0 299034 3
q258db3fc 0 299109 3
q258db3fc 0 299146 3
q258db3fc 0 299252 3
q258db3fc 0 299307 3
q258db3fc 0 304324 0
q258db3fc 0 304326 0
q258db3fc 0 371286 2
q258db3fc 0 371888 3
q258db3fc 0 383148 0
q258db3fc 0 389811 1
q258db3fc 0 852047 0
q258db3fc 0 4396350 0
q258db3fc 0 7019593 0
q258db3fc 0 7431149 0
q258db3fc 0 10444996 0
q258db3fc 0 13423539 0
q258db3fc 0 13695384 0
q258db3fc 0 16886823 1
q258db3fc 0 16887220 2
q258db3fc 0 16887941 1
q258db3fc 0 16888013 1
q258db3fc 0 16888312 1
q258db3fc 0 16888376 1
q258db3fc 0 16888461 3
q258db3fc 0 16888651 1
q258db3fc 0 16891946 1
q258db3fc 0 16945333 1
q258db3fc 0 16945887 1
q258db3fc 0 16946255 1
q258db3fc 0 16946830 1
q258db3fc 0 16949168 1
q258db3fc 0 16950808 1
q258db3fc 0 16981544 1
q258db3fc 0 17149014 0
q258db3fc 0 18958400 0
q258db3fc 0 19051517 1
q258db3fc 0 19051608 0
q258db3fc 0 19051636 0
q258db3fc 0 19051664 0
q258db3fc 0 19051685 0
q258db3fc 0 19051701 0
q258db3fc 0 19051731 0
q258db3fc 0 19051753 0
q258db3fc 0 19051780 0
q258db3fc 0 19051794 0
q2b263643 0 1 0
q2b263643 0 6421 0
q2b263643 0 6422 0
q2b263643 0 6423 0
q2b263643 0 6424 0
q2b263643 0 6425 0
q2b263643 0 6426 0
q2b263643 0 6427 0
q2b263643 0 6428 0
q2b263643 0 6429 0
q2b263643 0 6430 0
q2b263643 0 6431 0
q2b263643 0 6432 0
q2b263643 0 6433 0
q2b263643 0 6434 0
q2b263643 0 6435 0
q2b263643 0 6436 0
q2b263643 0 6437 0
q2b263643 0 6438 0
q2b263643 0 94463 1
q2b263643 0 98226 3
q2b263643 0 188814 0
q2b263643 0 190637 2
q2b263643 0 191488 0
q2b263643 0 195383 0
q2b263643 0 234036 1
q2b263643 0 234110 3
q2b263643 0 234560 0
q2b263643 0 235483 0
q2b263643 0 303514 0
q2b263643 0 303538 0
q2b263643 0 304632 0
q2b263643 0 304707 0
q2b263643 0 311089 2
q2b263643 0 311110 0
q2b263643 0 311142 0
q2b263643 0 311163 1
q2b263643 0 311180 0
q2b263643 0 374447 3
q2b263643 0 376342 0
q2b263643 0 379003 0
q2b263643 0 379711 1
q2b263643 0 537237 3
q2b263643 0 540851 2
q2b263643 0 852047 0
q2b263643 0 4396350 0
q2b263643 0 7019593 0
q2b263643 0 7431149 0
q2b263643 0 10444996 0
q2b263643 0 13423539 0
q2b263643 0 13695384 0
q2b263643 0 16883490 2
q2b263643 0 16988966 3
q2b263643 0 16988969 3
q2b263643 0 16989737 3
q2b263643 0 17149014 0
q2b263643 0 18958400 0
q2b263643 0 19051517 0
q2b263643 0 19051608 0
q2b263643 0 19051636 0
q2b263643 0 19051664 0
q2b263643 0 19051685 0
q2b263643 0 19051701 0
q2b263643 0 19051731 0
q2b263643 0 19051753 0
q2b263643 0 19051780 0
q2b263643 0 19051794 0
q2b75320d 0 1 0
q2b75320d 0 6421 0
q2b75320d 0 6422 0
q2b75320d 0 6423 0
q2b75320d 0 6424 0
q2b75320d 0 6425 0
q2b75320d 0 6426 0
q2b75320d 0 6427 0
q2b75320d 0 6428 0
q2b75320d 0 6429 0
q2b75320d 0 6430 0
q2b75320d 0 6431 0
q2b75320d 0 6432 0
q2b75320d 0 6433 0
q2b75320d 0 6434 0
q2b75320d 0 6435 0
q2b75320d 0 6436 0
q2b75320d 0 6437 0
q2b75320d 0 6438 0
q2b75320d 0 14412 3
q2b75320d 0 181088 0
q2b75320d 0 192345 1
q2b75320d 0 211710 0
q2b75320d 0 255792 3
q2b75320d 0 353721 3
q2b75320d 0 354532 1
q2b75320d 0 354703 2
q2b75320d 0 354745 1
q2b75320d 0 354762 1
q2b75320d 0 354771 2
q2b75320d 0 356077 1
q2b75320d 0 356763 1
q2b75320d 0 416022 3
q2b75320d 0 433306 3
q2b75320d 0 435332 3
q2b75320d 0 457390 1
q2b75320d 0 457400 0
q2b75320d 0 457410 1
q2b75320d 0 457411 1
q2b75320d 0 459682 2
q2b75320d 0 460117 2
q2b75320d 0 462578 3
q2b75320d 0 467226 1
q2b75320d 0 467931 2
q2b75320d 0 469100 3
q2b75320d 0 538792 0
q2b75320d 0 538806 0
q2b75320d 0 538851 0
q2b75320d 0 538873 0
q2b75320d 0 539081 1
q2b75320d 0 852047 1
q2b75320d 0 4396350 1
q2b75320d 0 7019593 0
q2b75320d 0 7431149 0
q2b75320d 0 10444996 0
q2b75320d 0 13423539 0
q2b75320d 0 13686692 0
q2b75320d 0 13695384 0
q2b75320d 0 16857380 1
q2b75320d 0 16873213 2
q2b75320d 0 16883346 0
q2b75320d 0 16914197 3
q2b75320d 0 16914729 3
q2b75320d 0 16919934 3
q2b75320d 0 16927021 3
q2b75320d 0 16999565 3
q2b75320d 0 17015444 3
q2b75320d 0 17035604 3
q2b75320d 0 17036339 2
q2b75320d 0 17149014 1
q2b75320d 0 17422555 3
q2b75320d 0 17422585 3
q2b75320d 0 18958400 0
q2b75320d 0 19051517 0
q2b75320d 0 19051608 0
q2b75320d 0 19051636 0
q2b75320d 0 19051664 0
q2b75320d 0 19051685 0
q2b75320d 0 19051701 0
q2b75320d 0 19051731 0
q2b75320d 0 19051753 0
q2b75320d 0 19051780 0
q2b75320d 0 19051794 0
q2bc65737 0 1 0
q2bc65737 0 6421 0
q2bc65737 0 6422 0
q2bc65737 0 6423 0
q2bc65737 0 6424 0
q2bc65737 0 6425 0
q2bc65737 0 6426 0
q2bc65737 0 6427 0
q2bc65737 0 6428 0
q2bc65737 0 6429 0
q2bc65737 0 6430 0
q2bc65737 0 6431 0
q2bc65737 0 6432 0
q2bc65737 0 6433 0
q2bc65737 0 6434 0
q2bc65737 0 6435 0
q2bc65737 0 6436 0
q2bc65737 0 6437 0
q2bc65737 0 6438 0
q2bc65737 0 10914 3
q2bc65737 0 10946 3
q2bc65737 0 235436 1
q2bc65737 0 240722 3
q2bc65737 0 256954 0
q2bc65737 0 256957 0
q2bc65737 0 256961 0
q2bc65737 0 256965 0
q2bc65737 0 256969 0
q2bc65737 0 256973 0
q2bc65737 0 256976 0
q2bc65737 0 256980 0
q2bc65737 0 256985 0
q2bc65737 0 256989 0
q2bc65737 0 256993 0
q2bc65737 0 256997 0
q2bc65737 0 257000 0
q2bc65737 0 257005 0
q2bc65737 0 257009 0
q2bc65737 0 257013 0
q2bc65737 0 257017 0
q2bc65737 0 257019 0
q2bc65737 0 257023 0
q2bc65737 0 259080 3
q2bc65737 0 344735 3
q2bc65737 0 379401 2
q2bc65737 0 421125 3
q2bc65737 0 442397 3
q2bc65737 0 450281 0
q2bc65737 0 450665 1
q2bc65737 0 456866 1
q2bc65737 0 457985 2
q2bc65737 0 458223 1
q2bc65737 0 459048 3
q2bc65737 0 459073 3
q2bc65737 0 460187 3
q2bc65737 0 461397 3
q2bc65737 0 461541 3
q2bc65737 0 461821 2
q2bc65737 0 462409 3
q2bc65737 0 462532 2
q2bc65737 0 463076 3
q2bc65737 0 463304 3
q2bc65737 0 463305 3
q2bc65737 0 463745 2
q2bc65737 0 464799 3
q2bc65737 0 464800 3
q2bc65737 0 467183 2
q2bc65737 0 467236 1
q2bc65737 0 467443 3
q2bc65737 0 852047 0
q2bc65737 0 1393410 0
q2bc65737 0 4396350 0
q2bc65737 0 7019593 0
q2bc65737 0 7431149 0
q2bc65737 0 10444996 0
q2bc65737 0 13423539 0
q2bc65737 0 13695384 0
q2bc65737 0 16861339 3
q2bc65737 0 16863984 2
q2bc65737 0 16882039 0
q2bc65737 0 16885075 3
q2bc65737 0 16909076 3
q2bc65737 0 16915292 3
q2bc65737 0 16927298 3
q2bc65737 0 16928960 3
q2bc65737 0 16954582 1
q2bc65737 0 17015251 0
q2bc65737 0 17015859 1
q2bc65737 0 17017084 3
q2bc65737 0 17017206 3
q2bc65737 0 17017921 1
q2bc65737 0 17018164 3
q2bc65737 0 17018744 2
q2bc65737 0 17019174 2
q2bc65737 0 17149014 0
q2bc65737 0 17432620 3
q2bc65737 0 17432626 3
q2bc65737 0 17433465 3
q2bc65737 0 17438933 1
q2bc65737 0 18821621 1
q2bc65737 0 18821650 1
q2bc65737 0 18821663 1
q2bc65737 0 18958400 0
q2bc65737 0 19051517 0
q2bc65737 0 19051608 0
q2bc65737 0 19051636 0
q2bc65737 0 19051664 0
q2bc65737 0 19051685 0
q2bc65737 0 19051701 0
q2bc65737 0 19051731 0
q2bc65737 0 19051753 0
q2bc65737 0 19051780 0
q2bc65737 0 19051794 0
q2be43ed8 0 1 0
q2be43ed8 0 6421 0
q2be43ed8 0 6422 0
q2be43ed8 0 6423 0
q2be43ed8 0 6424 0
q2be43ed8 0 6425 0
q2be43ed8 0 6426 0
q2be43ed8 0 6427 0
q2be43ed8 0 6428 0
q2be43ed8 0 6429 0
q2be43ed8 0 6430 0
q2be43ed8 0 6431 0
q2be43ed8 0 6432 0
q2be43ed8 0 6433 0
q2be43ed8 0 6434 0
q2be43ed8 0 6435 0
q2be43ed8 0 6436 0
q2be43ed8 0 6437 0
q2be43ed8 0 6438 0
q2be43ed8 0 180781 3
q2be43ed8 0 180782 3
q2be43ed8 0 180851 0
q2be43ed8 0 180854 0
q2be43ed8 0 180857 0
q2be43ed8 0 180860 0
q2be43ed8 0 180864 0
q2be43ed8 0 180866 0
q2be43ed8 0 180870 0
q2be43ed8 0 180872 0
q2be43ed8 0 180876 0
q2be43ed8 0 180879 0
q2be43ed8 0 180883 0
q2be43ed8 0 180885 0
q2be43ed8 0 180890 0
q2be43ed8 0 180896 0
q2be43ed8 0 180898 0
q2be43ed8 0 180901 0
q2be43ed8 0 180904 0
q2be43ed8 0 180907 0
q2be43ed8 0 180911 0
q2be43ed8 0 181847 3
q2be43ed8 0 184305 0
q2be43ed8 0 185952 3
q2be43ed8 0 185960 1
q2be43ed8 0 209801 2
q2be43ed8 0 210479 1
q2be43ed8 0 210485 1
q2be43ed8 0 211082 1
q2be43ed8 0 211212 1
q2be43ed8 0 211214 1
q2be43ed8 0 211222 1
q2be43ed8 0 211238 1
q2be43ed8 0 211382 0
q2be43ed8 0 211448 1
q2be43ed8 0 211471 1
q2be43ed8 0 211515 1
q2be43ed8 0 211593 2
q2be43ed8 0 211734 1
q2be43ed8 0 235824 3
q2be43ed8 0 250926 3
q2be43ed8 0 411463 3
q2be43ed8 0 413987 3
q2be43ed8 0 414135 3
q2be43ed8 0 415232 3
q2be43ed8 0 852047 0
q2be43ed8 0 4396350 0
q2be43ed8 0 7019593 0
q2be43ed8 0 7431149 0
q2be43ed8 0 10444996 0
q2be43ed8 0 12267169 0
q2be43ed8 0 13423539 0
q2be43ed8 0 13695384 0
q2be43ed8 0 16856524 3
q2be43ed8 0 16879018 3
q2be43ed8 0 16879105 3
q2be43ed8 0 16879221 3
q2be43ed8 0 16879380 3
q2be43ed8 0 16879610 3
q2be43ed8 0 16879729 3
q2be43ed8 0 16879731 3
q2be43ed8 0 16879798 3
q2be43ed8 0 16879882 3
q2be43ed8 0 16879942 3
q2be43ed8 0 16880017 3
q2be43ed8 0 16880023 3
q2be43ed8 0 16880139 3
q2be43ed8 0 16880388 3
q2be43ed8 0 16880421 3
q2be43ed8 0 16880437 3
q2be43ed8 0 16880468 3
q2be43ed8 0 16880475 3
q2be43ed8 0 16880586 3
q2be43ed8 0 16880765 3
q2be43ed8 0 16880890 3
q2be43ed8 0 16916330 3
q2be43ed8 0 16916732 3
q2be43ed8 0 16936388 3
q2be43ed8 0 16936445 3
q2be43ed8 0 16936833 3
q2be43ed8 0 16937599 3
q2be43ed8 0 16937631 3
q2be43ed8 0 16938228 3
q2be43ed8 0 16938975 3
q2be43ed8 0 16979635 3
q2be43ed8 0 17059712 3
q2be43ed8 0 17059716 3
q2be43ed8 0 17060322 3
q2be43ed8 0 17060326 3
q2be43ed8 0 17149014 0
q2be43ed8 0 17435521 3
q2be43ed8 0 18954875 1
q2be43ed8 0 18954897 1
q2be43ed8 0 18954910 2
q2be43ed8 0 18958400 0
q2be43ed8 0 19051517 0
q2be43ed8 0 19051608 0
q2be43ed8 0 19051636 0
q2be43ed8 0 19051664 0
q2be43ed8 0 19051685 0
q2be43ed8 0 19051701 0
q2be43ed8 0 19051731 0
q2be43ed8 0 19051753 0
q2be43ed8 0 19051780 0
q2be43ed8 0 19051794 0
q2c2edc0b 0 1 0
q2c2edc0b 0 3682 3
q2c2edc0b 0 3716 3
q2c2edc0b 0 3720 3
q2c2edc0b 0 3808 3
q2c2edc0b 0 3815 3
q2c2edc0b 0 3885 3
q2c2edc0b 0 3889 3
q2c2edc0b 0 3934 3
q2c2edc0b 0 3935 3
q2c2edc0b 0 3946 3
q2c2edc0b 0 3961 3
q2c2edc0b 0 4410 3
q2c2edc0b 0 4421 3
q2c2edc0b 0 4676 3
q2c2edc0b 0 4962 3
q2c2edc0b 0 4983 3
q2c2edc0b 0 5018 3
q2c2edc0b 0 5244 3
q2c2edc0b 0 5417 3
q2c2edc0b 0 6091 3
q2c2edc0b 0 6421 0
q2c2edc0b 0 6422 0
q2c2edc0b 0 6423 0
q2c2edc0b 0 6424 0
q2c2edc0b 0 6425 0
q2c2edc0b 0 6426 0
q2c2edc0b 0 6427 0
q2c2edc0b 0 6428 0
q2c2edc0b 0 6429 0
q2c2edc0b 0 6430 0
q2c2edc0b 0 6431 0
q2c2edc0b 0 6432 0
q2c2edc0b 0 6433 0
q2c2edc0b 0 6434 0
q2c2edc0b 0 6435 0
q2c2edc0b 0 6436 0
q2c2edc0b 0 6437 0
q2c2edc0b 0 6438 0
q2c2edc0b 0 178966 3
q2c2edc0b 0 333026 2
q2c2edc0b 0 333041 2
q2c2edc0b 0 335124 3
q2c2edc0b 0 349577 3
q2c2edc0b 0 428324 0
q2c2edc0b 0 438088 3
q2c2edc0b 0 473541 3
q2c2edc0b 0 473861 1
q2c2edc0b 0 474001 1
q2c2edc0b 0 474195 1
q2c2edc0b 0 474336 1
q2c2edc0b 0 474419 2
q2c2edc0b 0 474430 2
q2c2edc0b 0 474439 1
q2c2edc0b 0 475452 1
q2c2edc0b 0 475597 3
q2c2edc0b 0 475641 2
q2c2edc0b 0 475689 3
q2c2edc0b 0 499492 1
q2c2edc0b 0 852047 0
q2c2edc0b 0 4396350 0
q2c2edc0b 0 7019593 0
q2c2edc0b 0 7431149 0
q2c2edc0b 0 10444996 0
q2c2edc0b 0 13423539 0
q2c2edc0b 0 13695384 0
q2c2edc0b 0 17149014 0
q2c2edc0b 0 18958400 0
q2c2edc0b 0 19051517 0
q2c2edc0b 0 19051608 0
q2c2edc0b 0 19051636 0
q2c2edc0b 0 19051664 0
q2c2edc0b 0 19051685 0
q2c2edc0b 0 19051701 0
q2c2edc0b 0 19051731 0
q2c2edc0b 0 19051753 0
q2c2edc0b 0 19051780 0
q2c2edc0b 0 19051794 0
q2d152970 0 1 0
q2d152970 0 2 0
q2d152970 0 3 0
q2d152970 0 4 0
q2d152970 0 5 0
q2d152970 0 6 0
q2d152970 0 7 0
q2d152970 0 8 0
q2d152970 0 9 0
q2d152970 0 10 0
q2d152970 0 11 0
q2d152970 0 12 0
q2d152970 0 13 0
q2d152970 0 14 0
q2d152970 0 6421 0
q2d152970 0 6422 0
q2d152970 0 6423 0
q2d152970 0 6424 0
q2d152970 0 6425 0
q2d152970 0 6426 0
q2d152970 0 6427 0
q2d152970 0 6428 0
q2d152970 0 6429 0
q2d152970 0 6430 0
q2d152970 0 6431 0
q2d152970 0 6432 0
q2d152970 0 6433 0
q2d152970 0 6434 0
q2d152970 0 6435 0
q2d152970 0 6436 0
q2d152970 0 6437 0
q2d152970 0 6438 0
q2d152970 0 317636 3
q2d152970 0 317808 3
q2d152970 0 317812 3
q2d152970 0 317814 3
q2d152970 0 317816 3
q2d152970 0 317817 3
q2d152970 0 317873 3
q2d152970 0 317879 3
q2d152970 0 318088 3
q2d152970 0 319183 3
q2d152970 0 319475 3
q2d152970 0 319638 3
q2d152970 0 319646 3
q2d152970 0 320005 3
q2d152970 0 320046 3
q2d152970 0 320167 3
q2d152970 0 320178 3
q2d152970 0 320414 3
q2d152970 0 320471 3
q2d152970 0 320473 3
q2d152970 0 320995 3
q2d152970 0 321013 3
q2d152970 0 321024 3
q2d152970 0 321085 3
q2d152970 0 321115 3
q2d152970 0 321134 3
q2d152970 0 321137 3
q2d152970 0 321160 3
q2d152970 0 321172 3
q2d152970 0 321214 3
q2d152970 0 321239 3
q2d152970 0 321248 3
q2d152970 0 321269 3
q2d152970 0 321271 3
q2d152970 0 321278 3
q2d152970 0 321282 3
q2d152970 0 321301 3
q2d152970 0 321303 3
q2d152970 0 852047 0
q2d152970 0 4396350 0
q2d152970 0 7019593 0
q2d152970 0 7431149 0
q2d152970 0 10444996 0
q2d152970 0 13423539 0
q2d152970 0 13695384 0
q2d152970 0 17149014 0
q2d152970 0 18958400 0
q2d152970 0 19051517 0
q2d152970 0 19051608 0
q2d152970 0 19051636 0
q2d152970 0 19051664 0
q2d152970 0 19051685 0
q2d152970 0 19051701 0
q2d152970 0 19051731 0
q2d152970 0 19051753 0
q2d152970 0 19051780 0
q2d152970 0 19051794 0
q30ee85e7 0 1 0
q30ee85e7 0 6421 0
q30ee85e7 0 6422 0
q30ee85e7 0 6423 0
q30ee85e7 0 6424 0
q30ee85e7 0 6425 0
q30ee85e7 0 6426 0
q30ee85e7 0 6427 0
q30ee85e7 0 6428 0
q30ee85e7 0 6429 0
q30ee85e7 0 6430 0
q30ee85e7 0 6431 0
q30ee85e7 0 6432 0
q30ee85e7 0 6433 0
q30ee85e7 0 6434 0
q30ee85e7 0 6435 0
q30ee85e7 0 6436 0
q30ee85e7 0 6437 0
q30ee85e7 0 6438 0
q30ee85e7 0 275816 2
q30ee85e7 0 286939 3
q30ee85e7 0 286990 3
q30ee85e7 0 287092 3
q30ee85e7 0 287236 3
q30ee85e7 0 287324 3
q30ee85e7 0 287361 3
q30ee85e7 0 287480 3
q30ee85e7 0 287496 3
q30ee85e7 0 287522 3
q30ee85e7 0 287551 3
q30ee85e7 0 287587 3
q30ee85e7 0 287661 3
q30ee85e7 0 287678 3
q30ee85e7 0 287714 3
q30ee85e7 0 287767 3
q30ee85e7 0 287801 3
q30ee85e7 0 287802 3
q30ee85e7 0 288104 3
q30ee85e7 0 288108 3
q30ee85e7 0 288169 3
q30ee85e7 0 288186 3
q30ee85e7 0 288286 3
q30ee85e7 0 288503 3
q30ee85e7 0 288620 3
q30ee85e7 0 288643 3
q30ee85e7 0 288738 3
q30ee85e7 0 288865 3
q30ee85e7 0 288877 3
q30ee85e7 0 288892 3
q30ee85e7 0 288925 3
q30ee85e7 0 288930 3
q30ee85e7 0 289623 3
q30ee85e7 0 289625 3
q30ee85e7 0 289627 3
q30ee85e7 0 289739 3
q30ee85e7 0 289743 3
q30ee85e7 0 289861 3
q30ee85e7 0 290194 3
q30ee85e7 0 290217 3
q30ee85e7 0 290469 3
q30ee85e7 0 290667 3
q30ee85e7 0 290674 3
q30ee85e7 0 290677 3
q30ee85e7 0 292864 3
q30ee85e7 0 293213 3
q30ee85e7 0 852047 0
q30ee85e7 0 4396350 0
q30ee85e7 0 7019593 0
q30ee85e7 0 7431149 0
q30ee85e7 0 10444996 0
q30ee85e7 0 13423539 0
q30ee85e7 0 13695384 0
q30ee85e7 0 17149014 0
q30ee85e7 0 18958400 0
q30ee85e7 0 19051517 0
q30ee85e7 0 19051608 0
q30ee85e7 0 19051636 0
q30ee85e7 0 19051664 0
q30ee85e7 0 19051685 0
q30ee85e7 0 19051701 0
q30ee85e7 0 19051731 0
q30ee85e7 0 19051753 0
q30ee85e7 0 19051780 0
q30ee85e7 0 19051794 0
q3112434f 0 1 0
q3112434f 0 6421 0
q3112434f 0 6422 0
q3112434f 0 6423 0
q3112434f 0 6424 0
q3112434f 0 6425 0
q3112434f 0 6426 0
q3112434f 0 6427 0
q3112434f 0 6428 0
q3112434f 0 6429 0
q3112434f 0 6430 0
q3112434f 0 6431 0
q3112434f 0 6432 0
q3112434f 0 6433 0
q3112434f 0 6434 0
q3112434f 0 6435 0
q3112434f 0 6436 0
q3112434f 0 6437 0
q3112434f 0 6438 0
q3112434f 0 210105 0
q3112434f 0 210565 0
q3112434f 0 225963 0
q3112434f 0 240589 0
q3112434f 0 303589 0
q3112434f 0 304208 0
q3112434f 0 304248 0
q3112434f 0 304914 0
q3112434f 0 305205 0
q3112434f 0 313729 1
q3112434f 0 326362 0
q3112434f 0 333698 0
q3112434f 0 356349 1
q3112434f 0 356353 1
q3112434f 0 356356 1
q3112434f 0 356358 1
q3112434f 0 356361 1
q3112434f 0 356379 1
q3112434f 0 359918 2
q3112434f 0 359928 1
q3112434f 0 361486 0
q3112434f 0 393401 0
q3112434f 0 400743 1
q3112434f 0 426933 0
q3112434f 0 449793 2
q3112434f 0 475054 0
q3112434f 0 479375 0
q3112434f 0 480794 0
q3112434f 0 487960 0
q3112434f 0 499515 0
q3112434f 0 852047 0
q3112434f 0 4396350 0
q3112434f 0 7019593 0
q3112434f 0 7431149 0
q3112434f 0 10444996 0
q3112434f 0 13423539 0
q3112434f 0 13695384 0
q3112434f 0 16890440 0
q3112434f 0 16899267 3
q3112434f 0 16899550 2
q3112434f 0 16899859 3
q3112434f 0 16900640 0
q3112434f 0 16901088 0
q3112434f 0 16901406 2
q3112434f 0 16901509 1
q3112434f 0 16901660 0
q3112434f 0 16901665 3
q3112434f 0 16901676 1
q3112434f 0 16902124 0
q3112434f 0 16902814 0
q3112434f 0 16926956 1
q3112434f 0 16927383 1
q3112434f 0 16927433 1
q3112434f 0 16929606 2
q3112434f 0 16953041 0
q3112434f 0 16985215 2
q3112434f 0 16985586 2
q3112434f 0 16986931 3
q3112434f 0 17149014 0
q3112434f 0 18958400 0
q3112434f 0 19051517 0
q3112434f 0 19051608 0
q3112434f 0 19051636 0
q3112434f 0 19051664 0
q3112434f 0 19051685 0
q3112434f 0 19051701 0
q3112434f 0 19051731 0
q3112434f 0 19051753 0
q3112434f 0 19051780 0
q3112434f 0 19051794 0
q3310fc40 0 1 0
q3310fc40 0 6421 0
q3310fc40 0 6422 0
q3310fc40 0 6423 0
q3310fc40 0 6424 0
q3310fc40 0 6425 0
q3310fc40 0 6426 0
q3310fc40 0 6427 0
q3310fc40 0 6428 0
q3310fc40 0 6429 0
q3310fc40 0 6430 0
q3310fc40 0 6431 0
q3310fc40 0 6432 0
q3310fc40 0 6433 0
q3310fc40 0 6434 0
q3310fc40 0 6435 0
q3310fc40 0 6436 0
q3310fc40 0 6437 0
q3310fc40 0 6438 0
q3310fc40 0 36228 0
q3310fc40 0 36230 0
q3310fc40 0 36232 0
q3310fc40 0 36234 0
q3310fc40 0 36236 0
q3310fc40 0 36239 0
q3310fc40 0 36240 0
q3310fc40 0 36243 0
q3310fc40 0 36245 0
q3310fc40 0 36247 0
q3310fc40 0 36249 0
q3310fc40 0 36251 0
q3310fc40 0 36253 0
q3310fc40 0 36255 0
q3310fc40 0 36257 0
q3310fc40 0 36259 0
q3310fc40 0 36261 0
q3310fc40 0 36263 0
q3310fc40 0 36265 0
q3310fc40 0 36267 0
q3310fc40 0 363369 3
q3310fc40 0 363381 3
q3310fc40 0 363533 3
q3310fc40 0 363682 3
q3310fc40 0 363718 3
q3310fc40 0 363788 3
q3310fc40 0 363916 3
q3310fc40 0 363984 3
q3310fc40 0 364952 3
q3310fc40 0 364981 3
q3310fc40 0 365078 3
q3310fc40 0 365141 3
q3310fc40 0 365161 3
q3310fc40 0 365391 3
q3310fc40 0 365399 3
q3310fc40 0 365427 3
q3310fc40 0 365428 3
q3310fc40 0 365432 3
q3310fc40 0 365434 3
q3310fc40 0 365439 3
q3310fc40 0 365451 3
q3310fc40 0 365455 3
q3310fc40 0 365470 3
q3310fc40 0 365478 3
q3310fc40 0 365488 3
q3310fc40 0 365639 3
q3310fc40 0 365802 3
q3310fc40 0 366232 3
q3310fc40 0 366255 3
q3310fc40 0 366421 3
q3310fc40 0 366476 3
q3310fc40 0 366557 3
q3310fc40 0 366563 3
q3310fc40 0 366565 3
q3310fc40 0 366573 3
q3310fc40 0 366576 3
q3310fc40 0 366585 3
q3310fc40 0 366598 3
q3310fc40 0 366606 3
q3310fc40 0 366619 3
q3310fc40 0 366718 3
q3310fc40 0 366743 3
q3310fc40 0 366783 3
q3310fc40 0 366816 3
q3310fc40 0 366867 3
q3310fc40 0 367150 3
q3310fc40 0 852047 0
q3310fc40 0 4396350 0
q3310fc40 0 7019593 0
q3310fc40 0 7431149 0
q3310fc40 0 10444996 0
q3310fc40 0 13423539 0
q3310fc40 0 13695384 0
q3310fc40 0 17149014 0
q3310fc40 0 18958400 0
q3310fc40 0 19051517 0
q3310fc40 0 19051608 0
q3310fc40 0 19051636 0
q3310fc40 0 19051664 0
q3310fc40 0 19051685 0
q3310fc40 0 19051701 0
q3310fc40 0 19051731 0
q3310fc40 0 19051753 0
q3310fc40 0 19051780 0
q3310fc40 0 19051794 0
q3310fc40 0 19446467 0
q33a60827 0 1 0
q33a60827 0 6421 0
q33a60827 0 6422 0
q33a60827 0 6423 0
q33a60827 0 6424 0
q33a60827 0 6425 0
q33a60827 0 6426 0
q33a60827 0 6427 0
q33a60827 0 6428 0
q33a60827 0 6429 0
q33a60827 0 6430 0
q33a60827 0 6431 0
q33a60827 0 6432 0
q33a60827 0 6433 0
q33a60827 0 6434 0
q33a60827 0 6435 0
q33a60827 0 6436 0
q33a60827 0 6437 0
q33a60827 0 6438 0
q33a60827 0 218714 0
q33a60827 0 394002 2
q33a60827 0 394005 2
q33a60827 0 394006 2
q33a60827 0 394007 2
q33a60827 0 394011 2
q33a60827 0 394013 2
q33a60827 0 394015 2
q33a60827 0 394017 2
q33a60827 0 394021 2
q33a60827 0 394023 2
q33a60827 0 394025 2
q33a60827 0 394027 2
q33a60827 0 394029 2
q33a60827 0 394032 3
q33a60827 0 394035 2
q33a60827 0 394038 2
q33a60827 0 394041 2
q33a60827 0 397761 2
q33a60827 0 439615 0
q33a60827 0 496654 0
q33a60827 0 852047 0
q33a60827 0 4396350 0
q33a60827 0 7019593 0
q33a60827 0 7431149 0
q33a60827 0 10444996 0
q33a60827 0 13423539 0
q33a60827 0 13695384 0
q33a60827 0 16873531 3
q33a60827 0 16874037 2
q33a60827 0 16875460 2
q33a60827 0 16875518 2
q33a60827 0 16876610 2
q33a60827 0 16877168 2
q33a60827 0 16877193 2
q33a60827 0 16877201 2
q33a60827 0 16877469 2
q33a60827 0 16877622 2
q33a60827 0 16877652 2
q33a60827 0 16877655 2
q33a60827 0 16877911 2
q33a60827 0 16878300 2
q33a60827 0 16878709 2
q33a60827 0 16879488 2
q33a60827 0 16879565 2
q33a60827 0 16879780 2
q33a60827 0 16891069 2
q33a60827 0 16891076 2
q33a60827 0 16891077 2
q33a60827 0 16891081 2
q33a60827 0 16932439 3
q33a60827 0 16945173 0
q33a60827 0 16945197 0
q33a60827 0 16945519 1
q33a60827 0 16945734 1
q33a60827 0 16946558 0
q33a60827 0 16958488 0
q33a60827 0 17044205 0
q33a60827 0 17057753 3
q33a60827 0 17062936 2
q33a60827 0 17149014 0
q33a60827 0 18958400 0
q33a60827 0 19051517 0
q33a60827 0 19051608 0
q33a60827 0 19051636 0
q33a60827 0 19051664 0
q33a60827 0 19051685 0
q33a60827 0 19051701 0
q33a60827 0 19051731 0
q33a60827 0 19051753 0
q33a60827 0 19051780 0
q33a60827 0 19051794 0
q34829ccc 0 1 0
q34829ccc 0 2960 0
q34829ccc 0 2961 0
q34829ccc 0 2962 0
q34829ccc 0 2963 0
q34829ccc 0 2964 0
q34829ccc 0 2965 0
q34829ccc 0 2966 0
q34829ccc 0 2967 0
q34829ccc 0 2968 0
q34829ccc 0 2969 0
q34829ccc 0 2970 0
q34829ccc 0 2971 0
q34829ccc 0 2972 0
q34829ccc 0 2973 0
q34829ccc 0 2974 0
q34829ccc 0 2975 0
q34829ccc 0 2976 0
q34829ccc 0 2977 0
q34829ccc 0 2978 0
q34829ccc 0 6421 0
q34829ccc 0 6422 0
q34829ccc 0 6423 0
q34829ccc 0 6424 0
q34829ccc 0 6425 0
q34829ccc 0 6426 0
q34829ccc 0 6427 0
q34829ccc 0 6428 0
q34829ccc 0 6429 0
q34829ccc 0 6430 0
q34829ccc 0 6431 0
q34829ccc 0 6432 0
q34829ccc 0 6433 0
q34829ccc 0 6434 0
q34829ccc 0 6435 0
q34829ccc 0 6436 0
q34829ccc 0 6437 0
q34829ccc 0 6438 0
q34829ccc 0 166292 3
q34829ccc 0 166294 2
q34829ccc 0 166297 2
q34829ccc 0 166300 2
q34829ccc 0 166305 2
q34829ccc 0 166306 2
q34829ccc 0 166403 2
q34829ccc 0 166405 2
q34829ccc 0 167126 2
q34829ccc 0 169321 2
q34829ccc 0 169362 3
q34829ccc 0 178181 3
q34829ccc 0 227155 3
q34829ccc 0 240909 1
q34829ccc 0 282929 3
q34829ccc 0 283170 3
q34829ccc 0 303121 1
q34829ccc 0 312859 0
q34829ccc 0 321540 1
q34829ccc 0 322717 2
q34829ccc 0 331598 0
q34829ccc 0 333002 0
q34829ccc 0 333293 0
q34829ccc 0 333997 1
q34829ccc 0 371539 2
q34829ccc 0 388514 2
q34829ccc 0 389001 0
q34829ccc 0 389193 3
q34829ccc 0 426954 1
q34829ccc 0 426979 1
q34829ccc 0 427033 1
q34829ccc 0 482908 2
q34829ccc 0 488434 0
q34829ccc 0 490222 1
q34829ccc 0 490375 0
q34829ccc 0 490407 1
q34829ccc 0 499246 1
q34829ccc 0 499466 1
q34829ccc 0 499479 2
q34829ccc 0 852047 0
q34829ccc 0 4396350 0
q34829ccc 0 7019593 0
q34829ccc 0 7431149 0
q34829ccc 0 10444996 0
q34829ccc 0 12267015 0
q34829ccc 0 13423539 0
q34829ccc 0 13695384 0
q34829ccc 0 16945182 2
q34829ccc 0 17068013 1
q34829ccc 0 17069330 1
q34829ccc 0 17149014 0
q34829ccc 0 18958400 0
q34829ccc 0 19051517 0
q34829ccc 0 19051608 1
q34829ccc 0 19051636 1
q34829ccc 0 19051664 0
q34829ccc 0 19051685 0
q34829ccc 0 19051701 0
q34829ccc 0 19051731 0
q34829ccc 0 19051753 0
q34829ccc 0 19051780 0
q34829ccc 0 19051794 2
q34829ccc 0 19237605 0
q34829ccc 0 19237622 0
q34829ccc 0 19237634 0
q36507427 0 1 2
q36507427 0 2 2
q36507427 0 3 1
q36507427 0 4 0
q36507427 0 5 0
q36507427 0 6 1
q36507427 0 2960 0
q36507427 0 2961 0
q36507427 0 3678 0
q36507427 0 6421 0
q36507427 0 7808 2
q36507427 0 7809 1
q36507427 0 7810 2
q36507427 0 209359 0
q36507427 0 209386 0
q36507427 0 209406 0
q36507427 0 209441 0
q36507427 0 209490 0
q36507427 0 305663 3
q36507427 0 305666 3
q36507427 0 305669 3
q36507427 0 326346 1
q36507427 0 331588 3
q36507427 0 387495 0
q36507427 0 415901 3
q36507427 0 449773 2
q36507427 0 499108 3
q36507427 0 499113 3
q36507427 0 823872 1
q36507427 0 852047 3
q36507427 0 2025684 3
q36507427 0 2273123 0
q36507427 0 4396350 2
q36507427 0 4509656 2
q36507427 0 4680604 3
q36507427 0 5430370 3
q36507427 0 5787857 3
q36507427 0 7019593 1
q36507427 0 7124274 2
q36507427 0 7431149 0
q36507427 0 10444996 1
q36507427 0 10519454 2
q36507427 0 12267015 0
q36507427 0 13423539 0
q36507427 0 13625409 2
q36507427 0 13695384 2
q36507427 0 13827201 0
q36507427 0 13931829 0
q36507427 0 14753624 3
q36507427 0 16826734 0
q36507427 0 16932997 1
q36507427 0 16988056 1
q36507427 0 17034477 2
q36507427 0 17059956 2
q36507427 0 17059970 2
q36507427 0 17059977 2
q36507427 0 17059984 2
q36507427 0 17059997 2
q36507427 0 17060002 2
q36507427 0 17060014 2
q36507427 0 17149014 2
q36507427 0 17244736 2
q36507427 0 17261028 3
q36507427 0 18738825 0
q36507427 0 18754575 1
q36507427 0 18782689 3
q36507427 0 18925344 2
q36507427 0 18958400 0
q36507427 0 18998858 3
q36507427 0 18998893 3
q36507427 0 18998931 3
q36507427 0 18999013 3
q36507427 0 18999041 3
q36507427 0 18999106 3
q36507427 0 19051235 2
q36507427 0 19051517 0
q36507427 0 19051608 1
q36507427 0 19051636 2
q36507427 0 19051664 1
q36507427 0 19051685 2
q36507427 0 19051701 1
q36507427 0 19051731 1
q36507427 0 19051753 1
q36507427 0 19051780 1
q36507427 0 19051794 2
q36507427 0 19116788 1
q36507427 0 19175691 1
q36507427 0 19200314 1
q36507427 0 19251186 2
q36507427 0 19251211 2
q36507427 0 19251227 2
q36507427 0 19251238 2
q36507427 0 19251256 2
q36507427 0 19310870 1
q36f730ee 0 1 0
q36f730ee 0 2960 1
q36f730ee 0 2961 1
q36f730ee 0 2962 1
q36f730ee 0 2963 1
q36f730ee 0 2964 1
q36f730ee 0 2965 1
q36f730ee 0 2966 1
q36f730ee 0 2967 1
q36f730ee 0 2968 1
q36f730ee 0 2969 1
q36f730ee 0 2970 1
q36f730ee 0 2971 1
q36f730ee 0 2972 1
q36f730ee 0 2973 1
q36f730ee 0 2974 1
q36f730ee 0 2975 1
q36f730ee 0 2976 1
q36f730ee 0 2977 1
q36f730ee 0 2978 1
q36f730ee 0 6421 0
q36f730ee 0 6422 0
q36f730ee 0 6423 0
q36f730ee 0 6424 0
q36f730ee 0 6425 0
q36f730ee 0 6426 0
q36f730ee 0 6427 0
q36f730ee 0 6428 0
q36f730ee 0 6429 0
q36f730ee 0 6430 0
q36f730ee 0 6431 0
q36f730ee 0 6432 0
q36f730ee 0 6433 0
q36f730ee 0 6434 0
q36f730ee 0 6435 0
q36f730ee 0 6436 0
q36f730ee 0 6437 0
q36f730ee 0 6438 0
q36f730ee 0 166200 3
q36f730ee 0 166204 3
q36f730ee 0 166227 3
q36f730ee 0 166267 3
q36f730ee 0 166307 3
q36f730ee 0 166340 3
q36f730ee 0 166363 3
q36f730ee 0 166874 3
q36f730ee 0 167062 3
q36f730ee 0 167092 3
q36f730ee 0 167379 3
q36f730ee 0 167399 3
q36f730ee 0 167405 3
q36f730ee 0 167428 3
q36f730ee 0 167430 3
q36f730ee 0 167454 3
q36f730ee 0 167455 3
q36f730ee 0 167456 3
q36f730ee 0 167457 3
q36f730ee 0 167458 3
q36f730ee 0 167459 3
q36f730ee 0 167460 3
q36f730ee 0 167461 3
q36f730ee 0 167490 3
q36f730ee 0 167563 3
q36f730ee 0 167573 3
q36f730ee 0 167726 3
q36f730ee 0 168520 3
q36f730ee 0 178993 3
q36f730ee 0 179031 3
q36f730ee 0 179374 3
q36f730ee 0 179448 3
q36f730ee 0 179599 3
q36f730ee 0 179672 3
q36f730ee 0 179776 3
q36f730ee 0 179783 3
q36f730ee 0 179802 3
q36f730ee 0 179824 3
q36f730ee 0 852047 0
q36f730ee 0 4396350 0
q36f730ee 0 7019593 0
q36f730ee 0 7431149 0
q36f730ee 0 9676310 3
q36f730ee 0 10444996 0
q36f730ee 0 12267015 1
q36f730ee 0 13423539 0
q36f730ee 0 13695384 0
q36f730ee 0 17149014 0
q36f730ee 0 18625454 3
q36f730ee 0 18743838 3
q36f730ee 0 18743860 3
q36f730ee 0 18958400 0
q36f730ee 0 19051517 0
q36f730ee 0 19051608 0
q36f730ee 0 19051636 0
q36f730ee 0 19051664 0
q36f730ee 0 19051685 0
q36f730ee 0 19051701 0
q36f730ee 0 19051731 0
q36f730ee 0 19051753 0
q36f730ee 0 19051780 0
q36f730ee 0 19051794 0
q36f730ee 0 19237605 0
q36f730ee 0 19237622 0
q36f730ee 0 19237634 0
q36f730ee 0 19306685 3
q386f8f29 0 1 0
q386f8f29 0 6421 0
q386f8f29 0 6422 0
q386f8f29 0 6423 0
q386f8f29 0 6424 0
q386f8f29 0 6425 0
q386f8f29 0 6426 0
q386f8f29 0 6427 0
q386f8f29 0 6428 0
q386f8f29 0 6429 0
q386f8f29 0 6430 0
q386f8f29 0 6431 0
q386f8f29 0 6432 0
q386f8f29 0 6433 0
q386f8f29 0 6434 0
q386f8f29 0 6435 0
q386f8f29 0 6436 0
q386f8f29 0 6437 0
q386f8f29 0 6438 0
q386f8f29 0 209597 1
q386f8f29 0 209631 1
q386f8f29 0 303049 0
q386f8f29 0 303173 1
q386f8f29 0 303527 0
q386f8f29 0 311955 3
q386f8f29 0 316985 2
q386f8f29 0 317178 2
q386f8f29 0 333073 0
q386f8f29 0 333830 2
q386f8f29 0 333875 1
q386f8f29 0 333882 2
q386f8f29 0 333930 2
q386f8f29 0 333981 1
q386f8f29 0 333986 1
q386f8f29 0 334163 1
q386f8f29 0 334994 0
q386f8f29 0 335019 2
q386f8f29 0 373762 3
q386f8f29 0 374150 0
q386f8f29 0 390313 1
q386f8f29 0 390379 1
q386f8f29 0 393281 0
q386f8f29 0 400077 0
q386f8f29 0 422295 0
q386f8f29 0 450193 1
q386f8f29 0 450749 3
q386f8f29 0 455109 2
q386f8f29 0 489864 2
q386f8f29 0 490214 0
q386f8f29 0 490241 0
q386f8f29 0 499245 0
q386f8f29 0 499506 0
q386f8f29 0 499623 1
q386f8f29 0 852047 0
q386f8f29 0 4396350 0
q386f8f29 0 7019593 0
q386f8f29 0 7431149 0
q386f8f29 0 10444996 0
q386f8f29 0 13423539 0
q386f8f29 0 13695384 0
q386f8f29 0 16888919 3
q386f8f29 0 16889665 2
q386f8f29 0 16890358 3
q386f8f29 0 16914795 3
q386f8f29 0 16937790 0
q386f8f29 0 17006530 2
q386f8f29 0 17007403 2
q386f8f29 0 17034553 1
q386f8f29 0 17035427 1
q386f8f29 0 17036200 0
q386f8f29 0 17038049 0
q386f8f29 0 17038163 2
q386f8f29 0 17038225 0
q386f8f29 0 17073661 3
q386f8f29 0 17073711 1
q386f8f29 0 17149014 0
q386f8f29 0 17418198 2
q386f8f29 0 18887818 1
q386f8f29 0 18958400 0
q386f8f29 0 19051517 0
q386f8f29 0 19051608 0
q386f8f29 0 19051636 0
q386f8f29 0 19051664 0
q386f8f29 0 19051685 0
q386f8f29 0 19051701 0
q386f8f29 0 19051731 0
q386f8f29 0 19051753 0
q386f8f29 0 19051780 0
q386f8f29 0 19051794 0
q386f8f29 0 19064792 1
q38ed2ae7 0 1 0
q38ed2ae7 0 6421 0
q38ed2ae7 0 6422 0
q38ed2ae7 0 6423 0
q38ed2ae7 0 6424 0
q38ed2ae7 0 6425 0
q38ed2ae7 0 6426 0
q38ed2ae7 0 6427 0
q38ed2ae7 0 6428 0
q38ed2ae7 0 6429 0
q38ed2ae7 0 6430 0
q38ed2ae7 0 6431 0
q38ed2ae7 0 6432 0
q38ed2ae7 0 6433 0
q38ed2ae7 0 6434 0
q38ed2ae7 0 6435 0
q38ed2ae7 0 6436 0
q38ed2ae7 0 6437 0
q38ed2ae7 0 6438 0
q38ed2ae7 0 243771 3
q38ed2ae7 0 244162 3
q38ed2ae7 0 244163 3
q38ed2ae7 0 244165 3
q38ed2ae7 0 244174 3
q38ed2ae7 0 244175 3
q38ed2ae7 0 244179 3
q38ed2ae7 0 244183 3
q38ed2ae7 0 244192 3
q38ed2ae7 0 244368 3
q38ed2ae7 0 244605 3
q38ed2ae7 0 244607 3
q38ed2ae7 0 244612 3
q38ed2ae7 0 244613 3
q38ed2ae7 0 244616 3
q38ed2ae7 0 244620 3
q38ed2ae7 0 244627 3
q38ed2ae7 0 245008 3
q38ed2ae7 0 245391 3
q38ed2ae7 0 245396 3
q38ed2ae7 0 245401 3
q38ed2ae7 0 245407 3
q38ed2ae7 0 245410 3
q38ed2ae7 0 245415 3
q38ed2ae7 0 245420 3
q38ed2ae7 0 245423 3
q38ed2ae7 0 245427 3
q38ed2ae7 0 245430 3
q38ed2ae7 0 245436 3
q38ed2ae7 0 245476 3
q38ed2ae7 0 245815 3
q38ed2ae7 0 246141 3
q38ed2ae7 0 246144 3
q38ed2ae7 0 246146 3
q38ed2ae7 0 246149 3
q38ed2ae7 0 246155 3
q38ed2ae7 0 246551 3
q38ed2ae7 0 246923 3
q38ed2ae7 0 246925 3
q38ed2ae7 0 246929 3
q38ed2ae7 0 852047 0
q38ed2ae7 0 4396350 0
q38ed2ae7 0 7019593 0
q38ed2ae7 0 7431149 0
q38ed2ae7 0 10444996 0
q38ed2ae7 0 13423539 0
q38ed2ae7 0 13695384 0
q38ed2ae7 0 17149014 0
q38ed2ae7 0 18958400 0
q38ed2ae7 0 19051517 0
q38ed2ae7 0 19051608 0
q38ed2ae7 0 19051636 0
q38ed2ae7 0 19051664 0
q38ed2ae7 0 19051685 0
q38ed2ae7 0 19051701 0
q38ed2ae7 0 19051731 0
q38ed2ae7 0 19051753 0
q38ed2ae7 0 19051780 0
q38ed2ae7 0 19051794 0
q39e5be56 0 1 0
q39e5be56 0 6421 0
q39e5be56 0 6422 0
q39e5be56 0 6423 0
q39e5be56 0 6424 0
q39e5be56 0 6425 0
q39e5be56 0 6426 0
q39e5be56 0 6427 0
q39e5be56 0 6428 0
q39e5be56 0 6429 0
q39e5be56 0 6430 0
q39e5be56 0 6431 0
q39e5be56 0 6432 0
q39e5be56 0 6433 0
q39e5be56 0 6434 0
q39e5be56 0 6435 0
q39e5be56 0 6436 0
q39e5be56 0 6437 0
q39e5be56 0 6438 0
q39e5be56 0 237990 1
q39e5be56 0 238321 0
q39e5be56 0 238690 0
q39e5be56 0 238737 3
q39e5be56 0 238740 0
q39e5be56 0 238741 3
q39e5be56 0 238743 3
q39e5be56 0 238744 2
q39e5be56 0 238748 2
q39e5be56 0 303103 0
q39e5be56 0 304301 0
q39e5be56 0 304403 0
q39e5be56 0 373525 3
q39e5be56 0 399053 0
q39e5be56 0 421710 0
q39e5be56 0 451488 3
q39e5be56 0 452573 2
q39e5be56 0 453805 2
q39e5be56 0 454643 2
q39e5be56 0 488491 0
q39e5be56 0 489534 0
q39e5be56 0 508592 1
q39e5be56 0 511319 0
q39e5be56 0 852047 1
q39e5be56 0 4396350 0
q39e5be56 0 7019593 0
q39e5be56 0 7431149 0
q39e5be56 0 10444996 1
q39e5be56 0 13423539 0
q39e5be56 0 13695384 0
q39e5be56 0 16901628 1
q39e5be56 0 16903508 1
q39e5be56 0 16903579 0
q39e5be56 0 16904420 1
q39e5be56 0 16905568 0
q39e5be56 0 16905873 1
q39e5be56 0 16906083 1
q39e5be56 0 16906170 1
q39e5be56 0 16961083 3
q39e5be56 0 17022706 1
q39e5be56 0 17035585 2
q39e5be56 0 17037558 0
q39e5be56 0 17149014 0
q39e5be56 0 18958400 0
q39e5be56 0 19051517 0
q39e5be56 0 19051608 0
q39e5be56 0 19051636 0
q39e5be56 0 19051664 0
q39e5be56 0 19051685 0
q39e5be56 0 19051701 0
q39e5be56 0 19051731 0
q39e5be56 0 19051753 0
q39e5be56 0 19051780 0
q39e5be56 0 19051794 0
q3af045a5 0 1 0
q3af045a5 0 2 0
q3af045a5 0 3 0
q3af045a5 0 4 0
q3af045a5 0 5 0
q3af045a5 0 6 0
q3af045a5 0 7 0
q3af045a5 0 8 0
q3af045a5 0 6421 0
q3af045a5 0 6422 0
q3af045a5 0 6423 0
q3af045a5 0 6424 0
q3af045a5 0 190692 0
q3af045a5 0 209424 1
q3af045a5 0 213544 0
q3af045a5 0 213551 2
q3af045a5 0 214736 3
q3af045a5 0 214739 3
q3af045a5 0 225434 2
q3af045a5 0 225438 1
q3af045a5 0 225440 1
q3af045a5 0 225443 2
q3af045a5 0 225446 2
q3af045a5 0 225516 0
q3af045a5 0 227480 0
q3af045a5 0 302967 1
q3af045a5 0 302976 0
q3af045a5 0 331597 0
q3af045a5 0 331599 0
q3af045a5 0 331608 2
q3af045a5 0 331612 2
q3af045a5 0 403210 1
q3af045a5 0 424325 0
q3af045a5 0 424360 0
q3af045a5 0 424455 2
q3af045a5 0 852047 0
q3af045a5 0 2025684 2
q3af045a5 0 3902638 0
q3af045a5 0 4396350 0
q3af045a5 0 5812542 0
q3af045a5 0 7019593 0
q3af045a5 0 7431149 0
q3af045a5 0 10444996 0
q3af045a5 0 13423539 0
q3af045a5 0 13695384 1
q3af045a5 0 14753629 1
q3af045a5 0 16893044 3
q3af045a5 0 16893052 2
q3af045a5 0 16893066 2
q3af045a5 0 16893099 2
q3af045a5 0 16893129 2
q3af045a5 0 16893141 2
q3af045a5 0 17021457 0
q3af045a5 0 17034477 2
q3af045a5 0 17034484 3
q3af045a5 0 17034491 3
q3af045a5 0 17034496 3
q3af045a5 0 17034500 3
q3af045a5 0 17034503 3
q3af045a5 0 17034511 3
q3af045a5 0 17034524 2
q3af045a5 0 17034527 2
q3af045a5 0 17034538 2
q3af045a5 0 17034542 2
q3af045a5 0 17034550 3
q3af045a5 0 17067057 0
q3af045a5 0 17067082 0
q3af045a5 0 17067110 0
q3af045a5 0 17149014 0
q3af045a5 0 18751844 1
q3af045a5 0 18751926 1
q3af045a5 0 18798685 2
q3af045a5 0 18798716 1
q3af045a5 0 18798729 2
q3af045a5 0 18798742 2
q3af045a5 0 18892258 2
q3af045a5 0 18892381 1
q3af045a5 0 18925230 3
q3af045a5 0 18925296 3
q3af045a5 0 18925344 3
q3af045a5 0 18925366 2
q3af045a5 0 18958400 0
q3af045a5 0 18999041 1
q3af045a5 0 19028900 2
q3af045a5 0 19029028 2
q3af045a5 0 19029059 3
q3af045a5 0 19051517 0
q3af045a5 0 19051608 0
q3af045a5 0 19051636 0
q3af045a5 0 19051664 0
q3af045a5 0 19051685 0
q3af045a5 0 19051701 0
q3af045a5 0 19051731 0
q3af045a5 0 19051753 0
q3af045a5 0 19051780 2
q3af045a5 0 19051794 0
q3c087abf 0 1 0
q3c087abf 0 6421 0
q3c087abf 0 6422 0
q3c087abf 0 6423 0
q3c087abf 0 6424 0
q3c087abf 0 6425 0
q3c087abf 0 6426 0
q3c087abf 0 6427 0
q3c087abf 0 6428 0
q3c087abf 0 6429 0
q3c087abf 0 6430 0
q3c087abf 0 6431 0
q3c087abf 0 6432 0
q3c087abf 0 6433 0
q3c087abf 0 6434 0
q3c087abf 0 6435 0
q3c087abf 0 6436 0
q3c087abf 0 6437 0
q3c087abf 0 6438 0
q3c087abf 0 264537 3
q3c087abf 0 264572 3
q3c087abf 0 264778 3
q3c087abf 0 264793 3
q3c087abf 0 264795 3
q3c087abf 0 264811 3
q3c087abf 0 264827 3
q3c087abf 0 264829 3
q3c087abf 0 264835 3
q3c087abf 0 264840 3
q3c087abf 0 264841 3
q3c087abf 0 264842 3
q3c087abf 0 264885 3
q3c087abf 0 264886 3
q3c087abf 0 264889 3
q3c087abf 0 264891 3
q3c087abf 0 264959 3
q3c087abf 0 265008 3
q3c087abf 0 265023 3
q3c087abf 0 265062 3
q3c087abf 0 265066 3
q3c087abf 0 265255 3
q3c087abf 0 265302 3
q3c087abf 0 266222 3
q3c087abf 0 266779 3
q3c087abf 0 266918 3
q3c087abf 0 267036 3
q3c087abf 0 267089 3
q3c087abf 0 267154 3
q3c087abf 0 267254 3
q3c087abf 0 267277 3
q3c087abf 0 267723 3
q3c087abf 0 267985 3
q3c087abf 0 268029 3
q3c087abf 0 268207 3
q3c087abf 0 268316 3
q3c087abf 0 268366 3
q3c087abf 0 268379 3
q3c087abf 0 268385 3
q3c087abf 0 268414 3
q3c087abf 0 268455 3
q3c087abf 0 268472 3
q3c087abf 0 268525 3
q3c087abf 0 852047 0
q3c087abf 0 4396350 0
q3c087abf 0 7019593 0
q3c087abf 0 7431149 0
q3c087abf 0 10444996 0
q3c087abf 0 13423539 0
q3c087abf 0 13695384 0
q3c087abf 0 17149014 0
q3c087abf 0 18958400 0
q3c087abf 0 19051517 0
q3c087abf 0 19051608 0
q3c087abf 0 19051636 0
q3c087abf 0 19051664 0
q3c087abf 0 19051685 0
q3c087abf 0 19051701 0
q3c087abf 0 19051731 0
q3c087abf 0 19051753 0
q3c087abf 0 19051780 0
q3c087abf 0 19051794 0
q40c01f3b 0 1 0
q40c01f3b 0 6421 1
q40c01f3b 0 6422 1
q40c01f3b 0 6423 0
q40c01f3b 0 6424 0
q40c01f3b 0 6425 0
q40c01f3b 0 6426 0
q40c01f3b 0 6427 0
q40c01f3b 0 6428 0
q40c01f3b 0 6429 0
q40c01f3b 0 6430 0
q40c01f3b 0 6431 0
q40c01f3b 0 6432 0
q40c01f3b 0 6433 0
q40c01f3b 0 6434 0
q40c01f3b 0 6435 0
q40c01f3b 0 6436 0
q40c01f3b 0 6437 1
q40c01f3b 0 6438 0
q40c01f3b 0 9405 1
q40c01f3b 0 9456 1
q40c01f3b 0 203734 2
q40c01f3b 0 211106 1
q40c01f3b 0 245336 0
q40c01f3b 0 245390 2
q40c01f3b 0 245394 3
q40c01f3b 0 245445 0
q40c01f3b 0 245462 0
q40c01f3b 0 245472 2
q40c01f3b 0 245597 0
q40c01f3b 0 245685 2
q40c01f3b 0 245880 3
q40c01f3b 0 245888 1
q40c01f3b 0 245910 2
q40c01f3b 0 246005 1
q40c01f3b 0 246077 0
q40c01f3b 0 246715 1
q40c01f3b 0 246918 1
q40c01f3b 0 246983 2
q40c01f3b 0 246997 2
q40c01f3b 0 285413 2
q40c01f3b 0 343593 3
q40c01f3b 0 368615 2
q40c01f3b 0 388654 3
q40c01f3b 0 852047 0
q40c01f3b 0 4396350 1
q40c01f3b 0 7019593 2
q40c01f3b 0 7431149 0
q40c01f3b 0 10444996 0
q40c01f3b 0 13423539 1
q40c01f3b 0 13695384 0
q40c01f3b 0 16851405 3
q40c01f3b 0 16857879 3
q40c01f3b 0 16878518 3
q40c01f3b 0 16900400 2
q40c01f3b 0 16900405 2
q40c01f3b 0 16900477 2
q40c01f3b 0 16900509 2
q40c01f3b 0 16900594 2
q40c01f3b 0 16900624 2
q40c01f3b 0 16900645 2
q40c01f3b 0 16900667 2
q40c01f3b 0 16900892 2
q40c01f3b 0 16900906 2
q40c01f3b 0 16959465 2
q40c01f3b 0 16962255 2
q40c01f3b 0 16964492 1
q40c01f3b 0 17149014 1
q40c01f3b 0 18958400 1
q40c01f3b 0 18989214 3
q40c01f3b 0 19051517 0
q40c01f3b 0 19051608 0
q40c01f3b 0 19051636 1
q40c01f3b 0 19051664 0
q40c01f3b 0 19051685 0
q40c01f3b 0 19051701 0
q40c01f3b 0 19051731 0
q40c01f3b 0 19051753 0
q40c01f3b 0 19051780 0
q40c01f3b 0 19051794 0
q40c01f3b 0 19213107 1
q422df4db 0 1 0
q422df4db 0 2 0
q422df4db 0 3 0
q422df4db 0 2960 2
q422df4db 0 2961 2
q422df4db 0 2962 2
q422df4db 0 2963 2
q422df4db 0 2964 3
q422df4db 0 2965 3
q422df4db 0 2966 3
q422df4db 0 2967 3
q422df4db 0 2968 2
q422df4db 0 2969 3
q422df4db 0 2970 2
q422df4db 0 2971 2
q422df4db 0 2972 3
q422df4db 0 2973 3
q422df4db 0 2974 3
q422df4db 0 2976 3
q422df4db 0 2977 3
q422df4db 0 2978 3
q422df4db 0 2979 3
q422df4db 0 6421 0
q422df4db 0 6422 0
q422df4db 0 6423 0
q422df4db 0 6424 0
q422df4db 0 6425 0
q422df4db 0 6426 0
q422df4db 0 6427 0
q422df4db 0 6428 0
q422df4db 0 6429 0
q422df4db 0 6430 0
q422df4db 0 6431 0
q422df4db 0 6432 0
q422df4db 0 6433 0
q422df4db 0 6434 1
q422df4db 0 6435 0
q422df4db 0 6436 0
q422df4db 0 6437 0
q422df4db 0 6438 0
q422df4db 0 167160 3
q422df4db 0 167166 3
q422df4db 0 167167 3
q422df4db 0 167172 3
q422df4db 0 167176 3
q422df4db 0 167177 3
q422df4db 0 167181 3
q422df4db 0 167183 3
q422df4db 0 167193 3
q422df4db 0 167363 2
q422df4db 0 173311 0
q422df4db 0 173980 2
q422df4db 0 174840 2
q422df4db 0 177273 3
q422df4db 0 180678 2
q422df4db 0 180680 3
q422df4db 0 180682 2
q422df4db 0 203525 0
q422df4db 0 203548 0
q422df4db 0 204330 0
q422df4db 0 210400 0
q422df4db 0 214418 0
q422df4db 0 260018 2
q422df4db 0 312850 0
q422df4db 0 361433 0
q422df4db 0 389604 1
q422df4db 0 389675 0
q422df4db 0 389818 0
q422df4db 0 445062 2
q422df4db 0 445089 1
q422df4db 0 445240 1
q422df4db 0 445256 3
q422df4db 0 445272 2
q422df4db 0 445443 3
q422df4db 0 472603 0
q422df4db 0 474572 0
q422df4db 0 852047 0
q422df4db 0 7019593 0
q422df4db 0 7431149 0
q422df4db 0 10444996 0
q422df4db 0 12267015 3
q422df4db 0 13423539 0
q422df4db 0 13695384 0
q422df4db 0 16863765 0
q422df4db 0 16867296 0
q422df4db 0 16881772 0
q422df4db 0 17064991 3
q422df4db 0 17415891 2
q422df4db 0 17422043 2
q422df4db 0 17423413 2
q422df4db 0 18958400 0
q422df4db 0 19051517 0
q422df4db 0 19051608 0
q422df4db 0 19051636 0
q422df4db 0 19051664 0
q422df4db 0 19051685 0
q422df4db 0 19051701 0
q422df4db 0 19051731 0
q422df4db 0 19051753 0
q422df4db 0 19051780 0
q422df4db 0 19051794 0
q422df4db 0 19237605 2
q422df4db 0 19237622 2
q422df4db 0 19237634 2
q42bb7f31 0 1 0
q42bb7f31 0 6421 0
q42bb7f31 0 6422 0
q42bb7f31 0 6423 0
q42bb7f31 0 6424 0
q42bb7f31 0 6425 0
q42bb7f31 0 6426 0
q42bb7f31 0 6427 0
q42bb7f31 0 6428 0
q42bb7f31 0 6429 0
q42bb7f31 0 6430 0
q42bb7f31 0 6431 0
q42bb7f31 0 6432 0
q42bb7f31 0 6433 0
q42bb7f31 0 6434 0
q42bb7f31 0 6435 0
q42bb7f31 0 6436 0
q42bb7f31 0 6437 0
q42bb7f31 0 6438 0
q42bb7f31 0 11563 0
q42bb7f31 0 11564 0
q42bb7f31 0 11565 0
q42bb7f31 0 11566 0
q42bb7f31 0 11567 0
q42bb7f31 0 11568 0
q42bb7f31 0 11569 0
q42bb7f31 0 11570 0
q42bb7f31 0 11571 0
q42bb7f31 0 11572 0
q42bb7f31 0 11573 0
q42bb7f31 0 11574 0
q42bb7f31 0 11575 0
q42bb7f31 0 12478 0
q42bb7f31 0 12479 0
q42bb7f31 0 12480 0
q42bb7f31 0 12481 0
q42bb7f31 0 12482 0
q42bb7f31 0 12483 0
q42bb7f31 0 12484 0
q42bb7f31 0 12485 0
q42bb7f31 0 12486 0
q42bb7f31 0 12487 0
q42bb7f31 0 12488 0
q42bb7f31 0 12489 0
q42bb7f31 0 12490 0
q42bb7f31 0 12491 0
q42bb7f31 0 12492 0
q42bb7f31 0 12493 0
q42bb7f31 0 12494 0
q42bb7f31 0 12495 0
q42bb7f31 0 507729 3
q42bb7f31 0 507779 3
q42bb7f31 0 507787 3
q42bb7f31 0 507800 3
q42bb7f31 0 507806 3
q42bb7f31 0 507818 3
q42bb7f31 0 507826 3
q42bb7f31 0 507836 3
q42bb7f31 0 507846 3
q42bb7f31 0 507856 3
q42bb7f31 0 507865 3
q42bb7f31 0 507867 3
q42bb7f31 0 507871 3
q42bb7f31 0 507879 3
q42bb7f31 0 507882 3
q42bb7f31 0 507886 3
q42bb7f31 0 507889 3
q42bb7f31 0 507898 3
q42bb7f31 0 507900 3
q42bb7f31 0 507904 3
q42bb7f31 0 507907 3
q42bb7f31 0 507919 3
q42bb7f31 0 507925 3
q42bb7f31 0 507934 3
q42bb7f31 0 507946 3
q42bb7f31 0 507952 3
q42bb7f31 0 507957 3
q42bb7f31 0 507971 3
q42bb7f31 0 508112 3
q42bb7f31 0 508207 3
q42bb7f31 0 508402 3
q42bb7f31 0 508629 3
q42bb7f31 0 508861 3
q42bb7f31 0 509032 3
q42bb7f31 0 509239 3
q42bb7f31 0 509327 3
q42bb7f31 0 510808 3
q42bb7f31 0 511650 3
q42bb7f31 0 511651 3
q42bb7f31 0 511691 3
q42bb7f31 0 511908 3
q42bb7f31 0 512058 3
q42bb7f31 0 512109 3
q42bb7f31 0 512147 3
q42bb7f31 0 512155 3
q42bb7f31 0 512294 3
q42bb7f31 0 852047 0
q42bb7f31 0 3614965 0
q42bb7f31 0 3905136 0
q42bb7f31 0 4396350 0
q42bb7f31 0 7019593 0
q42bb7f31 0 7431149 0
q42bb7f31 0 10444996 0
q42bb7f31 0 12286352 0
q42bb7f31 0 13423539 0
q42bb7f31 0 13695384 0
q42bb7f31 0 13934522 0
q42bb7f31 0 17149014 0
q42bb7f31 0 18833359 3
q42bb7f31 0 18958400 0
q42bb7f31 0 19051517 0
q42bb7f31 0 19051608 0
q42bb7f31 0 19051636 0
q42bb7f31 0 19051664 0
q42bb7f31 0 19051685 0
q42bb7f31 0 19051701 0
q42bb7f31 0 19051731 0
q42bb7f31 0 19051753 0
q42bb7f31 0 19051780 0
q42bb7f31 0 19051794 0
q42bb7f31 0 19312390 0
q42bb7f31 0 19312409 0
q42bb7f31 0 19312419 0
q42bb7f31 0 19312428 0
q42bb7f31 0 19312436 0
q42c27a67 0 1 1
q42c27a67 0 6421 0
q42c27a67 0 6422 0
q42c27a67 0 6423 0
q42c27a67 0 6424 0
q42c27a67 0 6425 0
q42c27a67 0 6426 0
q42c27a67 0 6427 0
q42c27a67 0 6428 0
q42c27a67 0 6429 0
q42c27a67 0 6430 0
q42c27a67 0 6431 0
q42c27a67 0 6432 0
q42c27a67 0 6433 0
q42c27a67 0 6434 0
q42c27a67 0 6435 0
q42c27a67 0 6436 0
q42c27a67 0 6437 0
q42c27a67 0 6438 0
q42c27a67 0 130838 0
q42c27a67 0 179227 0
q42c27a67 0 204187 1
q42c27a67 0 204364 2
q42c27a67 0 204523 2
q42c27a67 0 204525 0
q42c27a67 0 204833 2
q42c27a67 0 205187 2
q42c27a67 0 205894 0
q42c27a67 0 209583 1
q42c27a67 0 233443 3
q42c27a67 0 234222 3
q42c27a67 0 234705 2
q42c27a67 0 235848 2
q42c27a67 0 272294 1
q42c27a67 0 285334 3
q42c27a67 0 303202 1
q42c27a67 0 305006 1
q42c27a67 0 332046 1
q42c27a67 0 333357 1
q42c27a67 0 333437 0
q42c27a67 0 333757 1
q42c27a67 0 333788 1
q42c27a67 0 341108 2
q42c27a67 0 341156 3
q42c27a67 0 358580 1
q42c27a67 0 387495 0
q42c27a67 0 387573 0
q42c27a67 0 390091 2
q42c27a67 0 393675 2
q42c27a67 0 416777 0
q42c27a67 0 443734 1
q42c27a67 0 455512 1
q42c27a67 0 483839 0
q42c27a67 0 485392 0
q42c27a67 0 852047 1
q42c27a67 0 4396350 0
q42c27a67 0 7019593 0
q42c27a67 0 7431149 0
q42c27a67 0 10444996 0
q42c27a67 0 13423539 0
q42c27a67 0 13695384 1
q42c27a67 0 16857467 2
q42c27a67 0 16858956 2
q42c27a67 0 16864393 0
q42c27a67 0 16874374 3
q42c27a67 0 16889872 2
q42c27a67 0 16913953 3
q42c27a67 0 16964020 3
q42c27a67 0 16968107 1
q42c27a67 0 16984797 1
q42c27a67 0 17063449 3
q42c27a67 0 17073567 0
q42c27a67 0 17149014 0
q42c27a67 0 18958400 0
q42c27a67 0 19051517 0
q42c27a67 0 19051608 0
q42c27a67 0 19051636 0
q42c27a67 0 19051664 0
q42c27a67 0 19051685 0
q42c27a67 0 19051701 1
q42c27a67 0 19051731 0
q42c27a67 0 19051753 0
q42c27a67 0 19051780 0
q42c27a67 0 19051794 0
q43e7aa78 0 1 0
q43e7aa78 0 6421 0
q43e7aa78 0 6422 0
q43e7aa78 0 6423 0
q43e7aa78 0 6424 0
q43e7aa78 0 6425 0
q43e7aa78 0 6426 0
q43e7aa78 0 6427 0
q43e7aa78 0 6428 0
q43e7aa78 0 6429 0
q43e7aa78 0 6430 0
q43e7aa78 0 6431 0
q43e7aa78 0 6432 0
q43e7aa78 0 6433 0
q43e7aa78 0 6434 0
q43e7aa78 0 6435 0
q43e7aa78 0 6436 0
q43e7aa78 0 6437 0
q43e7aa78 0 6438 0
q43e7aa78 0 271929 3
q43e7aa78 0 271941 3
q43e7aa78 0 272111 3
q43e7aa78 0 273573 3
q43e7aa78 0 274298 3
q43e7aa78 0 274892 3
q43e7aa78 0 275221 3
q43e7aa78 0 275228 3
q43e7aa78 0 275282 3
q43e7aa78 0 275363 3
q43e7aa78 0 275435 3
q43e7aa78 0 275476 3
q43e7aa78 0 275608 3
q43e7aa78 0 275687 3
q43e7aa78 0 275765 3
q43e7aa78 0 275777 3
q43e7aa78 0 275816 3
q43e7aa78 0 275840 3
q43e7aa78 0 275893 3
q43e7aa78 0 275984 3
q43e7aa78 0 276010 3
q43e7aa78 0 276060 3
q43e7aa78 0 276068 3
q43e7aa78 0 276118 3
q43e7aa78 0 276160 3
q43e7aa78 0 276163 3
q43e7aa78 0 276170 3
q43e7aa78 0 276229 3
q43e7aa78 0 276256 3
q43e7aa78 0 276267 3
q43e7aa78 0 276592 3
q43e7aa78 0 276937 3
q43e7aa78 0 277000 3
q43e7aa78 0 277083 3
q43e7aa78 0 303104 1
q43e7aa78 0 304464 1
q43e7aa78 0 304532 1
q43e7aa78 0 304700 1
q43e7aa78 0 304723 1
q43e7aa78 0 304828 1
q43e7aa78 0 304891 1
q43e7aa78 0 304920 1
q43e7aa78 0 333225 1
q43e7aa78 0 486056 1
q43e7aa78 0 486108 1
q43e7aa78 0 487825 1
q43e7aa78 0 852047 0
q43e7aa78 0 4396350 0
q43e7aa78 0 7019593 0
q43e7aa78 0 7431149 0
q43e7aa78 0 10444996 0
q43e7aa78 0 13423539 0
q43e7aa78 0 13695384 0
q43e7aa78 0 17149014 0
q43e7aa78 0 18958400 0
q43e7aa78 0 19051517 0
q43e7aa78 0 19051608 0
q43e7aa78 0 19051636 0
q43e7aa78 0 19051664 0
q43e7aa78 0 19051685 0
q43e7aa78 0 19051701 0
q43e7aa78 0 19051731 0
q43e7aa78 0 19051753 0
q43e7aa78 0 19051780 0
q43e7aa78 0 19051794 0
q496b041e 0 1 0
q496b041e 0 6421 0
q496b041e 0 6422 0
q496b041e 0 6423 0
q496b041e 0 6424 0
q496b041e 0 6425 0
q496b041e 0 6426 0
q496b041e 0 6427 0
q496b041e 0 6428 0
q496b041e 0 6429 0
q496b041e 0 6430 0
q496b041e 0 6431 0
q496b041e 0 6432 0
q496b041e 0 6433 0
q496b041e 0 6434 1
q496b041e 0 6435 0
q496b041e 0 6436 0
q496b041e 0 6437 0
q496b041e 0 6438 0
q496b041e 0 17987 2
q496b041e 0 213334 1
q496b041e 0 214766 0
q496b041e 0 214774 0
q496b041e 0 225470 1
q496b041e 0 227892 3
q496b041e 0 237296 1
q496b041e 0 238043 0
q496b041e 0 278368 3
q496b041e 0 278503 3
q496b041e 0 332422 0
q496b041e 0 333892 0
q496b041e 0 388931 0
q496b041e 0 389139 2
q496b041e 0 446479 1
q496b041e 0 446492 1
q496b041e 0 450917 2
q496b041e 0 451636 1
q496b041e 0 453367 1
q496b041e 0 454191 2
q496b041e 0 455062 2
q496b041e 0 455653 3
q496b041e 0 490214 1
q496b041e 0 531513 0
q496b041e 0 852047 0
q496b041e 0 3065658 1
q496b041e 0 4396350 0
q496b041e 0 7019593 0
q496b041e 0 7431149 0
q496b041e 0 10444996 0
q496b041e 0 13423539 0
q496b041e 0 13695384 0
q496b041e 0 16900249 3
q496b041e 0 16915029 2
q496b041e 0 16971928 1
q496b041e 0 16971953 1
q496b041e 0 16972150 1
q496b041e 0 16976150 1
q496b041e 0 16977284 1
q496b041e 0 16978450 1
q496b041e 0 16978678 1
q496b041e 0 16978772 2
q496b041e 0 16979507 2
q496b041e 0 16980288 1
q496b041e 0 16980616 1
q496b041e 0 16981262 1
q496b041e 0 16981515 1
q496b041e 0 16982043 1
q496b041e 0 16982047 1
q496b041e 0 16982081 1
q496b041e 0 16982279 2
q496b041e 0 16982507 1
q496b041e 0 16985402 1
q496b041e 0 16985593 2
q496b041e 0 16991485 1
q496b041e 0 17036569 0
q496b041e 0 17036757 0
q496b041e 0 17037324 0
q496b041e 0 17038015 0
q496b041e 0 17149014 0
q496b041e 0 17413664 3
q496b041e 0 17413674 3
q496b041e 0 17419862 1
q496b041e 0 18958400 0
q496b041e 0 19051517 0
q496b041e 0 19051608 0
q496b041e 0 19051636 0
q496b041e 0 19051664 0
q496b041e 0 19051685 0
q496b041e 0 19051701 0
q496b041e 0 19051731 0
q496b041e 0 19051753 0
q496b041e 0 19051780 0
q496b041e 0 19051794 0
q496b041e 0 19248586 3
q49ee7928 0 1 0
q49ee7928 0 6421 0
q49ee7928 0 6422 0
q49ee7928 0 6423 0
q49ee7928 0 6424 0
q49ee7928 0 6425 0
q49ee7928 0 6426 0
q49ee7928 0 6427 0
q49ee7928 0 6428 0
q49ee7928 0 6429 0
q49ee7928 0 6430 0
q49ee7928 0 6431 0
q49ee7928 0 6432 0
q49ee7928 0 6433 0
q49ee7928 0 6434 0
q49ee7928 0 6435 0
q49ee7928 0 6436 0
q49ee7928 0 6437 0
q49ee7928 0 6438 0
q49ee7928 0 11563 0
q49ee7928 0 11564 0
q49ee7928 0 11565 0
q49ee7928 0 11566 0
q49ee7928 0 11567 0
q49ee7928 0 11568 0
q49ee7928 0 11569 0
q49ee7928 0 11570 0
q49ee7928 0 11571 0
q49ee7928 0 11572 0
q49ee7928 0 11573 0
q49ee7928 0 11574 0
q49ee7928 0 11575 0
q49ee7928 0 12478 1
q49ee7928 0 12479 1
q49ee7928 0 12480 1
q49ee7928 0 12481 1
q49ee7928 0 12482 1
q49ee7928 0 12483 1
q49ee7928 0 12484 1
q49ee7928 0 12485 1
q49ee7928 0 12486 1
q49ee7928 0 12487 1
q49ee7928 0 12488 1
q49ee7928 0 12489 1
q49ee7928 0 12490 1
q49ee7928 0 12491 1
q49ee7928 0 12492 1
q49ee7928 0 12493 1
q49ee7928 0 12494 1
q49ee7928 0 12495 1
q49ee7928 0 529973 3
q49ee7928 0 530004 3
q49ee7928 0 530103 3
q49ee7928 0 530131 3
q49ee7928 0 530194 3
q49ee7928 0 530352 3
q49ee7928 0 530384 3
q49ee7928 0 530446 3
q49ee7928 0 530478 3
q49ee7928 0 530645 3
q49ee7928 0 530676 3
q49ee7928 0 530696 3
q49ee7928 0 530875 3
q49ee7928 0 530906 3
q49ee7928 0 530912 3
q49ee7928 0 530917 3
q49ee7928 0 530922 3
q49ee7928 0 530928 3
q49ee7928 0 530934 3
q49ee7928 0 530935 3
q49ee7928 0 530947 3
q49ee7928 0 530964 3
q49ee7928 0 530965 3
q49ee7928 0 530973 3
q49ee7928 0 530978 3
q49ee7928 0 530984 3
q49ee7928 0 530991 3
q49ee7928 0 531040 3
q49ee7928 0 531606 3
q49ee7928 0 532001 3
q49ee7928 0 532129 3
q49ee7928 0 532259 3
q49ee7928 0 532369 3
q49ee7928 0 532441 3
q49ee7928 0 532838 3
q49ee7928 0 532868 3
q49ee7928 0 533224 3
q49ee7928 0 852047 0
q49ee7928 0 3614965 1
q49ee7928 0 3905136 0
q49ee7928 0 4396350 0
q49ee7928 0 6813511 3
q49ee7928 0 7019593 0
q49ee7928 0 7431149 0
q49ee7928 0 10444996 0
q49ee7928 0 12286352 1
q49ee7928 0 13423539 0
q49ee7928 0 13695384 0
q49ee7928 0 13934522 0
q49ee7928 0 17149014 0
q49ee7928 0 18958400 0
q49ee7928 0 19051517 0
q49ee7928 0 19051608 0
q49ee7928 0 19051636 0
q49ee7928 0 19051664 0
q49ee7928 0 19051685 0
q49ee7928 0 19051701 0
q49ee7928 0 19051731 0
q49ee7928 0 19051753 0
q49ee7928 0 19051780 0
q49ee7928 0 19051794 0
q49ee7928 0 19163400 3
q49ee7928 0 19312390 0
q49ee7928 0 19312409 0
q49ee7928 0 19312419 0
q49ee7928 0 19312428 0
q49ee7928 0 19312436 0
q4ae8dd26 0 1 0
q4ae8dd26 0 5789 2
q4ae8dd26 0 6421 0
q4ae8dd26 0 6422 0
q4ae8dd26 0 6423 0
q4ae8dd26 0 6424 0
q4ae8dd26 0 6425 0
q4ae8dd26 0 6426 0
q4ae8dd26 0 6427 0
q4ae8dd26 0 6428 0
q4ae8dd26 0 6429 0
q4ae8dd26 0 6430 0
q4ae8dd26 0 6431 0
q4ae8dd26 0 6432 0
q4ae8dd26 0 6433 0
q4ae8dd26 0 6434 0
q4ae8dd26 0 6435 0
q4ae8dd26 0 6436 0
q4ae8dd26 0 6437 0
q4ae8dd26 0 6438 0
q4ae8dd26 0 172579 3
q4ae8dd26 0 174267 3
q4ae8dd26 0 186885 1
q4ae8dd26 0 262483 1
q4ae8dd26 0 262484 0
q4ae8dd26 0 262485 1
q4ae8dd26 0 262486 1
q4ae8dd26 0 262487 1
q4ae8dd26 0 262488 1
q4ae8dd26 0 262489 1
q4ae8dd26 0 262490 1
q4ae8dd26 0 262491 1
q4ae8dd26 0 262492 1
q4ae8dd26 0 262493 2
q4ae8dd26 0 262494 1
q4ae8dd26 0 262495 1
q4ae8dd26 0 262496 1
q4ae8dd26 0 262497 1
q4ae8dd26 0 262498 1
q4ae8dd26 0 262499 1
q4ae8dd26 0 262500 2
q4ae8dd26 0 472555 3
q4ae8dd26 0 472628 3
q4ae8dd26 0 473435 2
q4ae8dd26 0 473825 0
q4ae8dd26 0 473857 1
q4ae8dd26 0 473864 1
q4ae8dd26 0 473891 1
q4ae8dd26 0 473918 3
q4ae8dd26 0 473941 1
q4ae8dd26 0 474429 1
q4ae8dd26 0 474444 2
q4ae8dd26 0 474550 2
q4ae8dd26 0 474565 2
q4ae8dd26 0 474575 3
q4ae8dd26 0 474582 2
q4ae8dd26 0 474583 2
q4ae8dd26 0 474589 1
q4ae8dd26 0 474608 3
q4ae8dd26 0 474614 2
q4ae8dd26 0 474624 3
q4ae8dd26 0 474627 2
q4ae8dd26 0 474639 3
q4ae8dd26 0 474739 2
q4ae8dd26 0 475325 3
q4ae8dd26 0 475346 1
q4ae8dd26 0 475379 3
q4ae8dd26 0 475454 2
q4ae8dd26 0 475589 3
q4ae8dd26 0 475624 1
q4ae8dd26 0 475675 0
q4ae8dd26 0 475814 3
q4ae8dd26 0 476107 1
q4ae8dd26 0 476593 1
q4ae8dd26 0 477404 3
q4ae8dd26 0 478793 3
q4ae8dd26 0 480035 2
q4ae8dd26 0 480073 2
q4ae8dd26 0 480793 3
q4ae8dd26 0 852047 0
q4ae8dd26 0 4396350 0
q4ae8dd26 0 5467603 0
q4ae8dd26 0 7019593 0
q4ae8dd26 0 7431149 0
q4ae8dd26 0 10444996 0
q4ae8dd26 0 10582253 3
q4ae8dd26 0 13423539 0
q4ae8dd26 0 13484100 1
q4ae8dd26 0 13695384 0
q4ae8dd26 0 17149014 0
q4ae8dd26 0 17422633 3
q4ae8dd26 0 17438458 1
q4ae8dd26 0 18746185 2
q4ae8dd26 0 18958400 0
q4ae8dd26 0 19051517 0
q4ae8dd26 0 19051608 0
q4ae8dd26 0 19051636 0
q4ae8dd26 0 19051664 0
q4ae8dd26 0 19051685 0
q4ae8dd26 0 19051701 0
q4ae8dd26 0 19051731 0
q4ae8dd26 0 19051753 0
q4ae8dd26 0 19051780 0
q4ae8dd26 0 19051794 0
q4ae8dd26 0 19195098 1
q4bb0c2c8 0 1 0
q4bb0c2c8 0 1871 1
q4bb0c2c8 0 1879 1
q4bb0c2c8 0 1992 1
q4bb0c2c8 0 6421 0
q4bb0c2c8 0 6422 0
q4bb0c2c8 0 6423 0
q4bb0c2c8 0 6424 0
q4bb0c2c8 0 6425 0
q4bb0c2c8 0 6426 0
q4bb0c2c8 0 6427 0
q4bb0c2c8 0 6428 0
q4bb0c2c8 0 6429 0
q4bb0c2c8 0 6430 0
q4bb0c2c8 0 6431 0
q4bb0c2c8 0 6432 0
q4bb0c2c8 0 6433 0
q4bb0c2c8 0 6434 0
q4bb0c2c8 0 6435 0
q4bb0c2c8 0 6436 0
q4bb0c2c8 0 6437 0
q4bb0c2c8 0 6438 0
q4bb0c2c8 0 176125 2
q4bb0c2c8 0 181203 2
q4bb0c2c8 0 182388 2
q4bb0c2c8 0 182866 3
q4bb0c2c8 0 183025 1
q4bb0c2c8 0 184579 1
q4bb0c2c8 0 184911 2
q4bb0c2c8 0 185079 2
q4bb0c2c8 0 186243 2
q4bb0c2c8 0 186572 2
q4bb0c2c8 0 187372 3
q4bb0c2c8 0 187492 0
q4bb0c2c8 0 187623 3
q4bb0c2c8 0 190997 0
q4bb0c2c8 0 191308 3
q4bb0c2c8 0 191372 0
q4bb0c2c8 0 203562 0
q4bb0c2c8 0 234471 2
q4bb0c2c8 0 256907 3
q4bb0c2c8 0 331268 0
q4bb0c2c8 0 352161 1
q4bb0c2c8 0 370812 1
q4bb0c2c8 0 374036 2
q4bb0c2c8 0 374246 3
q4bb0c2c8 0 374251 1
q4bb0c2c8 0 374522 3
q4bb0c2c8 0 390367 2
q4bb0c2c8 0 390420 2
q4bb0c2c8 0 415280 2
q4bb0c2c8 0 416030 1
q4bb0c2c8 0 416074 1
q4bb0c2c8 0 423682 1
q4bb0c2c8 0 443190 2
q4bb0c2c8 0 460550 1
q4bb0c2c8 0 463831 1
q4bb0c2c8 0 466183 1
q4bb0c2c8 0 539737 1
q4bb0c2c8 0 542916 1
q4bb0c2c8 0 852047 0
q4bb0c2c8 0 4396350 0
q4bb0c2c8 0 7019593 0
q4bb0c2c8 0 7431149 0
q4bb0c2c8 0 10444996 0
q4bb0c2c8 0 13423539 0
q4bb0c2c8 0 13695384 0
q4bb0c2c8 0 16875503 2
q4bb0c2c8 0 16878480 2
q4bb0c2c8 0 16964425 3
q4bb0c2c8 0 17149014 0
q4bb0c2c8 0 18958400 0
q4bb0c2c8 0 19051517 0
q4bb0c2c8 0 19051608 0
q4bb0c2c8 0 19051636 0
q4bb0c2c8 0 19051664 0
q4bb0c2c8 0 19051685 0
q4bb0c2c8 0 19051701 0
q4bb0c2c8 0 19051731 0
q4bb0c2c8 0 19051753 0
q4bb0c2c8 0 19051780 0
q4bb0c2c8 0 19051794 0
q4c5bd108 0 1 0
q4c5bd108 0 6421 0
q4c5bd108 0 6422 0
q4c5bd108 0 6423 0
q4c5bd108 0 6424 0
q4c5bd108 0 6425 0
q4c5bd108 0 6426 0
q4c5bd108 0 6427 0
q4c5bd108 0 6428 0
q4c5bd108 0 6429 0
q4c5bd108 0 6430 0
q4c5bd108 0 6431 0
q4c5bd108 0 6432 0
q4c5bd108 0 6433 0
q4c5bd108 0 6434 0
q4c5bd108 0 6435 0
q4c5bd108 0 6436 0
q4c5bd108 0 6437 0
q4c5bd108 0 6438 0
q4c5bd108 0 14766 3
q4c5bd108 0 17588 0
q4c5bd108 0 17589 0
q4c5bd108 0 17590 0
q4c5bd108 0 17591 0
q4c5bd108 0 17592 0
q4c5bd108 0 17593 0
q4c5bd108 0 17594 0
q4c5bd108 0 17595 0
q4c5bd108 0 17596 0
q4c5bd108 0 17597 0
q4c5bd108 0 17598 0
q4c5bd108 0 17599 0
q4c5bd108 0 17600 0
q4c5bd108 0 17601 3
q4c5bd108 0 17602 0
q4c5bd108 0 17603 0
q4c5bd108 0 17604 0
q4c5bd108 0 17605 0
q4c5bd108 0 192383 3
q4c5bd108 0 192611 3
q4c5bd108 0 192612 2
q4c5bd108 0 192615 3
q4c5bd108 0 192617 3
q4c5bd108 0 192628 3
q4c5bd108 0 192631 3
q4c5bd108 0 192673 3
q4c5bd108 0 192683 1
q4c5bd108 0 227530 2
q4c5bd108 0 227968 2
q4c5bd108 0 233684 3
q4c5bd108 0 235325 3
q4c5bd108 0 250194 3
q4c5bd108 0 251334 2
q4c5bd108 0 251419 3
q4c5bd108 0 251439 2
q4c5bd108 0 251500 3
q4c5bd108 0 260035 3
q4c5bd108 0 284607 3
q4c5bd108 0 344819 3
q4c5bd108 0 389064 3
q4c5bd108 0 402719 2
q4c5bd108 0 420939 3
q4c5bd108 0 431686 3
q4c5bd108 0 431929 3
q4c5bd108 0 432433 3
q4c5bd108 0 434680 3
q4c5bd108 0 849471 0
q4c5bd108 0 852047 0
q4c5bd108 0 4396350 0
q4c5bd108 0 7019593 0
q4c5bd108 0 7431149 0
q4c5bd108 0 10444996 0
q4c5bd108 0 13423539 0
q4c5bd108 0 13695384 0
q4c5bd108 0 13925287 0
q4c5bd108 0 16850463 3
q4c5bd108 0 16854459 2
q4c5bd108 0 16875608 3
q4c5bd108 0 16908979 2
q4c5bd108 0 16951805 1
q4c5bd108 0 16975198 3
q4c5bd108 0 16975238 3
q4c5bd108 0 17042798 3
q4c5bd108 0 17055639 2
q4c5bd108 0 17149014 0
q4c5bd108 0 17413886 3
q4c5bd108 0 18958400 0
q4c5bd108 0 19051517 0
q4c5bd108 0 19051608 0
q4c5bd108 0 19051636 0
q4c5bd108 0 19051664 0
q4c5bd108 0 19051685 0
q4c5bd108 0 19051701 0
q4c5bd108 0 19051731 0
q4c5bd108 0 19051753 0
q4c5bd108 0 19051780 0
q4c5bd108 0 19051794 0
q4c5bd108 0 19218351 1
q4c5bd108 0 19218359 1
q4c5bd108 0 19218367 0
q4c98964c 0 1 1
q4c98964c 0 2309 3
q4c98964c 0 6421 0
q4c98964c 0 6422 0
q4c98964c 0 6423 0
q4c98964c 0 6424 0
q4c98964c 0 6425 0
q4c98964c 0 6426 0
q4c98964c 0 6427 0
q4c98964c 0 6428 0
q4c98964c 0 6429 0
q4c98964c 0 6430 0
q4c98964c 0 6431 0
q4c98964c 0 6432 0
q4c98964c 0 6433 0
q4c98964c 0 6434 0
q4c98964c 0 6435 0
q4c98964c 0 6436 0
q4c98964c 0 6437 0
q4c98964c 0 6438 0
q4c98964c 0 180803 3
q4c98964c 0 182691 2
q4c98964c 0 235163 3
q4c98964c 0 271006 0
q4c98964c 0 279517 3
q4c98964c 0 281971 2
q4c98964c 0 282071 2
q4c98964c 0 282745 3
q4c98964c 0 286780 0
q4c98964c 0 303131 0
q4c98964c 0 321837 0
q4c98964c 0 326071 0
q4c98964c 0 328605 2
q4c98964c 0 329434 2
q4c98964c 0 330269 2
q4c98964c 0 334584 1
q4c98964c 0 343677 0
q4c98964c 0 374351 3
q4c98964c 0 392649 0
q4c98964c 0 419668 0
q4c98964c 0 484048 0
q4c98964c 0 484108 1
q4c98964c 0 485300 0
q4c98964c 0 485447 0
q4c98964c 0 485483 0
q4c98964c 0 485593 2
q4c98964c 0 485648 2
q4c98964c 0 485710 1
q4c98964c 0 486257 1
q4c98964c 0 486383 2
q4c98964c 0 488120 0
q4c98964c 0 488260 1
q4c98964c 0 499097 1
q4c98964c 0 499355 2
q4c98964c 0 500227 1
q4c98964c 0 500266 3
q4c98964c 0 852047 0
q4c98964c 0 4396350 0
q4c98964c 0 7019593 0
q4c98964c 0 7431149 0
q4c98964c 0 10444996 0
q4c98964c 0 13423539 0
q4c98964c 0 13695384 0
q4c98964c 0 16848415 2
q4c98964c 0 16857367 0
q4c98964c 0 17007095 2
q4c98964c 0 17064515 2
q4c98964c 0 17149014 0
q4c98964c 0 18958400 0
q4c98964c 0 19051517 0
q4c98964c 0 19051608 0
q4c98964c 0 19051636 0
q4c98964c 0 19051664 0
q4c98964c 0 19051685 0
q4c98964c 0 19051701 0
q4c98964c 0 19051731 0
q4c98964c 0 19051753 0
q4c98964c 0 19051780 0
q4c98964c 0 19051794 0
q4c9a294c 0 1 0
q4c9a294c 0 6421 0
q4c9a294c 0 6422 0
q4c9a294c 0 6423 0
q4c9a294c 0 6424 0
q4c9a294c 0 6425 0
q4c9a294c 0 6426 0
q4c9a294c 0 6427 0
q4c9a294c 0 6428 0
q4c9a294c 0 6429 0
q4c9a294c 0 6430 0
q4c9a294c 0 6431 0
q4c9a294c 0 6432 0
q4c9a294c 0 6433 0
q4c9a294c 0 6434 0
q4c9a294c 0 6435 0
q4c9a294c 0 6436 0
q4c9a294c 0 6437 0
q4c9a294c 0 6438 0
q4c9a294c 0 184730 0
q4c9a294c 0 185925 1
q4c9a294c 0 185929 2
q4c9a294c 0 185930 1
q4c9a294c 0 185941 0
q4c9a294c 0 185942 0
q4c9a294c 0 185946 0
q4c9a294c 0 185951 0
q4c9a294c 0 185952 0
q4c9a294c 0 185955 1
q4c9a294c 0 190384 1
q4c9a294c 0 190439 1
q4c9a294c 0 190921 2
q4c9a294c 0 191017 0
q4c9a294c 0 191115 2
q4c9a294c 0 213965 1
q4c9a294c 0 221987 1
q4c9a294c 0 221988 1
q4c9a294c 0 221989 1
q4c9a294c 0 223618 1
q4c9a294c 0 223709 1
q4c9a294c 0 223710 1
q4c9a294c 0 223711 1
q4c9a294c 0 223712 1
q4c9a294c 0 223713 1
q4c9a294c 0 223975 1
q4c9a294c 0 223976 1
q4c9a294c 0 224549 1
q4c9a294c 0 225103 1
q4c9a294c 0 321371 0
q4c9a294c 0 375179 1
q4c9a294c 0 379501 1
q4c9a294c 0 383310 0
q4c9a294c 0 383322 0
q4c9a294c 0 427960 0
q4c9a294c 0 428134 0
q4c9a294c 0 451593 1
q4c9a294c 0 451634 1
q4c9a294c 0 451672 1
q4c9a294c 0 451693 1
q4c9a294c 0 451709 1
q4c9a294c 0 451748 1
q4c9a294c 0 451764 1
q4c9a294c 0 451779 1
q4c9a294c 0 487377 0
q4c9a294c 0 488238 0
q4c9a294c 0 852047 0
q4c9a294c 0 4396350 0
q4c9a294c 0 7019593 0
q4c9a294c 0 7431149 0
q4c9a294c 0 10444996 0
q4c9a294c 0 13423539 0
q4c9a294c 0 13695384 0
q4c9a294c 0 16861771 0
q4c9a294c 0 16892529 1
q4c9a294c 0 16948325 1
q4c9a294c 0 16949450 0
q4c9a294c 0 16953458 2
q4c9a294c 0 16961069 2
q4c9a294c 0 16967040 0
q4c9a294c 0 16984002 0
q4c9a294c 0 16984177 0
q4c9a294c 0 17060340 3
q4c9a294c 0 17060738 2
q4c9a294c 0 17149014 0
q4c9a294c 0 17419218 2
q4c9a294c 0 18958400 0
q4c9a294c 0 19051517 0
q4c9a294c 0 19051608 0
q4c9a294c 0 19051636 0
q4c9a294c 0 19051664 0
q4c9a294c 0 19051685 0
q4c9a294c 0 19051701 0
q4c9a294c 0 19051731 0
q4c9a294c 0 19051753 0
q4c9a294c 0 19051780 1
q4c9a294c 0 19051794 0
q4c9a294c 0 19201718 1
q4cad3a6c 0 1 0
q4cad3a6c 0 6421 1
q4cad3a6c 0 6422 1
q4cad3a6c 0 6423 0
q4cad3a6c 0 6424 1
q4cad3a6c 0 6425 0
q4cad3a6c 0 6426 0
q4cad3a6c 0 6427 0
q4cad3a6c 0 6428 0
q4cad3a6c 0 6429 0
q4cad3a6c 0 6430 0
q4cad3a6c 0 6431 1
q4cad3a6c 0 6432 0
q4cad3a6c 0 6433 1
q4cad3a6c 0 6434 0
q4cad3a6c 0 6435 1
q4cad3a6c 0 6436 0
q4cad3a6c 0 6437 2
q4cad3a6c 0 6438 1
q4cad3a6c 0 178933 3
q4cad3a6c 0 181173 0
q4cad3a6c 0 181749 0
q4cad3a6c 0 195355 3
q4cad3a6c 0 198584 1
q4cad3a6c 0 199094 1
q4cad3a6c 0 199220 1
q4cad3a6c 0 199367 1
q4cad3a6c 0 203331 0
q4cad3a6c 0 203387 1
q4cad3a6c 0 203877 0
q4cad3a6c 0 204030 1
q4cad3a6c 0 207994 1
q4cad3a6c 0 208867 3
q4cad3a6c 0 208906 3
q4cad3a6c 0 209712 1
q4cad3a6c 0 210240 0
q4cad3a6c 0 210255 3
q4cad3a6c 0 211438 1
q4cad3a6c 0 211441 1
q4cad3a6c 0 233608 2
q4cad3a6c 0 234588 0
q4cad3a6c 0 235457 0
q4cad3a6c 0 245940 0
q4cad3a6c 0 246426 0
q4cad3a6c 0 246504 0
q4cad3a6c 0 246700 2
q4cad3a6c 0 247383 0
q4cad3a6c 0 257529 3
q4cad3a6c 0 257548 3
q4cad3a6c 0 257653 3
q4cad3a6c 0 257678 3
q4cad3a6c 0 312367 1
q4cad3a6c 0 393751 0
q4cad3a6c 0 418348 0
q4cad3a6c 0 852047 0
q4cad3a6c 0 4396350 0
q4cad3a6c 0 7019593 0
q4cad3a6c 0 7431149 0
q4cad3a6c 0 10444996 0
q4cad3a6c 0 13423539 1
q4cad3a6c 0 13695384 0
q4cad3a6c 0 16862541 2
q4cad3a6c 0 16863412 3
q4cad3a6c 0 16865750 1
q4cad3a6c 0 16866204 1
q4cad3a6c 0 16882947 1
q4cad3a6c 0 16883067 1
q4cad3a6c 0 17032098 2
q4cad3a6c 0 17149014 0
q4cad3a6c 0 18801638 3
q4cad3a6c 0 18958400 1
q4cad3a6c 0 19051517 0
q4cad3a6c 0 19051608 0
q4cad3a6c 0 19051636 0
q4cad3a6c 0 19051664 0
q4cad3a6c 0 19051685 0
q4cad3a6c 0 19051701 0
q4cad3a6c 0 19051731 0
q4cad3a6c 0 19051753 0
q4cad3a6c 0 19051780 0
q4cad3a6c 0 19051794 0
q4e1bf596 0 1 0
q4e1bf596 0 6421 0
q4e1bf596 0 6422 0
q4e1bf596 0 6423 0
q4e1bf596 0 6424 0
q4e1bf596 0 6425 0
q4e1bf596 0 6426 0
q4e1bf596 0 6427 0
q4e1bf596 0 6428 0
q4e1bf596 0 6429 0
q4e1bf596 0 6430 0
q4e1bf596 0 6431 0
q4e1bf596 0 6432 0
q4e1bf596 0 6433 0
q4e1bf596 0 6434 0
q4e1bf596 0 6435 0
q4e1bf596 0 6436 0
q4e1bf596 0 6437 0
q4e1bf596 0 6438 0
q4e1bf596 0 7808 0
q4e1bf596 0 7809 0
q4e1bf596 0 7810 0
q4e1bf596 0 7811 0
q4e1bf596 0 7812 0
q4e1bf596 0 7813 0
q4e1bf596 0 7814 0
q4e1bf596 0 7815 0
q4e1bf596 0 7816 0
q4e1bf596 0 7817 0
q4e1bf596 0 7818 0
q4e1bf596 0 7819 0
q4e1bf596 0 7820 0
q4e1bf596 0 7821 0
q4e1bf596 0 7822 0
q4e1bf596 0 7823 0
q4e1bf596 0 7824 0
q4e1bf596 0 486528 3
q4e1bf596 0 486535 3
q4e1bf596 0 486551 3
q4e1bf596 0 486556 3
q4e1bf596 0 486588 3
q4e1bf596 0 486595 3
q4e1bf596 0 486645 3
q4e1bf596 0 486763 3
q4e1bf596 0 486778 3
q4e1bf596 0 486815 3
q4e1bf596 0 486835 3
q4e1bf596 0 486845 3
q4e1bf596 0 486867 3
q4e1bf596 0 486956 3
q4e1bf596 0 487009 3
q4e1bf596 0 487029 3
q4e1bf596 0 487047 3
q4e1bf596 0 487099 3
q4e1bf596 0 487187 3
q4e1bf596 0 487220 3
q4e1bf596 0 487253 3
q4e1bf596 0 487367 3
q4e1bf596 0 487381 3
q4e1bf596 0 487416 3
q4e1bf596 0 487427 3
q4e1bf596 0 487435 3
q4e1bf596 0 487440 3
q4e1bf596 0 487446 3
q4e1bf596 0 487468 3
q4e1bf596 0 487472 3
q4e1bf596 0 487476 3
q4e1bf596 0 487483 3
q4e1bf596 0 488038 3
q4e1bf596 0 488997 3
q4e1bf596 0 489191 3
q4e1bf596 0 489481 3
q4e1bf596 0 489709 3
q4e1bf596 0 489755 3
q4e1bf596 0 489764 3
q4e1bf596 0 489909 3
q4e1bf596 0 490553 3
q4e1bf596 0 498688 1
q4e1bf596 0 499475 1
q4e1bf596 0 852047 0
q4e1bf596 0 4396350 0
q4e1bf596 0 4509656 0
q4e1bf596 0 7019593 0
q4e1bf596 0 7431149 0
q4e1bf596 0 10444996 0
q4e1bf596 0 10519454 0
q4e1bf596 0 13423539 0
q4e1bf596 0 13695384 0
q4e1bf596 0 17149014 0
q4e1bf596 0 17261028 0
q4e1bf596 0 18809221 0
q4e1bf596 0 18809228 0
q4e1bf596 0 18809232 0
q4e1bf596 0 18809236 0
q4e1bf596 0 18809240 0
q4e1bf596 0 18958400 0
q4e1bf596 0 19051517 0
q4e1bf596 0 19051608 0
q4e1bf596 0 19051636 0
q4e1bf596 0 19051664 0
q4e1bf596 0 19051685 0
q4e1bf596 0 19051701 0
q4e1bf596 0 19051731 0
q4e1bf596 0 19051753 0
q4e1bf596 0 19051780 0
q4e1bf596 0 19051794 0
q4e7c485e 0 1 0
q4e7c485e 0 6421 0
q4e7c485e 0 6422 0
q4e7c485e 0 6423 0
q4e7c485e 0 6424 0
q4e7c485e 0 6425 0
q4e7c485e 0 6426 0
q4e7c485e 0 6427 0
q4e7c485e 0 6428 0
q4e7c485e 0 6429 0
q4e7c485e 0 6430 0
q4e7c485e 0 6431 0
q4e7c485e 0 6432 0
q4e7c485e 0 6433 0
q4e7c485e 0 6434 0
q4e7c485e 0 6435 0
q4e7c485e 0 6436 0
q4e7c485e 0 6437 0
q4e7c485e 0 6438 0
q4e7c485e 0 264317 3
q4e7c485e 0 264397 3
q4e7c485e 0 264437 3
q4e7c485e 0 264484 3
q4e7c485e 0 264508 3
q4e7c485e 0 264573 3
q4e7c485e 0 264602 3
q4e7c485e 0 264614 3
q4e7c485e 0 264619 3
q4e7c485e 0 264667 2
q4e7c485e 0 264675 3
q4e7c485e 0 264685 3
q4e7c485e 0 264733 2
q4e7c485e 0 264744 3
q4e7c485e 0 264775 2
q4e7c485e 0 264811 3
q4e7c485e 0 264833 2
q4e7c485e 0 264837 2
q4e7c485e 0 264839 2
q4e7c485e 0 264846 3
q4e7c485e 0 264862 3
q4e7c485e 0 265023 2
q4e7c485e 0 265120 3
q4e7c485e 0 265215 3
q4e7c485e 0 265259 3
q4e7c485e 0 265945 3
q4e7c485e 0 266278 2
q4e7c485e 0 266293 3
q4e7c485e 0 266304 3
q4e7c485e 0 266306 2
q4e7c485e 0 266308 2
q4e7c485e 0 266310 3
q4e7c485e 0 266726 3
q4e7c485e 0 266897 3
q4e7c485e 0 267028 3
q4e7c485e 0 267035 3
q4e7c485e 0 267370 3
q4e7c485e 0 267607 3
q4e7c485e 0 267609 3
q4e7c485e 0 267679 3
q4e7c485e 0 268414 3
q4e7c485e 0 269276 3
q4e7c485e 0 272006 3
q4e7c485e 0 274977 3
q4e7c485e 0 287599 3
q4e7c485e 0 287695 3
q4e7c485e 0 290881 3
q4e7c485e 0 333721 2
q4e7c485e 0 852047 0
q4e7c485e 0 4396350 0
q4e7c485e 0 7019593 0
q4e7c485e 0 7431149 0
q4e7c485e 0 10444996 0
q4e7c485e 0 13423539 0
q4e7c485e 0 13695384 0
q4e7c485e 0 17149014 0
q4e7c485e 0 18958400 0
q4e7c485e 0 19051517 0
q4e7c485e 0 19051608 0
q4e7c485e 0 19051636 0
q4e7c485e 0 19051664 0
q4e7c485e 0 19051685 0
q4e7c485e 0 19051701 0
q4e7c485e 0 19051731 0
q4e7c485e 0 19051753 0
q4e7c485e 0 19051780 0
q4e7c485e 0 19051794 0
q4e7c485e 0 19136350 3
q52863463 0 1 0
q52863463 0 6421 0
q52863463 0 6422 0
q52863463 0 6423 0
q52863463 0 6424 0
q52863463 0 6425 0
q52863463 0 6426 0
q52863463 0 6427 0
q52863463 0 6428 0
q52863463 0 6429 0
q52863463 0 6430 0
q52863463 0 6431 0
q52863463 0 6432 0
q52863463 0 6433 0
q52863463 0 6434 0
q52863463 0 6435 0
q52863463 0 6436 0
q52863463 0 6437 0
q52863463 0 6438 0
q52863463 0 395195 3
q52863463 0 395330 3
q52863463 0 395353 3
q52863463 0 395431 3
q52863463 0 395500 3
q52863463 0 396000 3
q52863463 0 396047 3
q52863463 0 396055 3
q52863463 0 396120 3
q52863463 0 396131 3
q52863463 0 396621 3
q52863463 0 396808 3
q52863463 0 396890 3
q52863463 0 397317 3
q52863463 0 397603 3
q52863463 0 397827 3
q52863463 0 397830 3
q52863463 0 397834 3
q52863463 0 397836 3
q52863463 0 397839 3
q52863463 0 397842 3
q52863463 0 397844 3
q52863463 0 397847 3
q52863463 0 397852 3
q52863463 0 397855 3
q52863463 0 397858 3
q52863463 0 397860 3
q52863463 0 397863 3
q52863463 0 397864 3
q52863463 0 398131 3
q52863463 0 398291 3
q52863463 0 398490 3
q52863463 0 398583 3
q52863463 0 398635 3
q52863463 0 398658 3
q52863463 0 398673 3
q52863463 0 398675 3
q52863463 0 398684 3
q52863463 0 398741 3
q52863463 0 398743 3
q52863463 0 852047 0
q52863463 0 4396350 0
q52863463 0 7019593 0
q52863463 0 7431149 0
q52863463 0 10444996 0
q52863463 0 13423539 0
q52863463 0 13695384 0
q52863463 0 17009675 1
q52863463 0 17009897 1
q52863463 0 17009911 1
q52863463 0 17010283 3
q52863463 0 17010502 1
q52863463 0 17149014 0
q52863463 0 18958400 0
q52863463 0 19051517 0
q52863463 0 19051608 0
q52863463 0 19051636 0
q52863463 0 19051664 0
q52863463 0 19051685 0
q52863463 0 19051701 0
q52863463 0 19051731 0
q52863463 0 19051753 0
q52863463 0 19051780 0
q52863463 0 19051794 0
q53cf2469 0 1 1
q53cf2469 0 6421 0
q53cf2469 0 6422 0
q53cf2469 0 6423 0
q53cf2469 0 6424 0
q53cf2469 0 6425 0
q53cf2469 0 6426 0
q53cf2469 0 6427 0
q53cf2469 0 6428 0
q53cf2469 0 6429 0
q53cf2469 0 6430 0
q53cf2469 0 6431 0
q53cf2469 0 6432 1
q53cf2469 0 6433 0
q53cf2469 0 6434 0
q53cf2469 0 6435 0
q53cf2469 0 6436 0
q53cf2469 0 6437 0
q53cf2469 0 6438 0
q53cf2469 0 179402 2
q53cf2469 0 227472 1
q53cf2469 0 227840 2
q53cf2469 0 234697 2
q53cf2469 0 234706 1
q53cf2469 0 234924 0
q53cf2469 0 235838 2
q53cf2469 0 249657 1
q53cf2469 0 250158 1
q53cf2469 0 253765 1
q53cf2469 0 280000 1
q53cf2469 0 280044 1
q53cf2469 0 280508 1
q53cf2469 0 284695 1
q53cf2469 0 304130 0
q53cf2469 0 323259 2
q53cf2469 0 329020 3
q53cf2469 0 329679 1
q53cf2469 0 329688 1
q53cf2469 0 331651 1
q53cf2469 0 331876 1
q53cf2469 0 332020 1
q53cf2469 0 332074 1
q53cf2469 0 390255 0
q53cf2469 0 485247 1
q53cf2469 0 485734 1
q53cf2469 0 486491 1
q53cf2469 0 486495 1
q53cf2469 0 487780 0
q53cf2469 0 489914 1
q53cf2469 0 490170 0
q53cf2469 0 493926 0
q53cf2469 0 493954 3
q53cf2469 0 499156 1
q53cf2469 0 499498 2
q53cf2469 0 852047 0
q53cf2469 0 4396350 0
q53cf2469 0 7019593 0
q53cf2469 0 7431149 0
q53cf2469 0 10444996 0
q53cf2469 0 13423539 0
q53cf2469 0 13695384 0
q53cf2469 0 16860509 1
q53cf2469 0 16971382 0
q53cf2469 0 17058170 3
q53cf2469 0 17064320 3
q53cf2469 0 17066310 2
q53cf2469 0 17066352 2
q53cf2469 0 17071752 2
q53cf2469 0 17072373 2
q53cf2469 0 17149014 0
q53cf2469 0 18958400 0
q53cf2469 0 19051517 0
q53cf2469 0 19051608 0
q53cf2469 0 19051636 0
q53cf2469 0 19051664 0
q53cf2469 0 19051685 2
q53cf2469 0 19051701 0
q53cf2469 0 19051731 0
q53cf2469 0 19051753 0
q53cf2469 0 19051780 0
q53cf2469 0 19051794 0
q53cf2469 0 19222793 2
q54477a2b 0 1 0
q54477a2b 0 6421 0
q54477a2b 0 6422 0
q54477a2b 0 6423 0
q54477a2b 0 6424 0
q54477a2b 0 6425 0
q54477a2b 0 6426 0
q54477a2b 0 6427 0
q54477a2b 0 6428 0
q54477a2b 0 6429 0
q54477a2b 0 6430 0
q54477a2b 0 6431 0
q54477a2b 0 6432 0
q54477a2b 0 6433 0
q54477a2b 0 6434 0
q54477a2b 0 6435 0
q54477a2b 0 6436 0
q54477a2b 0 6437 0
q54477a2b 0 6438 0
q54477a2b 0 424347 3
q54477a2b 0 424368 3
q54477a2b 0 424685 3
q54477a2b 0 424925 3
q54477a2b 0 425233 3
q54477a2b 0 425271 3
q54477a2b 0 426219 3
q54477a2b 0 426267 3
q54477a2b 0 426552 3
q54477a2b 0 426671 3
q54477a2b 0 426819 3
q54477a2b 0 426832 3
q54477a2b 0 427208 3
q54477a2b 0 427254 3
q54477a2b 0 427295 3
q54477a2b 0 427384 3
q54477a2b 0 427392 3
q54477a2b 0 427758 3
q54477a2b 0 427796 3
q54477a2b 0 427797 3
q54477a2b 0 427836 3
q54477a2b 0 427843 3
q54477a2b 0 427926 3
q54477a2b 0 427937 3
q54477a2b 0 428013 3
q54477a2b 0 428049 3
q54477a2b 0 428147 3
q54477a2b 0 428166 3
q54477a2b 0 428168 3
q54477a2b 0 428170 3
q54477a2b 0 428171 3
q54477a2b 0 428178 3
q54477a2b 0 428184 3
q54477a2b 0 428279 3
q54477a2b 0 428287 3
q54477a2b 0 428289 3
q54477a2b 0 428301 3
q54477a2b 0 428314 3
q54477a2b 0 428511 3
q54477a2b 0 428516 3
q54477a2b 0 852047 0
q54477a2b 0 4396350 0
q54477a2b 0 7019593 0
q54477a2b 0 7431149 0
q54477a2b 0 10444996 0
q54477a2b 0 13423539 0
q54477a2b 0 13695384 0
q54477a2b 0 17149014 0
q54477a2b 0 18751995 3
q54477a2b 0 18958400 0
q54477a2b 0 19051517 0
q54477a2b 0 19051608 0
q54477a2b 0 19051636 0
q54477a2b 0 19051664 0
q54477a2b 0 19051685 0
q54477a2b 0 19051701 0
q54477a2b 0 19051731 0
q54477a2b 0 19051753 0
q54477a2b 0 19051780 0
q54477a2b 0 19051794 0
q544ef574 0 53217 3
q544ef574 0 53610 3
q544ef574 0 53617 3
q544ef574 0 53630 3
q544ef574 0 53662 3
q544ef574 0 53741 3
q544ef574 0 53795 2
q544ef574 0 53804 2
q544ef574 0 53810 3
q544ef574 0 54011 3
q544ef574 0 54104 2
q544ef574 0 54140 1
q544ef574 0 54196 2
q544ef574 0 54208 2
q544ef574 0 54251 2
q544ef574 0 54402 2
q544ef574 0 54588 2
q544ef574 0 54649 1
q544ef574 0 55306 3
q544ef574 0 59144 3
q544ef574 0 5240271 0
q544ef574 0 5394343 0
q544ef574 0 6535985 0
q544ef574 0 7368560 1
q544ef574 0 7690841 0
q544ef574 0 8217845 0
q544ef574 0 9386467 0
q544ef574 0 10327634 0
q544ef574 0 10714871 0
q544ef574 0 12226917 0
q544ef574 0 14389953 0
q544ef574 0 14389954 1
q544ef574 0 14389955 0
q544ef574 0 14389956 0
q544ef574 0 14389957 0
q544ef574 0 14389958 1
q544ef574 0 14389959 0
q544ef574 0 15749748 0
q544ef574 0 17168882 0
q544ef574 0 17168940 0
q544ef574 0 19124493 0
q544ef574 0 19124516 0
q544ef574 0 19124531 0
q544ef574 0 19124543 0
q544ef574 0 19124558 0
q544ef574 0 19124578 0
q544ef574 0 19124588 0
q544ef574 0 19124598 1
q544ef574 0 19124605 0
q544ef574 0 19124622 0
q544ef574 0 19124632 0
q544ef574 0 19124647 0
q544ef574 0 19124652 1
q544ef574 0 19124662 0
q544ef574 0 19124673 0
q544ef574 0 19124695 0
q544ef574 0 19124701 1
q544ef574 0 19124709 0
q544ef574 0 19124716 0
q544ef574 0 19124741 0
q54c3a68f 0 1 0
q54c3a68f 0 6421 0
q54c3a68f 0 6422 0
q54c3a68f 0 6423 0
q54c3a68f 0 6424 0
q54c3a68f 0 6425 0
q54c3a68f 0 6426 0
q54c3a68f 0 6427 0
q54c3a68f 0 6428 0
q54c3a68f 0 6429 0
q54c3a68f 0 6430 0
q54c3a68f 0 6431 0
q54c3a68f 0 6432 0
q54c3a68f 0 6433 0
q54c3a68f 0 6434 0
q54c3a68f 0 6435 0
q54c3a68f 0 6436 0
q54c3a68f 0 6437 0
q54c3a68f 0 6438 0
q54c3a68f 0 11563 0
q54c3a68f 0 11564 0
q54c3a68f 0 11565 0
q54c3a68f 0 11566 0
q54c3a68f 0 11567 0
q54c3a68f 0 11568 0
q54c3a68f 0 11569 0
q54c3a68f 0 11570 0
q54c3a68f 0 11571 0
q54c3a68f 0 11572 0
q54c3a68f 0 11573 0
q54c3a68f 0 11574 0
q54c3a68f 0 11575 0
q54c3a68f 0 12478 0
q54c3a68f 0 12479 0
q54c3a68f 0 12480 0
q54c3a68f 0 12481 0
q54c3a68f 0 12482 0
q54c3a68f 0 12483 0
q54c3a68f 0 12484 0
q54c3a68f 0 12485 0
q54c3a68f 0 12486 0
q54c3a68f 0 12487 0
q54c3a68f 0 12488 0
q54c3a68f 0 12489 0
q54c3a68f 0 12490 0
q54c3a68f 0 12491 0
q54c3a68f 0 12492 0
q54c3a68f 0 12493 0
q54c3a68f 0 12494 0
q54c3a68f 0 12495 0
q54c3a68f 0 501962 3
q54c3a68f 0 502065 3
q54c3a68f 0 502270 3
q54c3a68f 0 502435 3
q54c3a68f 0 502534 3
q54c3a68f 0 502606 3
q54c3a68f 0 502618 3
q54c3a68f 0 502644 3
q54c3a68f 0 502725 3
q54c3a68f 0 502741 3
q54c3a68f 0 503102 3
q54c3a68f 0 503719 3
q54c3a68f 0 504448 3
q54c3a68f 0 504522 3
q54c3a68f 0 504578 3
q54c3a68f 0 504858 3
q54c3a68f 0 504967 3
q54c3a68f 0 505158 3
q54c3a68f 0 505446 3
q54c3a68f 0 505459 3
q54c3a68f 0 505626 3
q54c3a68f 0 505704 3
q54c3a68f 0 505722 3
q54c3a68f 0 505762 3
q54c3a68f 0 505798 3
q54c3a68f 0 505867 3
q54c3a68f 0 516809 3
q54c3a68f 0 516819 3
q54c3a68f 0 516825 3
q54c3a68f 0 516826 3
q54c3a68f 0 516839 3
q54c3a68f 0 516850 3
q54c3a68f 0 516864 3
q54c3a68f 0 517000 3
q54c3a68f 0 517090 3
q54c3a68f 0 518149 3
q54c3a68f 0 518235 3
q54c3a68f 0 852047 0
q54c3a68f 0 3614965 0
q54c3a68f 0 3905136 0
q54c3a68f 0 4396350 0
q54c3a68f 0 7019593 0
q54c3a68f 0 7431149 0
q54c3a68f 0 10444996 0
q54c3a68f 0 12286352 0
q54c3a68f 0 13423539 0
q54c3a68f 0 13695384 0
q54c3a68f 0 13934522 0
q54c3a68f 0 17149014 0
q54c3a68f 0 18958400 0
q54c3a68f 0 19051517 0
q54c3a68f 0 19051608 0
q54c3a68f 0 19051636 0
q54c3a68f 0 19051664 0
q54c3a68f 0 19051685 0
q54c3a68f 0 19051701 0
q54c3a68f 0 19051731 0
q54c3a68f 0 19051753 0
q54c3a68f 0 19051780 0
q54c3a68f 0 19051794 0
q54c3a68f 0 19312390 0
q54c3a68f 0 19312409 0
q54c3a68f 0 19312419 0
q54c3a68f 0 19312428 0
q54c3a68f 0 19312436 0
q561aa803 0 1 0
q561aa803 0 6421 0
q561aa803 0 6422 0
q561aa803 0 6423 0
q561aa803 0 6424 0
q561aa803 0 6425 0
q561aa803 0 6426 0
q561aa803 0 6427 0
q561aa803 0 6428 0
q561aa803 0 6429 0
q561aa803 0 6430 0
q561aa803 0 6431 0
q561aa803 0 6432 0
q561aa803 0 6433 0
q561aa803 0 6434 0
q561aa803 0 6435 0
q561aa803 0 6436 0
q561aa803 0 6437 0
q561aa803 0 6438 0
q561aa803 0 14552 2
q561aa803 0 185891 0
q561aa803 0 228659 1
q561aa803 0 240227 1
q561aa803 0 241105 1
q561aa803 0 241109 1
q561aa803 0 241113 1
q561aa803 0 241117 1
q561aa803 0 241120 1
q561aa803 0 241125 1
q561aa803 0 241128 1
q561aa803 0 241130 1
q561aa803 0 241132 1
q561aa803 0 241135 1
q561aa803 0 241137 1
q561aa803 0 241139 1
q561aa803 0 241142 1
q561aa803 0 241144 1
q561aa803 0 241147 1
q561aa803 0 241149 1
q561aa803 0 242315 1
q561aa803 0 244970 3
q561aa803 0 250833 2
q561aa803 0 285187 2
q561aa803 0 324171 1
q561aa803 0 324179 0
q561aa803 0 324180 1
q561aa803 0 324182 1
q561aa803 0 324346 0
q561aa803 0 404785 0
q561aa803 0 404800 1
q561aa803 0 425636 0
q561aa803 0 449827 0
q561aa803 0 452040 1
q561aa803 0 454186 0
q561aa803 0 455054 0
q561aa803 0 458920 1
q561aa803 0 499184 0
q561aa803 0 499496 0
q561aa803 0 508627 0
q561aa803 0 508691 0
q561aa803 0 783149 1
q561aa803 0 852047 0
q561aa803 0 4396350 0
q561aa803 0 4397512 1
q561aa803 0 7019593 0
q561aa803 0 7431149 0
q561aa803 0 10444996 0
q561aa803 0 13423539 0
q561aa803 0 13695384 0
q561aa803 0 13937405 1
q561aa803 0 16887750 0
q561aa803 0 16890279 1
q561aa803 0 16892782 0
q561aa803 0 16899678 2
q561aa803 0 16899898 2
q561aa803 0 16900170 2
q561aa803 0 16900200 2
q561aa803 0 16902699 1
q561aa803 0 16902703 1
q561aa803 0 16902880 2
q561aa803 0 16983280 3
q561aa803 0 16983448 1
q561aa803 0 16983457 1
q561aa803 0 16983566 2
q561aa803 0 16983665 1
q561aa803 0 16983765 1
q561aa803 0 16983794 3
q561aa803 0 16983815 1
q561aa803 0 16983895 3
q561aa803 0 16983950 2
q561aa803 0 16984114 1
q561aa803 0 17013057 2
q561aa803 0 17013227 3
q561aa803 0 17014551 3
q561aa803 0 17014604 3
q561aa803 0 17022062 1
q561aa803 0 17022578 1
q561aa803 0 17022663 2
q561aa803 0 17022720 2
q561aa803 0 17022724 2
q561aa803 0 17022729 2
q561aa803 0 17024839 2
q561aa803 0 17065786 2
q561aa803 0 17067371 2
q561aa803 0 17071609 2
q561aa803 0 17149014 0
q561aa803 0 17177335 1
q561aa803 0 17431423 2
q561aa803 0 18958400 0
q561aa803 0 19051517 0
q561aa803 0 19051608 0
q561aa803 0 19051636 0
q561aa803 0 19051664 0
q561aa803 0 19051685 0
q561aa803 0 19051701 1
q561aa803 0 19051731 0
q561aa803 0 19051753 0
q561aa803 0 19051780 0
q561aa803 0 19051794 0
q561aa803 0 19122619 1
q561aa803 0 19122643 1
q561aa803 0 19122662 1
q561aa803 0 19122678 1
q561aa803 0 19122698 1
q561aa803 0 19122713 1
q561aa803 0 19122746 1
q561aa803 0 19122769 1
q5794329d 0 1 0
q5794329d 0 6421 0
q5794329d 0 6422 0
q5794329d 0 6423 0
q5794329d 0 6424 0
q5794329d 0 6425 0
q5794329d 0 6426 0
q5794329d 0 6427 0
q5794329d 0 6428 0
q5794329d 0 6429 0
q5794329d 0 6430 0
q5794329d 0 6431 0
q5794329d 0 6432 0
q5794329d 0 6433 0
q5794329d 0 6434 0
q5794329d 0 6435 0
q5794329d 0 6436 0
q5794329d 0 6437 0
q5794329d 0 6438 0
q5794329d 0 10634 0
q5794329d 0 10635 0
q5794329d 0 10636 0
q5794329d 0 10637 0
q5794329d 0 10638 0
q5794329d 0 10639 0
q5794329d 0 10640 0
q5794329d 0 10641 0
q5794329d 0 10642 0
q5794329d 0 10643 1
q5794329d 0 10644 0
q5794329d 0 10645 1
q5794329d 0 10646 0
q5794329d 0 10647 0
q5794329d 0 10648 0
q5794329d 0 10649 0
q5794329d 0 10650 0
q5794329d 0 10651 0
q5794329d 0 458080 0
q5794329d 0 461186 3
q5794329d 0 461233 3
q5794329d 0 461261 3
q5794329d 0 461303 3
q5794329d 0 461313 3
q5794329d 0 461476 3
q5794329d 0 461631 3
q5794329d 0 461896 3
q5794329d 0 462506 3
q5794329d 0 462644 3
q5794329d 0 462782 3
q5794329d 0 462815 3
q5794329d 0 462834 3
q5794329d 0 462900 3
q5794329d 0 462939 3
q5794329d 0 462944 3
q5794329d 0 462986 3
q5794329d 0 462991 3
q5794329d 0 463010 3
q5794329d 0 463434 3
q5794329d 0 463463 3
q5794329d 0 464300 3
q5794329d 0 464383 3
q5794329d 0 464523 3
q5794329d 0 464632 3
q5794329d 0 464926 3
q5794329d 0 465004 3
q5794329d 0 465886 3
q5794329d 0 466109 3
q5794329d 0 466289 3
q5794329d 0 466363 3
q5794329d 0 466373 3
q5794329d 0 466493 3
q5794329d 0 466495 3
q5794329d 0 466723 3
q5794329d 0 467252 0
q5794329d 0 467300 0
q5794329d 0 467312 0
q5794329d 0 467523 0
q5794329d 0 529565 0
q5794329d 0 529588 0
q5794329d 0 529590 0
q5794329d 0 529596 0
q5794329d 0 849622 0
q5794329d 0 852047 0
q5794329d 0 4396350 0
q5794329d 0 7019593 0
q5794329d 0 7431149 0
q5794329d 0 10444996 0
q5794329d 0 13065124 1
q5794329d 0 13423539 0
q5794329d 0 13695384 0
q5794329d 0 16861541 1
q5794329d 0 16862227 1
q5794329d 0 16927013 1
q5794329d 0 16927031 1
q5794329d 0 16927850 1
q5794329d 0 16927896 1
q5794329d 0 16928000 1
q5794329d 0 17016034 1
q5794329d 0 17016169 1
q5794329d 0 17016334 1
q5794329d 0 17016359 1
q5794329d 0 17016369 1
q5794329d 0 17016503 1
q5794329d 0 17016580 1
q5794329d 0 17017767 1
q5794329d 0 17018960 1
q5794329d 0 17149014 0
q5794329d 0 18923099 3
q5794329d 0 18923370 3
q5794329d 0 18923402 3
q5794329d 0 18958400 0
q5794329d 0 19051517 0
q5794329d 0 19051608 0
q5794329d 0 19051636 0
q5794329d 0 19051664 0
q5794329d 0 19051685 0
q5794329d 0 19051701 0
q5794329d 0 19051731 0
q5794329d 0 19051753 0
q5794329d 0 19051780 0
q5794329d 0 19051794 0
q5794329d 0 19225864 0
q5794329d 0 19225881 0
q5794329d 0 19225938 0
q57e58d5b 0 1 0
q57e58d5b 0 6421 0
q57e58d5b 0 6422 0
q57e58d5b 0 6423 0
q57e58d5b 0 6424 0
q57e58d5b 0 6425 0
q57e58d5b 0 6426 0
q57e58d5b 0 6427 0
q57e58d5b 0 6428 0
q57e58d5b 0 6429 0
q57e58d5b 0 6430 0
q57e58d5b 0 6431 0
q57e58d5b 0 6432 0
q57e58d5b 0 6433 0
q57e58d5b 0 6434 0
q57e58d5b 0 6435 0
q57e58d5b 0 6436 0
q57e58d5b 0 6437 0
q57e58d5b 0 6438 0
q57e58d5b 0 370735 3
q57e58d5b 0 370762 3
q57e58d5b 0 370904 3
q57e58d5b 0 370938 3
q57e58d5b 0 371011 3
q57e58d5b 0 371036 3
q57e58d5b 0 371125 3
q57e58d5b 0 371209 3
q57e58d5b 0 371235 3
q57e58d5b 0 371272 3
q57e58d5b 0 371307 3
q57e58d5b 0 371332 3
q57e58d5b 0 371344 3
q57e58d5b 0 371355 3
q57e58d5b 0 371358 3
q57e58d5b 0 371451 3
q57e58d5b 0 371564 3
q57e58d5b 0 371573 3
q57e58d5b 0 371626 3
q57e58d5b 0 371640 3
q57e58d5b 0 371654 3
q57e58d5b 0 371680 3
q57e58d5b 0 371685 3
q57e58d5b 0 371708 3
q57e58d5b 0 371917 3
q57e58d5b 0 371946 3
q57e58d5b 0 371987 3
q57e58d5b 0 372039 3
q57e58d5b 0 372093 3
q57e58d5b 0 372239 3
q57e58d5b 0 372420 3
q57e58d5b 0 372549 3
q57e58d5b 0 372919 3
q57e58d5b 0 373105 3
q57e58d5b 0 373168 3
q57e58d5b 0 373493 3
q57e58d5b 0 373639 3
q57e58d5b 0 373838 3
q57e58d5b 0 373922 3
q57e58d5b 0 373948 3
q57e58d5b 0 373987 3
q57e58d5b 0 374167 3
q57e58d5b 0 374862 3
q57e58d5b 0 375073 3
q57e58d5b 0 375592 3
q57e58d5b 0 376103 3
q57e58d5b 0 852047 0
q57e58d5b 0 4396350 0
q57e58d5b 0 7019593 0
q57e58d5b 0 7431149 0
q57e58d5b 0 10444996 0
q57e58d5b 0 13423539 0
q57e58d5b 0 13695384 0
q57e58d5b 0 16859011 1
q57e58d5b 0 17149014 0
q57e58d5b 0 18958400 0
q57e58d5b 0 19051517 0
q57e58d5b 0 19051608 0
q57e58d5b 0 19051636 0
q57e58d5b 0 19051664 0
q57e58d5b 0 19051685 0
q57e58d5b 0 19051701 0
q57e58d5b 0 19051731 0
q57e58d5b 0 19051753 0
q57e58d5b 0 19051780 0
q57e58d5b 0 19051794 0
q57e58d5b 0 19113385 3
q57e58d5b 0 19222837 0
q582cd6b5 0 1 0
q582cd6b5 0 6421 0
q582cd6b5 0 6422 0
q582cd6b5 0 6423 0
q582cd6b5 0 6424 0
q582cd6b5 0 6425 0
q582cd6b5 0 6426 0
q582cd6b5 0 6427 0
q582cd6b5 0 6428 0
q582cd6b5 0 6429 0
q582cd6b5 0 6430 0
q582cd6b5 0 6431 0
q582cd6b5 0 6432 0
q582cd6b5 0 6433 0
q582cd6b5 0 6434 0
q582cd6b5 0 6435 0
q582cd6b5 0 6436 0
q582cd6b5 0 6437 0
q582cd6b5 0 6438 0
q582cd6b5 0 185829 1
q582cd6b5 0 228078 1
q582cd6b5 0 231686 2
q582cd6b5 0 247757 3
q582cd6b5 0 303323 0
q582cd6b5 0 331868 1
q582cd6b5 0 351749 3
q582cd6b5 0 351793 1
q582cd6b5 0 461656 1
q582cd6b5 0 461866 1
q582cd6b5 0 462610 2
q582cd6b5 0 463159 1
q582cd6b5 0 464194 1
q582cd6b5 0 465059 1
q582cd6b5 0 465629 1
q582cd6b5 0 465741 1
q582cd6b5 0 465808 1
q582cd6b5 0 467516 1
q582cd6b5 0 524456 0
q582cd6b5 0 529527 1
q582cd6b5 0 529531 1
q582cd6b5 0 529542 1
q582cd6b5 0 529554 1
q582cd6b5 0 529558 1
q582cd6b5 0 529563 1
q582cd6b5 0 529566 0
q582cd6b5 0 529603 1
q582cd6b5 0 529611 1
q582cd6b5 0 529620 0
q582cd6b5 0 529624 0
q582cd6b5 0 852047 0
q582cd6b5 0 4396350 0
q582cd6b5 0 7019593 0
q582cd6b5 0 7431149 0
q582cd6b5 0 10444996 1
q582cd6b5 0 13423539 0
q582cd6b5 0 13695384 0
q582cd6b5 0 16875150 2
q582cd6b5 0 16876023 3
q582cd6b5 0 16903939 2
q582cd6b5 0 16906153 1
q582cd6b5 0 16913474 2
q582cd6b5 0 16917433 3
q582cd6b5 0 16917474 3
q582cd6b5 0 16917646 2
q582cd6b5 0 16922010 1
q582cd6b5 0 16940672 1
q582cd6b5 0 17053844 1
q582cd6b5 0 17054024 1
q582cd6b5 0 17054055 1
q582cd6b5 0 17054076 1
q582cd6b5 0 17054241 1
q582cd6b5 0 17149014 0
q582cd6b5 0 18958400 0
q582cd6b5 0 19051517 0
q582cd6b5 0 19051608 0
q582cd6b5 0 19051636 0
q582cd6b5 0 19051664 0
q582cd6b5 0 19051685 0
q582cd6b5 0 19051701 0
q582cd6b5 0 19051731 0
q582cd6b5 0 19051753 0
q582cd6b5 0 19051780 0
q582cd6b5 0 19051794 0
q59fc6a6b 0 1 0
q59fc6a6b 0 6421 0
q59fc6a6b 0 6422 0
q59fc6a6b 0 6423 0
q59fc6a6b 0 6424 0
q59fc6a6b 0 6425 0
q59fc6a6b 0 6426 0
q59fc6a6b 0 6427 0
q59fc6a6b 0 6428 0
q59fc6a6b 0 6429 0
q59fc6a6b 0 6430 0
q59fc6a6b 0 6431 0
q59fc6a6b 0 6432 0
q59fc6a6b 0 6433 0
q59fc6a6b 0 6434 0
q59fc6a6b 0 6435 0
q59fc6a6b 0 6436 0
q59fc6a6b 0 6437 0
q59fc6a6b 0 6438 0
q59fc6a6b 0 271689 3
q59fc6a6b 0 272390 3
q59fc6a6b 0 272394 3
q59fc6a6b 0 272398 3
q59fc6a6b 0 272430 3
q59fc6a6b 0 272716 3
q59fc6a6b 0 272740 3
q59fc6a6b 0 272741 3
q59fc6a6b 0 272759 3
q59fc6a6b 0 272841 3
q59fc6a6b 0 273038 3
q59fc6a6b 0 273040 3
q59fc6a6b 0 273042 3
q59fc6a6b 0 273235 3
q59fc6a6b 0 273238 3
q59fc6a6b 0 273301 3
q59fc6a6b 0 273302 3
q59fc6a6b 0 273306 3
q59fc6a6b 0 273358 3
q59fc6a6b 0 273366 3
q59fc6a6b 0 273422 3
q59fc6a6b 0 273637 3
q59fc6a6b 0 273638 3
q59fc6a6b 0 273936 3
q59fc6a6b 0 273938 3
q59fc6a6b 0 273940 3
q59fc6a6b 0 274184 3
q59fc6a6b 0 274354 3
q59fc6a6b 0 274356 3
q59fc6a6b 0 274416 3
q59fc6a6b 0 274461 3
q59fc6a6b 0 275921 3
q59fc6a6b 0 852047 0
q59fc6a6b 0 4396350 0
q59fc6a6b 0 7019593 0
q59fc6a6b 0 7431149 0
q59fc6a6b 0 10444996 0
q59fc6a6b 0 13423539 0
q59fc6a6b 0 13695384 0
q59fc6a6b 0 17149014 0
q59fc6a6b 0 18958400 0
q59fc6a6b 0 19051517 0
q59fc6a6b 0 19051608 0
q59fc6a6b 0 19051636 0
q59fc6a6b 0 19051664 0
q59fc6a6b 0 19051685 0
q59fc6a6b 0 19051701 0
q59fc6a6b 0 19051731 0
q59fc6a6b 0 19051753 0
q59fc6a6b 0 19051780 0
q59fc6a6b 0 19051794 0
q59fd8e6d 0 1 0
q59fd8e6d 0 6421 0
q59fd8e6d 0 6422 0
q59fd8e6d 0 6423 0
q59fd8e6d 0 6424 0
q59fd8e6d 0 6425 0
q59fd8e6d 0 6426 0
q59fd8e6d 0 6427 0
q59fd8e6d 0 6428 0
q59fd8e6d 0 6429 0
q59fd8e6d 0 6430 0
q59fd8e6d 0 6431 0
q59fd8e6d 0 6432 0
q59fd8e6d 0 6433 0
q59fd8e6d 0 6434 0
q59fd8e6d 0 6435 0
q59fd8e6d 0 6436 0
q59fd8e6d 0 6437 0
q59fd8e6d 0 6438 0
q59fd8e6d 0 393449 1
q59fd8e6d 0 396687 1
q59fd8e6d 0 396693 1
q59fd8e6d 0 396701 1
q59fd8e6d 0 397039 1
q59fd8e6d 0 400875 1
q59fd8e6d 0 419571 3
q59fd8e6d 0 419575 3
q59fd8e6d 0 419590 3
q59fd8e6d 0 419622 3
q59fd8e6d 0 419634 3
q59fd8e6d 0 419657 3
q59fd8e6d 0 419734 3
q59fd8e6d 0 419795 3
q59fd8e6d 0 419995 3
q59fd8e6d 0 420004 3
q59fd8e6d 0 420062 3
q59fd8e6d 0 420070 3
q59fd8e6d 0 420210 3
q59fd8e6d 0 420220 3
q59fd8e6d 0 420335 3
q59fd8e6d 0 420360 3
q59fd8e6d 0 420444 3
q59fd8e6d 0 420736 3
q59fd8e6d 0 420749 3
q59fd8e6d 0 420907 3
q59fd8e6d 0 420915 3
q59fd8e6d 0 420918 3
q59fd8e6d 0 420920 3
q59fd8e6d 0 420938 3
q59fd8e6d 0 420966 3
q59fd8e6d 0 421011 3
q59fd8e6d 0 421021 3
q59fd8e6d 0 421039 3
q59fd8e6d 0 421043 3
q59fd8e6d 0 421739 3
q59fd8e6d 0 421749 3
q59fd8e6d 0 422251 3
q59fd8e6d 0 422318 3
q59fd8e6d 0 422411 3
q59fd8e6d 0 422636 3
q59fd8e6d 0 852047 0
q59fd8e6d 0 4396350 0
q59fd8e6d 0 7019593 0
q59fd8e6d 0 7431149 0
q59fd8e6d 0 10444996 0
q59fd8e6d 0 13423539 0
q59fd8e6d 0 13695384 0
q59fd8e6d 0 17149014 0
q59fd8e6d 0 18958400 0
q59fd8e6d 0 19051517 0
q59fd8e6d 0 19051608 0
q59fd8e6d 0 19051636 0
q59fd8e6d 0 19051664 0
q59fd8e6d 0 19051685 0
q59fd8e6d 0 19051701 0
q59fd8e6d 0 19051731 0
q59fd8e6d 0 19051753 0
q59fd8e6d 0 19051780 0
q59fd8e6d 0 19051794 0
q60a50f3a 0 1 0
q60a50f3a 0 6421 0
q60a50f3a 0 6422 0
q60a50f3a 0 6423 0
q60a50f3a 0 6424 0
q60a50f3a 0 6425 0
q60a50f3a 0 6426 0
q60a50f3a 0 6427 0
q60a50f3a 0 6428 0
q60a50f3a 0 6429 0
q60a50f3a 0 6430 0
q60a50f3a 0 6431 0
q60a50f3a 0 6432 0
q60a50f3a 0 6433 0
q60a50f3a 0 6434 1
q60a50f3a 0 6435 0
q60a50f3a 0 6436 0
q60a50f3a 0 6437 0
q60a50f3a 0 6438 0
q60a50f3a 0 182682 2
q60a50f3a 0 184817 2
q60a50f3a 0 185866 1
q60a50f3a 0 185872 1
q60a50f3a 0 185878 1
q60a50f3a 0 185881 1
q60a50f3a 0 185887 1
q60a50f3a 0 185890 1
q60a50f3a 0 185894 1
q60a50f3a 0 185899 1
q60a50f3a 0 185900 1
q60a50f3a 0 185917 1
q60a50f3a 0 185942 1
q60a50f3a 0 185945 1
q60a50f3a 0 185950 2
q60a50f3a 0 185951 2
q60a50f3a 0 185960 1
q60a50f3a 0 186386 2
q60a50f3a 0 209474 0
q60a50f3a 0 209704 1
q60a50f3a 0 210502 0
q60a50f3a 0 211221 0
q60a50f3a 0 211252 3
q60a50f3a 0 211282 2
q60a50f3a 0 211315 2
q60a50f3a 0 211527 1
q60a50f3a 0 211587 1
q60a50f3a 0 211685 1
q60a50f3a 0 211713 1
q60a50f3a 0 218198 2
q60a50f3a 0 259062 2
q60a50f3a 0 372062 2
q60a50f3a 0 375225 3
q60a50f3a 0 416792 0
q60a50f3a 0 423064 2
q60a50f3a 0 453314 2
q60a50f3a 0 453315 2
q60a50f3a 0 852047 0
q60a50f3a 0 4396350 0
q60a50f3a 0 7019593 0
q60a50f3a 0 7431149 0
q60a50f3a 0 10444996 0
q60a50f3a 0 13423539 0
q60a50f3a 0 13695384 0
q60a50f3a 0 16882144 1
q60a50f3a 0 16942651 2
q60a50f3a 0 16945296 2
q60a50f3a 0 16949480 3
q60a50f3a 0 16995164 1
q60a50f3a 0 16995542 1
q60a50f3a 0 17004937 1
q60a50f3a 0 17149014 0
q60a50f3a 0 18958400 0
q60a50f3a 0 19051517 0
q60a50f3a 0 19051608 0
q60a50f3a 0 19051636 0
q60a50f3a 0 19051664 0
q60a50f3a 0 19051685 0
q60a50f3a 0 19051701 0
q60a50f3a 0 19051731 0
q60a50f3a 0 19051753 0
q60a50f3a 0 19051780 0
q60a50f3a 0 19051794 0
q60a50f3a 0 19115003 3
q60a50f3a 0 19115144 3
q63e2f376 0 1 0
q63e2f376 0 6421 0
q63e2f376 0 6422 0
q63e2f376 0 6423 0
q63e2f376 0 6424 0
q63e2f376 0 6425 0
q63e2f376 0 6426 0
q63e2f376 0 6427 0
q63e2f376 0 6428 0
q63e2f376 0 6429 0
q63e2f376 0 6430 0
q63e2f376 0 6431 0
q63e2f376 0 6432 0
q63e2f376 0 6433 0
q63e2f376 0 6434 0
q63e2f376 0 6435 0
q63e2f376 0 6436 0
q63e2f376 0 6437 0
q63e2f376 0 6438 0
q63e2f376 0 209476 0
q63e2f376 0 211099 0
q63e2f376 0 211210 0
q63e2f376 0 241105 1
q63e2f376 0 241109 1
q63e2f376 0 241113 1
q63e2f376 0 241117 1
q63e2f376 0 241120 1
q63e2f376 0 241125 1
q63e2f376 0 241128 1
q63e2f376 0 241130 1
q63e2f376 0 241132 1
q63e2f376 0 241135 1
q63e2f376 0 241137 1
q63e2f376 0 241139 1
q63e2f376 0 241142 1
q63e2f376 0 241144 1
q63e2f376 0 241147 1
q63e2f376 0 241149 1
q63e2f376 0 246719 0
q63e2f376 0 247216 0
q63e2f376 0 303686 0
q63e2f376 0 305181 0
q63e2f376 0 323890 2
q63e2f376 0 324173 2
q63e2f376 0 324175 2
q63e2f376 0 324176 2
q63e2f376 0 324178 1
q63e2f376 0 324182 3
q63e2f376 0 324184 2
q63e2f376 0 324185 2
q63e2f376 0 324190 2
q63e2f376 0 324204 2
q63e2f376 0 324255 2
q63e2f376 0 324267 2
q63e2f376 0 324318 2
q63e2f376 0 394372 0
q63e2f376 0 395433 0
q63e2f376 0 403270 0
q63e2f376 0 403397 1
q63e2f376 0 425324 0
q63e2f376 0 450114 0
q63e2f376 0 450127 0
q63e2f376 0 450132 0
q63e2f376 0 450360 0
q63e2f376 0 450638 3
q63e2f376 0 474321 0
q63e2f376 0 499122 0
q63e2f376 0 529518 0
q63e2f376 0 532102 0
q63e2f376 0 783149 1
q63e2f376 0 852047 0
q63e2f376 0 4396350 0
q63e2f376 0 4397512 1
q63e2f376 0 7019593 0
q63e2f376 0 7431149 0
q63e2f376 0 10444996 0
q63e2f376 0 13423539 0
q63e2f376 0 13695384 0
q63e2f376 0 13937405 1
q63e2f376 0 16889170 0
q63e2f376 0 16889591 0
q63e2f376 0 16899565 1
q63e2f376 0 16906324 0
q63e2f376 0 16911208 0
q63e2f376 0 16914579 0
q63e2f376 0 16926995 0
q63e2f376 0 16947405 0
q63e2f376 0 16948147 0
q63e2f376 0 16973334 0
q63e2f376 0 17149014 0
q63e2f376 0 17177335 1
q63e2f376 0 17417033 2
q63e2f376 0 17417043 3
q63e2f376 0 17417105 3
q63e2f376 0 17417207 2
q63e2f376 0 17417230 3
q63e2f376 0 17417265 3
q63e2f376 0 18958400 0
q63e2f376 0 19051517 0
q63e2f376 0 19051608 0
q63e2f376 0 19051636 0
q63e2f376 0 19051664 0
q63e2f376 0 19051685 0
q63e2f376 0 19051701 0
q63e2f376 0 19051731 0
q63e2f376 0 19051753 0
q63e2f376 0 19051780 0
q63e2f376 0 19051794 0
q63e2f376 0 19122619 1
q63e2f376 0 19122643 1
q63e2f376 0 19122662 1
q63e2f376 0 19122678 1
q63e2f376 0 19122698 1
q63e2f376 0 19122713 1
q63e2f376 0 19122746 1
q63e2f376 0 19122769 1
q64544bbf 0 1 0
q64544bbf 0 6421 0
q64544bbf 0 6422 0
q64544bbf 0 6423 0
q64544bbf 0 6424 0
q64544bbf 0 6425 0
q64544bbf 0 6426 0
q64544bbf 0 6427 0
q64544bbf 0 6428 0
q64544bbf 0 6429 0
q64544bbf 0 6430 0
q64544bbf 0 6431 0
q64544bbf 0 6432 0
q64544bbf 0 6433 0
q64544bbf 0 6434 0
q64544bbf 0 6435 0
q64544bbf 0 6436 0
q64544bbf 0 6437 0
q64544bbf 0 6438 0
q64544bbf 0 189757 3
q64544bbf 0 233862 0
q64544bbf 0 234034 0
q64544bbf 0 238759 0
q64544bbf 0 304139 0
q64544bbf 0 304466 0
q64544bbf 0 304467 0
q64544bbf 0 304823 0
q64544bbf 0 333614 0
q64544bbf 0 361445 0
q64544bbf 0 365285 0
q64544bbf 0 370115 0
q64544bbf 0 419407 2
q64544bbf 0 454101 0
q64544bbf 0 454988 0
q64544bbf 0 459682 1
q64544bbf 0 467204 0
q64544bbf 0 467216 1
q64544bbf 0 467323 1
q64544bbf 0 467341 1
q64544bbf 0 467352 0
q64544bbf 0 499243 0
q64544bbf 0 852047 0
q64544bbf 0 4396350 0
q64544bbf 0 7019593 0
q64544bbf 0 7431149 0
q64544bbf 0 10444996 0
q64544bbf 0 13423539 0
q64544bbf 0 13695384 0
q64544bbf 0 16875674 1
q64544bbf 0 16875689 1
q64544bbf 0 16903845 1
q64544bbf 0 16903856 1
q64544bbf 0 16926931 1
q64544bbf 0 16927021 1
q64544bbf 0 16927537 1
q64544bbf 0 16927650 1
q64544bbf 0 16927717 1
q64544bbf 0 16927931 1
q64544bbf 0 16953232 2
q64544bbf 0 16954790 2
q64544bbf 0 17015850 0
q64544bbf 0 17019073 2
q64544bbf 0 17149014 0
q64544bbf 0 17414317 2
q64544bbf 0 17414691 2
q64544bbf 0 17419658 2
q64544bbf 0 17419847 2
q64544bbf 0 17420179 2
q64544bbf 0 17420361 2
q64544bbf 0 17420428 2
q64544bbf 0 17420572 2
q64544bbf 0 17421508 3
q64544bbf 0 17421875 2
q64544bbf 0 17422861 2
q64544bbf 0 17423031 2
q64544bbf 0 17423236 2
q64544bbf 0 17423259 2
q64544bbf 0 17423679 2
q64544bbf 0 17423743 2
q64544bbf 0 17424088 2
q64544bbf 0 17425166 3
q64544bbf 0 18958400 0
q64544bbf 0 19048731 0
q64544bbf 0 19051517 0
q64544bbf 0 19051608 0
q64544bbf 0 19051636 0
q64544bbf 0 19051664 0
q64544bbf 0 19051685 0
q64544bbf 0 19051701 0
q64544bbf 0 19051731 0
q64544bbf 0 19051753 0
q64544bbf 0 19051780 0
q64544bbf 0 19051794 0
q64544bbf 0 19234720 1
q662f4fe2 0 1 0
q662f4fe2 0 6421 0
q662f4fe2 0 6422 0
q662f4fe2 0 6423 0
q662f4fe2 0 6424 0
q662f4fe2 0 6425 0
q662f4fe2 0 6426 0
q662f4fe2 0 6427 0
q662f4fe2 0 6428 0
q662f4fe2 0 6429 0
q662f4fe2 0 6430 0
q662f4fe2 0 6431 0
q662f4fe2 0 6432 0
q662f4fe2 0 6433 0
q662f4fe2 0 6434 0
q662f4fe2 0 6435 0
q662f4fe2 0 6436 0
q662f4fe2 0 6437 0
q662f4fe2 0 6438 0
q662f4fe2 0 466741 1
q662f4fe2 0 466751 2
q662f4fe2 0 466782 2
q662f4fe2 0 466784 2
q662f4fe2 0 466793 1
q662f4fe2 0 466802 2
q662f4fe2 0 466806 1
q662f4fe2 0 466819 1
q662f4fe2 0 466838 3
q662f4fe2 0 466852 2
q662f4fe2 0 466861 1
q662f4fe2 0 466862 2
q662f4fe2 0 466863 1
q662f4fe2 0 466864 1
q662f4fe2 0 466872 2
q662f4fe2 0 466875 2
q662f4fe2 0 466888 2
q662f4fe2 0 466892 1
q662f4fe2 0 466903 3
q662f4fe2 0 466925 2
q662f4fe2 0 466937 1
q662f4fe2 0 466940 2
q662f4fe2 0 466942 2
q662f4fe2 0 466944 2
q662f4fe2 0 466945 2
q662f4fe2 0 466946 2
q662f4fe2 0 466949 3
q662f4fe2 0 466956 1
q662f4fe2 0 466962 1
q662f4fe2 0 466965 3
q662f4fe2 0 467128 1
q662f4fe2 0 467153 1
q662f4fe2 0 529543 1
q662f4fe2 0 529562 0
q662f4fe2 0 529608 1
q662f4fe2 0 529657 1
q662f4fe2 0 852047 0
q662f4fe2 0 4396350 0
q662f4fe2 0 7019593 0
q662f4fe2 0 7431149 0
q662f4fe2 0 10444996 0
q662f4fe2 0 13423539 0
q662f4fe2 0 13695384 0
q662f4fe2 0 16940779 1
q662f4fe2 0 17149014 0
q662f4fe2 0 17430861 3
q662f4fe2 0 18958400 0
q662f4fe2 0 19051517 0
q662f4fe2 0 19051608 0
q662f4fe2 0 19051636 0
q662f4fe2 0 19051664 0
q662f4fe2 0 19051685 0
q662f4fe2 0 19051701 0
q662f4fe2 0 19051731 0
q662f4fe2 0 19051753 0
q662f4fe2 0 19051780 0
q662f4fe2 0 19051794 0
q69685da5 0 1 0
q69685da5 0 2 0
q69685da5 0 3 0
q69685da5 0 6421 0
q69685da5 0 6422 0
q69685da5 0 6423 0
q69685da5 0 6424 0
q69685da5 0 6425 0
q69685da5 0 6426 0
q69685da5 0 6427 0
q69685da5 0 6428 0
q69685da5 0 6429 0
q69685da5 0 6430 0
q69685da5 0 6431 0
q69685da5 0 6432 0
q69685da5 0 6433 0
q69685da5 0 6434 0
q69685da5 0 6435 0
q69685da5 0 6436 0
q69685da5 0 6437 0
q69685da5 0 6438 0
q69685da5 0 175622 3
q69685da5 0 176058 2
q69685da5 0 347680 2
q69685da5 0 347682 1
q69685da5 0 347684 2
q69685da5 0 347686 2
q69685da5 0 347687 2
q69685da5 0 347689 2
q69685da5 0 347691 1
q69685da5 0 347692 1
q69685da5 0 347694 1
q69685da5 0 347696 2
q69685da5 0 347697 2
q69685da5 0 347699 1
q69685da5 0 347701 1
q69685da5 0 347702 2
q69685da5 0 347704 2
q69685da5 0 347706 1
q69685da5 0 347707 2
q69685da5 0 347709 1
q69685da5 0 347710 2
q69685da5 0 347712 1
q69685da5 0 534324 2
q69685da5 0 540333 2
q69685da5 0 540336 3
q69685da5 0 540357 2
q69685da5 0 540370 3
q69685da5 0 540376 2
q69685da5 0 540378 3
q69685da5 0 540380 3
q69685da5 0 540386 3
q69685da5 0 540392 3
q69685da5 0 540395 3
q69685da5 0 540425 3
q69685da5 0 540446 3
q69685da5 0 540474 3
q69685da5 0 540480 3
q69685da5 0 540535 3
q69685da5 0 540538 2
q69685da5 0 540543 2
q69685da5 0 540546 2
q69685da5 0 540548 3
q69685da5 0 540551 2
q69685da5 0 540556 3
q69685da5 0 540559 2
q69685da5 0 540561 3
q69685da5 0 540565 2
q69685da5 0 540567 3
q69685da5 0 540570 2
q69685da5 0 852047 0
q69685da5 0 7019593 0
q69685da5 0 7431149 0
q69685da5 0 10444996 0
q69685da5 0 13423539 0
q69685da5 0 13695384 0
q69685da5 0 17050019 3
q69685da5 0 17050788 3
q69685da5 0 17053933 3
q69685da5 0 17054071 3
q69685da5 0 17054256 3
q69685da5 0 17054543 3
q69685da5 0 17054659 3
q69685da5 0 17054693 3
q69685da5 0 17054718 3
q69685da5 0 17054799 3
q69685da5 0 17055683 3
q69685da5 0 17055720 3
q69685da5 0 17055753 3
q69685da5 0 17056408 3
q69685da5 0 17056443 3
q69685da5 0 17512889 2
q69685da5 0 18958400 0
q69685da5 0 19051517 0
q69685da5 0 19051608 0
q69685da5 0 19051636 0
q69685da5 0 19051664 0
q69685da5 0 19051685 0
q69685da5 0 19051701 0
q69685da5 0 19051731 0
q69685da5 0 19051753 0
q69685da5 0 19051780 0
q69685da5 0 19051794 0
q70cb38a0 0 1 0
q70cb38a0 0 2719 0
q70cb38a0 0 6421 0
q70cb38a0 0 6422 0
q70cb38a0 0 6423 0
q70cb38a0 0 6424 0
q70cb38a0 0 6425 0
q70cb38a0 0 6426 0
q70cb38a0 0 6427 0
q70cb38a0 0 6428 0
q70cb38a0 0 6429 0
q70cb38a0 0 6430 0
q70cb38a0 0 6431 0
q70cb38a0 0 6432 0
q70cb38a0 0 6433 0
q70cb38a0 0 6434 0
q70cb38a0 0 6435 0
q70cb38a0 0 6436 0
q70cb38a0 0 6437 0
q70cb38a0 0 6438 0
q70cb38a0 0 13690 2
q70cb38a0 0 13716 2
q70cb38a0 0 271702 0
q70cb38a0 0 279566 0
q70cb38a0 0 292944 1
q70cb38a0 0 337152 2
q70cb38a0 0 337231 2
q70cb38a0 0 337474 2
q70cb38a0 0 337517 2
q70cb38a0 0 337519 2
q70cb38a0 0 337523 2
q70cb38a0 0 337528 2
q70cb38a0 0 337534 2
q70cb38a0 0 337662 2
q70cb38a0 0 337754 2
q70cb38a0 0 337757 2
q70cb38a0 0 337760 2
q70cb38a0 0 337763 2
q70cb38a0 0 337771 2
q70cb38a0 0 337777 2
q70cb38a0 0 337781 2
q70cb38a0 0 338351 2
q70cb38a0 0 387495 0
q70cb38a0 0 387976 0
q70cb38a0 0 389666 0
q70cb38a0 0 389736 0
q70cb38a0 0 390293 0
q70cb38a0 0 393295 0
q70cb38a0 0 394003 0
q70cb38a0 0 394626 0
q70cb38a0 0 394681 0
q70cb38a0 0 394734 0
q70cb38a0 0 394789 0
q70cb38a0 0 394797 0
q70cb38a0 0 395337 0
q70cb38a0 0 400598 0
q70cb38a0 0 422486 0
q70cb38a0 0 471160 1
q70cb38a0 0 471161 1
q70cb38a0 0 471215 1
q70cb38a0 0 471216 1
q70cb38a0 0 852047 0
q70cb38a0 0 4396350 0
q70cb38a0 0 6956341 2
q70cb38a0 0 7019593 0
q70cb38a0 0 7431149 0
q70cb38a0 0 10444996 0
q70cb38a0 0 13423539 0
q70cb38a0 0 13695384 0
q70cb38a0 0 17149014 0
q70cb38a0 0 18958400 0
q70cb38a0 0 19051517 0
q70cb38a0 0 19051608 0
q70cb38a0 0 19051636 0
q70cb38a0 0 19051664 0
q70cb38a0 0 19051685 0
q70cb38a0 0 19051701 0
q70cb38a0 0 19051731 0
q70cb38a0 0 19051753 0
q70cb38a0 0 19051780 0
q70cb38a0 0 19051794 0
q71257687 0 1 0
q71257687 0 6421 0
q71257687 0 6422 0
q71257687 0 6423 0
q71257687 0 6424 0
q71257687 0 6425 0
q71257687 0 6426 0
q71257687 0 6427 0
q71257687 0 6428 0
q71257687 0 6429 0
q71257687 0 6430 0
q71257687 0 6431 0
q71257687 0 6432 0
q71257687 0 6433 0
q71257687 0 6434 0
q71257687 0 6435 0
q71257687 0 6436 0
q71257687 0 6437 0
q71257687 0 6438 0
q71257687 0 172349 0
q71257687 0 303312 3
q71257687 0 303352 3
q71257687 0 303678 3
q71257687 0 303722 3
q71257687 0 303791 3
q71257687 0 303845 3
q71257687 0 303902 3
q71257687 0 303942 3
q71257687 0 304041 3
q71257687 0 305230 3
q71257687 0 305237 3
q71257687 0 305240 3
q71257687 0 305254 3
q71257687 0 305266 3
q71257687 0 305271 3
q71257687 0 305279 3
q71257687 0 305328 3
q71257687 0 305420 3
q71257687 0 305501 3
q71257687 0 305518 3
q71257687 0 305539 3
q71257687 0 305567 3
q71257687 0 305579 3
q71257687 0 305646 3
q71257687 0 305738 3
q71257687 0 305739 3
q71257687 0 305741 3
q71257687 0 305814 3
q71257687 0 305824 3
q71257687 0 305842 3
q71257687 0 305849 3
q71257687 0 305863 3
q71257687 0 305882 3
q71257687 0 305888 3
q71257687 0 305897 3
q71257687 0 305907 3
q71257687 0 305917 3
q71257687 0 305928 3
q71257687 0 305955 3
q71257687 0 305961 3
q71257687 0 305963 3
q71257687 0 305987 3
q71257687 0 306199 3
q71257687 0 306278 3
q71257687 0 852047 0
q71257687 0 4396350 0
q71257687 0 7019593 0
q71257687 0 7431149 0
q71257687 0 10444996 0
q71257687 0 13423539 0
q71257687 0 13695384 0
q71257687 0 16862762 0
q71257687 0 17149014 0
q71257687 0 18958400 0
q71257687 0 19051517 0
q71257687 0 19051608 0
q71257687 0 19051636 0
q71257687 0 19051664 0
q71257687 0 19051685 0
q71257687 0 19051701 0
q71257687 0 19051731 0
q71257687 0 19051753 0
q71257687 0 19051780 0
q71257687 0 19051794 0
q7149ba9d 0 18063 0
q7149ba9d 0 18064 0
q7149ba9d 0 18065 0
q7149ba9d 0 18066 0
q7149ba9d 0 18067 0
q7149ba9d 0 18068 0
q7149ba9d 0 18069 0
q7149ba9d 0 18070 0
q7149ba9d 0 18071 0
q7149ba9d 0 18072 0
q7149ba9d 0 18073 1
q7149ba9d 0 18074 0
q7149ba9d 0 18075 0
q7149ba9d 0 18076 2
q7149ba9d 0 25308 1
q7149ba9d 0 29176 2
q7149ba9d 0 29899 2
q7149ba9d 0 31963 0
q7149ba9d 0 31964 0
q7149ba9d 0 31979 0
q7149ba9d 0 31998 0
q7149ba9d 0 32001 0
q7149ba9d 0 32010 0
q7149ba9d 0 32012 1
q7149ba9d 0 32022 0
q7149ba9d 0 32030 0
q7149ba9d 0 32034 0
q7149ba9d 0 32062 1
q7149ba9d 0 32103 0
q7149ba9d 0 32109 0
q7149ba9d 0 32121 0
q7149ba9d 0 32169 0
q7149ba9d 0 32187 0
q7149ba9d 0 36228 0
q7149ba9d 0 36230 0
q7149ba9d 0 36232 0
q7149ba9d 0 36234 0
q7149ba9d 0 36236 0
q7149ba9d 0 36239 0
q7149ba9d 0 36240 0
q7149ba9d 0 36243 0
q7149ba9d 0 36245 0
q7149ba9d 0 36247 0
q7149ba9d 0 36249 0
q7149ba9d 0 36251 0
q7149ba9d 0 36253 0
q7149ba9d 0 36255 0
q7149ba9d 0 36257 0
q7149ba9d 0 36259 0
q7149ba9d 0 36261 0
q7149ba9d 0 36263 0
q7149ba9d 0 36265 0
q7149ba9d 0 36267 0
q7149ba9d 0 36419 3
q7149ba9d 0 36456 3
q7149ba9d 0 36500 3
q7149ba9d 0 36780 3
q7149ba9d 0 37552 2
q7149ba9d 0 41293 3
q7149ba9d 0 41295 3
q7149ba9d 0 41302 3
q7149ba9d 0 41304 3
q7149ba9d 0 41312 3
q7149ba9d 0 41315 3
q7149ba9d 0 41322 3
q7149ba9d 0 41325 3
q7149ba9d 0 41331 3
q7149ba9d 0 41332 3
q7149ba9d 0 41342 3
q7149ba9d 0 41463 3
q7149ba9d 0 43271 3
q7149ba9d 0 45209 3
q7149ba9d 0 45280 3
q7149ba9d 0 713412 0
q7149ba9d 0 3705537 1
q7149ba9d 0 6743247 0
q7149ba9d 0 9618165 0
q7149ba9d 0 12605692 0
q7149ba9d 0 16142948 0
q7149ba9d 0 17880907 1
q7149ba9d 0 18525996 0
q7149ba9d 0 18922847 1
q7149ba9d 0 18922945 1
q7149ba9d 0 18922970 1
q7149ba9d 0 18923038 1
q7149ba9d 0 18923079 1
q7149ba9d 0 18923085 1
q7149ba9d 0 18923112 1
q7149ba9d 0 18923199 1
q7149ba9d 0 18923224 1
q7149ba9d 0 18923231 1
q7149ba9d 0 18923239 1
q7149ba9d 0 18923258 1
q7149ba9d 0 19404911 2
q7149ba9d 0 19446467 1
q7326fb1e 0 1 0
q7326fb1e 0 6421 0
q7326fb1e 0 6422 0
q7326fb1e 0 6423 0
q7326fb1e 0 6424 0
q7326fb1e 0 6425 0
q7326fb1e 0 6426 0
q7326fb1e 0 6427 0
q7326fb1e 0 6428 0
q7326fb1e 0 6429 0
q7326fb1e 0 6430 0
q7326fb1e 0 6431 0
q7326fb1e 0 6432 0
q7326fb1e 0 6433 0
q7326fb1e 0 6434 0
q7326fb1e 0 6435 0
q7326fb1e 0 6436 0
q7326fb1e 0 6437 0
q7326fb1e 0 6438 0
q7326fb1e 0 483008 3
q7326fb1e 0 483098 3
q7326fb1e 0 483130 2
q7326fb1e 0 483235 3
q7326fb1e 0 483326 2
q7326fb1e 0 483331 2
q7326fb1e 0 483393 2
q7326fb1e 0 483404 2
q7326fb1e 0 483427 2
q7326fb1e 0 483450 2
q7326fb1e 0 483561 3
q7326fb1e 0 483595 3
q7326fb1e 0 483979 2
q7326fb1e 0 484006 2
q7326fb1e 0 484238 3
q7326fb1e 0 484830 3
q7326fb1e 0 484846 3
q7326fb1e 0 484847 3
q7326fb1e 0 484849 3
q7326fb1e 0 484851 3
q7326fb1e 0 484854 3
q7326fb1e 0 484856 3
q7326fb1e 0 484857 3
q7326fb1e 0 484866 3
q7326fb1e 0 484872 3
q7326fb1e 0 484877 3
q7326fb1e 0 484879 3
q7326fb1e 0 484889 3
q7326fb1e 0 484891 3
q7326fb1e 0 484892 3
q7326fb1e 0 484896 3
q7326fb1e 0 484898 3
q7326fb1e 0 484899 3
q7326fb1e 0 484901 3
q7326fb1e 0 484942 3
q7326fb1e 0 484943 3
q7326fb1e 0 484951 3
q7326fb1e 0 484957 3
q7326fb1e 0 484960 3
q7326fb1e 0 484963 3
q7326fb1e 0 484965 3
q7326fb1e 0 484971 3
q7326fb1e 0 484974 3
q7326fb1e 0 852047 0
q7326fb1e 0 4396350 0
q7326fb1e 0 7019593 0
q7326fb1e 0 7431149 0
q7326fb1e 0 10444996 0
q7326fb1e 0 13423539 0
q7326fb1e 0 13695384 0
q7326fb1e 0 17149014 0
q7326fb1e 0 18958400 0
q7326fb1e 0 19051517 0
q7326fb1e 0 19051608 0
q7326fb1e 0 19051636 0
q7326fb1e 0 19051664 0
q7326fb1e 0 19051685 0
q7326fb1e 0 19051701 0
q7326fb1e 0 19051731 0
q7326fb1e 0 19051753 0
q7326fb1e 0 19051780 0
q7326fb1e 0 19051794 0
q7366b0f9 0 185 2
q7366b0f9 0 233 2
q7366b0f9 0 302 0
q7366b0f9 0 346 2
q7366b0f9 0 445 0
q7366b0f9 0 481 1
q7366b0f9 0 705 2
q7366b0f9 0 799 1
q7366b0f9 0 936 1
q7366b0f9 0 985 1
q7366b0f9 0 1101 2
q7366b0f9 0 1107 1
q7366b0f9 0 1114 3
q7366b0f9 0 1116 3
q7366b0f9 0 1118 3
q7366b0f9 0 1120 3
q7366b0f9 0 1122 3
q7366b0f9 0 1342 1
q7366b0f9 0 1371 2
q7366b0f9 0 1485 2
q7366b0f9 0 6436 0
q7366b0f9 0 6441 0
q7366b0f9 0 6508 0
q7366b0f9 0 6670 0
q7366b0f9 0 6680 0
q7366b0f9 0 6687 0
q7366b0f9 0 6697 0
q7366b0f9 0 6706 0
q7366b0f9 0 6713 0
q7366b0f9 0 6752 0
q7366b0f9 0 6779 0
q7366b0f9 0 6800 0
q7366b0f9 0 6834 0
q7366b0f9 0 6852 0
q7366b0f9 0 6869 0
q7366b0f9 0 6880 0
q7366b0f9 0 6911 0
q7366b0f9 0 113939 3
q7366b0f9 0 283890 3
q7366b0f9 0 283953 3
q7366b0f9 0 340164 3
q7366b0f9 0 340192 3
q7366b0f9 0 340527 3
q7366b0f9 0 17059956 3
q7366b0f9 0 17059965 3
q7366b0f9 0 17059977 3
q7366b0f9 0 17059997 3
q7366b0f9 0 17060002 3
q7366b0f9 0 17060028 3
q7366b0f9 0 17060792 3
q7366b0f9 0 17060844 3
q7366b0f9 0 17062156 3
q7366b0f9 0 17244736 3
q7366b0f9 0 18998858 3
q7366b0f9 0 18998893 3
q7366b0f9 0 18999013 3
q7366b0f9 0 18999041 3
q74f26483 0 1 0
q74f26483 0 6421 0
q74f26483 0 6422 0
q74f26483 0 6423 0
q74f26483 0 6424 0
q74f26483 0 6425 0
q74f26483 0 6426 0
q74f26483 0 6427 0
q74f26483 0 6428 0
q74f26483 0 6429 0
q74f26483 0 6430 0
q74f26483 0 6431 0
q74f26483 0 6432 0
q74f26483 0 6433 0
q74f26483 0 6434 1
q74f26483 0 6435 0
q74f26483 0 6436 0
q74f26483 0 6437 0
q74f26483 0 6438 0
q74f26483 0 231413 3
q74f26483 0 240570 3
q74f26483 0 321698 3
q74f26483 0 373307 3
q74f26483 0 445140 3
q74f26483 0 450052 3
q74f26483 0 459950 3
q74f26483 0 459956 1
q74f26483 0 459965 2
q74f26483 0 459973 2
q74f26483 0 460024 1
q74f26483 0 460036 2
q74f26483 0 460054 1
q74f26483 0 460066 1
q74f26483 0 460074 2
q74f26483 0 460112 2
q74f26483 0 460127 3
q74f26483 0 460222 2
q74f26483 0 460280 3
q74f26483 0 460342 1
q74f26483 0 460360 2
q74f26483 0 460493 3
q74f26483 0 460515 2
q74f26483 0 535956 2
q74f26483 0 542215 3
q74f26483 0 852047 0
q74f26483 0 4396350 0
q74f26483 0 7019593 0
q74f26483 0 7431149 0
q74f26483 0 10444996 0
q74f26483 0 13423539 0
q74f26483 0 13695384 0
q74f26483 0 16882613 3
q74f26483 0 16980551 2
q74f26483 0 16980637 3
q74f26483 0 16980670 2
q74f26483 0 16981150 3
q74f26483 0 16981160 3
q74f26483 0 16981166 2
q74f26483 0 16981462 3
q74f26483 0 16982087 3
q74f26483 0 16982328 2
q74f26483 0 16982331 3
q74f26483 0 17038970 2
q74f26483 0 17039005 2
q74f26483 0 17039017 2
q74f26483 0 17039045 1
q74f26483 0 17039071 1
q74f26483 0 17039095 1
q74f26483 0 17039102 1
q74f26483 0 17039122 0
q74f26483 0 17039128 1
q74f26483 0 17039132 1
q74f26483 0 17039140 3
q74f26483 0 17039176 2
q74f26483 0 17149014 0
q74f26483 0 17908029 3
q74f26483 0 18958400 0
q74f26483 0 19051517 0
q74f26483 0 19051608 0
q74f26483 0 19051636 0
q74f26483 0 19051664 0
q74f26483 0 19051685 0
q74f26483 0 19051701 0
q74f26483 0 19051731 0
q74f26483 0 19051753 0
q74f26483 0 19051780 0
q74f26483 0 19051794 0
q76cbe409 0 1 0
q76cbe409 0 6421 0
q76cbe409 0 6422 0
q76cbe409 0 6423 0
q76cbe409 0 6424 0
q76cbe409 0 6425 0
q76cbe409 0 6426 0
q76cbe409 0 6427 0
q76cbe409 0 6428 0
q76cbe409 0 6429 0
q76cbe409 0 6430 0
q76cbe409 0 6431 0
q76cbe409 0 6432 0
q76cbe409 0 6433 0
q76cbe409 0 6434 0
q76cbe409 0 6435 0
q76cbe409 0 180823 0
q76cbe409 0 185863 0
q76cbe409 0 185867 0
q76cbe409 0 195324 0
q76cbe409 0 209458 0
q76cbe409 0 225522 0
q76cbe409 0 311934 0
q76cbe409 0 317700 3
q76cbe409 0 322136 2
q76cbe409 0 322397 3
q76cbe409 0 322400 3
q76cbe409 0 322412 3
q76cbe409 0 324808 0
q76cbe409 0 324810 0
q76cbe409 0 388939 3
q76cbe409 0 393074 0
q76cbe409 0 437988 0
q76cbe409 0 445199 1
q76cbe409 0 445214 1
q76cbe409 0 445220 1
q76cbe409 0 446800 3
q76cbe409 0 473602 0
q76cbe409 0 473663 0
q76cbe409 0 483828 0
q76cbe409 0 499122 0
q76cbe409 0 499166 1
q76cbe409 0 823872 0
q76cbe409 0 852047 0
q76cbe409 0 4396350 0
q76cbe409 0 7019593 0
q76cbe409 0 7431149 0
q76cbe409 0 10444996 0
q76cbe409 0 13423539 0
q76cbe409 0 13695384 0
q76cbe409 0 16850239 0
q76cbe409 0 16850254 0
q76cbe409 0 16850257 0
q76cbe409 0 16850300 0
q76cbe409 0 16886036 0
q76cbe409 0 16886195 0
q76cbe409 0 16886212 0
q76cbe409 0 16886221 0
q76cbe409 0 16886911 0
q76cbe409 0 16939559 3
q76cbe409 0 16944389 0
q76cbe409 0 16966085 0
q76cbe409 0 17012418 3
q76cbe409 0 17012455 2
q76cbe409 0 17012472 1
q76cbe409 0 17012653 2
q76cbe409 0 17028621 2
q76cbe409 0 17149014 0
q76cbe409 0 17417740 2
q76cbe409 0 17417776 2
q76cbe409 0 17417790 2
q76cbe409 0 17418083 3
q76cbe409 0 17744063 1
q76cbe409 0 18713786 3
q76cbe409 0 18722514 0
q76cbe409 0 18903317 1
q76cbe409 0 18958400 0
q76cbe409 0 19051517 0
q76cbe409 0 19051608 0
q76cbe409 0 19051636 0
q76cbe409 0 19051664 0
q76cbe409 0 19051685 0
q76cbe409 0 19051701 1
q76cbe409 0 19051731 0
q76cbe409 0 19051753 0
q76cbe409 0 19051780 0
q76cbe409 0 19051794 0
q76cbe409 0 19311021 3
q77ddf63a 0 18063 1
q77ddf63a 0 18064 1
q77ddf63a 0 18065 1
q77ddf63a 0 18066 1
q77ddf63a 0 18067 1
q77ddf63a 0 18068 1
q77ddf63a 0 18069 1
q77ddf63a 0 18070 1
q77ddf63a 0 18071 1
q77ddf63a 0 18072 1
q77ddf63a 0 18073 0
q77ddf63a 0 18074 1
q77ddf63a 0 18075 1
q77ddf63a 0 18076 1
q77ddf63a 0 18088 1
q77ddf63a 0 19670 1
q77ddf63a 0 21799 0
q77ddf63a 0 21853 0
q77ddf63a 0 22760 1
q77ddf63a 0 22870 1
q77ddf63a 0 22973 1
q77ddf63a 0 23027 1
q77ddf63a 0 25800 2
q77ddf63a 0 26196 2
q77ddf63a 0 27648 3
q77ddf63a 0 27649 3
q77ddf63a 0 27656 3
q77ddf63a 0 27661 3
q77ddf63a 0 27668 3
q77ddf63a 0 27704 3
q77ddf63a 0 27718 3
q77ddf63a 0 27721 3
q77ddf63a 0 29238 0
q77ddf63a 0 29264 0
q77ddf63a 0 34335 2
q77ddf63a 0 34937 1
q77ddf63a 0 35138 1
q77ddf63a 0 35155 1
q77ddf63a 0 37118 3
q77ddf63a 0 37130 3
q77ddf63a 0 37137 3
q77ddf63a 0 43019 1
q77ddf63a 0 50635 0
q77ddf63a 0 50853 1
q77ddf63a 0 50926 0
q77ddf63a 0 713412 1
q77ddf63a 0 3705537 1
q77ddf63a 0 6743247 1
q77ddf63a 0 9618165 1
q77ddf63a 0 12605692 1
q77ddf63a 0 16142948 1
q77ddf63a 0 17814305 3
q77ddf63a 0 17880907 1
q77ddf63a 0 18811031 3
q77ddf63a 0 18811063 3
q77ddf63a 0 18811069 3
q77ddf63a 0 18811086 3
q77ddf63a 0 18811124 3
q77ddf63a 0 18811133 3
q77ddf63a 0 18811149 3
q77ddf63a 0 18843133 3
q77ddf63a 0 18922847 1
q77ddf63a 0 18922945 1
q77ddf63a 0 18922970 1
q77ddf63a 0 18923038 1
q77ddf63a 0 18923079 1
q77ddf63a 0 18923085 1
q77ddf63a 0 18923112 1
q77ddf63a 0 18923199 1
q77ddf63a 0 18923224 1
q77ddf63a 0 18923231 1
q77ddf63a 0 18923239 1
q77ddf63a 0 18923258 1
q7ae27fe6 0 1 0
q7ae27fe6 0 6421 0
q7ae27fe6 0 6422 0
q7ae27fe6 0 6423 0
q7ae27fe6 0 6424 0
q7ae27fe6 0 6425 0
q7ae27fe6 0 6426 0
q7ae27fe6 0 6427 0
q7ae27fe6 0 6428 0
q7ae27fe6 0 6429 0
q7ae27fe6 0 6430 0
q7ae27fe6 0 6431 0
q7ae27fe6 0 6432 0
q7ae27fe6 0 6433 0
q7ae27fe6 0 6434 0
q7ae27fe6 0 6435 0
q7ae27fe6 0 6436 0
q7ae27fe6 0 6437 0
q7ae27fe6 0 6438 0
q7ae27fe6 0 36228 0
q7ae27fe6 0 36230 0
q7ae27fe6 0 36232 0
q7ae27fe6 0 36234 0
q7ae27fe6 0 36236 0
q7ae27fe6 0 36239 0
q7ae27fe6 0 36240 0
q7ae27fe6 0 36243 0
q7ae27fe6 0 36245 0
q7ae27fe6 0 36247 0
q7ae27fe6 0 36249 0
q7ae27fe6 0 36251 0
q7ae27fe6 0 36253 0
q7ae27fe6 0 36255 0
q7ae27fe6 0 36257 0
q7ae27fe6 0 36259 0
q7ae27fe6 0 36261 0
q7ae27fe6 0 36263 0
q7ae27fe6 0 36265 0
q7ae27fe6 0 36267 0
q7ae27fe6 0 171182 3
q7ae27fe6 0 171254 3
q7ae27fe6 0 171303 3
q7ae27fe6 0 171377 3
q7ae27fe6 0 171590 3
q7ae27fe6 0 171813 3
q7ae27fe6 0 171820 3
q7ae27fe6 0 171828 3
q7ae27fe6 0 171895 3
q7ae27fe6 0 172453 3
q7ae27fe6 0 172626 3
q7ae27fe6 0 172648 3
q7ae27fe6 0 172668 3
q7ae27fe6 0 172684 3
q7ae27fe6 0 172689 3
q7ae27fe6 0 172703 3
q7ae27fe6 0 172709 3
q7ae27fe6 0 172849 3
q7ae27fe6 0 172974 3
q7ae27fe6 0 173423 3
q7ae27fe6 0 173614 3
q7ae27fe6 0 173655 3
q7ae27fe6 0 174468 3
q7ae27fe6 0 174869 3
q7ae27fe6 0 175007 3
q7ae27fe6 0 175008 3
q7ae27fe6 0 175016 3
q7ae27fe6 0 175019 3
q7ae27fe6 0 175032 3
q7ae27fe6 0 175194 3
q7ae27fe6 0 175334 3
q7ae27fe6 0 175452 3
q7ae27fe6 0 175456 3
q7ae27fe6 0 175457 3
q7ae27fe6 0 175461 3
q7ae27fe6 0 175464 3
q7ae27fe6 0 175477 3
q7ae27fe6 0 175529 3
q7ae27fe6 0 175536 3
q7ae27fe6 0 852047 0
q7ae27fe6 0 4396350 0
q7ae27fe6 0 7019593 0
q7ae27fe6 0 7431149 0
q7ae27fe6 0 10444996 0
q7ae27fe6 0 13423539 0
q7ae27fe6 0 13695384 0
q7ae27fe6 0 17149014 0
q7ae27fe6 0 18958400 0
q7ae27fe6 0 19051517 0
q7ae27fe6 0 19051608 0
q7ae27fe6 0 19051636 0
q7ae27fe6 0 19051664 0
q7ae27fe6 0 19051685 0
q7ae27fe6 0 19051701 0
q7ae27fe6 0 19051731 0
q7ae27fe6 0 19051753 0
q7ae27fe6 0 19051780 0
q7ae27fe6 0 19051794 0
q7ae27fe6 0 19446467 0
q7cb6c127 0 1 0
q7cb6c127 0 1375 3
q7cb6c127 0 6421 0
q7cb6c127 0 6422 0
q7cb6c127 0 6423 0
q7cb6c127 0 6424 0
q7cb6c127 0 6425 0
q7cb6c127 0 6426 0
q7cb6c127 0 6427 0
q7cb6c127 0 6428 0
q7cb6c127 0 6429 0
q7cb6c127 0 6430 0
q7cb6c127 0 6431 0
q7cb6c127 0 6432 0
q7cb6c127 0 6433 0
q7cb6c127 0 6434 0
q7cb6c127 0 6435 0
q7cb6c127 0 6436 0
q7cb6c127 0 6437 0
q7cb6c127 0 6438 0
q7cb6c127 0 234350 3
q7cb6c127 0 237261 3
q7cb6c127 0 237699 1
q7cb6c127 0 237847 0
q7cb6c127 0 280514 3
q7cb6c127 0 291198 3
q7cb6c127 0 303513 0
q7cb6c127 0 333767 1
q7cb6c127 0 333786 1
q7cb6c127 0 334008 2
q7cb6c127 0 372542 3
q7cb6c127 0 372646 3
q7cb6c127 0 388939 2
q7cb6c127 0 388949 2
q7cb6c127 0 388951 1
q7cb6c127 0 388955 2
q7cb6c127 0 388967 1
q7cb6c127 0 407656 3
q7cb6c127 0 426469 1
q7cb6c127 0 446682 3
q7cb6c127 0 449839 1
q7cb6c127 0 450079 2
q7cb6c127 0 488931 2
q7cb6c127 0 490211 0
q7cb6c127 0 852047 0
q7cb6c127 0 4396350 0
q7cb6c127 0 7019593 0
q7cb6c127 0 7431149 0
q7cb6c127 0 10444996 0
q7cb6c127 0 13423539 0
q7cb6c127 0 13695384 0
q7cb6c127 0 16861783 2
q7cb6c127 0 16864362 3
q7cb6c127 0 16864593 2
q7cb6c127 0 16886246 3
q7cb6c127 0 16887151 3
q7cb6c127 0 16887650 3
q7cb6c127 0 16887763 2
q7cb6c127 0 16888483 3
q7cb6c127 0 16889369 1
q7cb6c127 0 16889441 3
q7cb6c127 0 16889498 2
q7cb6c127 0 16889640 2
q7cb6c127 0 16889817 3
q7cb6c127 0 16889903 3
q7cb6c127 0 16890066 3
q7cb6c127 0 16890269 3
q7cb6c127 0 16890632 3
q7cb6c127 0 16890732 2
q7cb6c127 0 16890751 1
q7cb6c127 0 16890949 3
q7cb6c127 0 16899220 3
q7cb6c127 0 16899828 2
q7cb6c127 0 16899842 2
q7cb6c127 0 16901116 3
q7cb6c127 0 16901810 2
q7cb6c127 0 16907165 3
q7cb6c127 0 16908244 3
q7cb6c127 0 16908956 3
q7cb6c127 0 16939764 2
q7cb6c127 0 16939893 2
q7cb6c127 0 16940274 3
q7cb6c127 0 17023662 3
q7cb6c127 0 17149014 0
q7cb6c127 0 17418417 2
q7cb6c127 0 17422751 2
q7cb6c127 0 18958400 0
q7cb6c127 0 19051517 0
q7cb6c127 0 19051608 0
q7cb6c127 0 19051636 0
q7cb6c127 0 19051664 0
q7cb6c127 0 19051685 0
q7cb6c127 0 19051701 1
q7cb6c127 0 19051731 0
q7cb6c127 0 19051753 0
q7cb6c127 0 19051780 0
q7cb6c127 0 19051794 0
q7eb50814 0 1 0
q7eb50814 0 1039 3
q7eb50814 0 6421 0
q7eb50814 0 6422 0
q7eb50814 0 6423 0
q7eb50814 0 6424 0
q7eb50814 0 6425 0
q7eb50814 0 6426 0
q7eb50814 0 6427 0
q7eb50814 0 6428 0
q7eb50814 0 6429 0
q7eb50814 0 6430 0
q7eb50814 0 6431 0
q7eb50814 0 6432 0
q7eb50814 0 6433 0
q7eb50814 0 6434 0
q7eb50814 0 6435 0
q7eb50814 0 6436 0
q7eb50814 0 6437 0
q7eb50814 0 6438 0
q7eb50814 0 180671 0
q7eb50814 0 182900 3
q7eb50814 0 210939 0
q7eb50814 0 211396 1
q7eb50814 0 212391 3
q7eb50814 0 212461 1
q7eb50814 0 213060 3
q7eb50814 0 213120 3
q7eb50814 0 213133 3
q7eb50814 0 215018 1
q7eb50814 0 215126 1
q7eb50814 0 225556 3
q7eb50814 0 225574 2
q7eb50814 0 226674 3
q7eb50814 0 238175 0
q7eb50814 0 277577 2
q7eb50814 0 321557 2
q7eb50814 0 323254 0
q7eb50814 0 333724 1
q7eb50814 0 373025 2
q7eb50814 0 373836 3
q7eb50814 0 425504 1
q7eb50814 0 425559 1
q7eb50814 0 427212 2
q7eb50814 0 454710 3
q7eb50814 0 483578 2
q7eb50814 0 852047 1
q7eb50814 0 4396350 0
q7eb50814 0 7019593 0
q7eb50814 0 7431149 0
q7eb50814 0 10444996 0
q7eb50814 0 13423539 0
q7eb50814 0 13695384 1
q7eb50814 0 16875187 2
q7eb50814 0 16885219 2
q7eb50814 0 16886512 3
q7eb50814 0 16889490 3
q7eb50814 0 16900227 0
q7eb50814 0 16937503 2
q7eb50814 0 16950962 1
q7eb50814 0 16952027 1
q7eb50814 0 16954838 3
q7eb50814 0 17012536 3
q7eb50814 0 17036481 1
q7eb50814 0 17037804 2
q7eb50814 0 17071893 2
q7eb50814 0 17149014 0
q7eb50814 0 17415660 2
q7eb50814 0 17415747 2
q7eb50814 0 17415978 2
q7eb50814 0 17416384 2
q7eb50814 0 17416469 2
q7eb50814 0 17416761 1
q7eb50814 0 17417254 3
q7eb50814 0 17417989 3
q7eb50814 0 17418121 3
q7eb50814 0 17419795 3
q7eb50814 0 18958400 0
q7eb50814 0 19051517 0
q7eb50814 0 19051608 0
q7eb50814 0 19051636 0
q7eb50814 0 19051664 0
q7eb50814 0 19051685 0
q7eb50814 0 19051701 0
q7eb50814 0 19051731 0
q7eb50814 0 19051753 0
q7eb50814 0 19051780 1
q7eb50814 0 19051794 0
q819432ef 0 1 0
q819432ef 0 6421 0
q819432ef 0 6422 0
q819432ef 0 6423 0
q819432ef 0 6424 0
q819432ef 0 6425 0
q819432ef 0 6426 0
q819432ef 0 6427 0
q819432ef 0 6428 0
q819432ef 0 6429 0
q819432ef 0 6430 0
q819432ef 0 6431 0
q819432ef 0 6432 0
q819432ef 0 6433 0
q819432ef 0 6434 0
q819432ef 0 6435 0
q819432ef 0 6436 0
q819432ef 0 6437 0
q819432ef 0 6438 0
q819432ef 0 241292 3
q819432ef 0 241358 3
q819432ef 0 241402 3
q819432ef 0 241781 3
q819432ef 0 241795 3
q819432ef 0 241818 3
q819432ef 0 241820 3
q819432ef 0 242048 3
q819432ef 0 242245 3
q819432ef 0 242278 3
q819432ef 0 242338 3
q819432ef 0 242387 3
q819432ef 0 242393 3
q819432ef 0 242463 3
q819432ef 0 242468 3
q819432ef 0 242471 3
q819432ef 0 242473 3
q819432ef 0 242491 3
q819432ef 0 242555 3
q819432ef 0 242567 3
q819432ef 0 242569 3
q819432ef 0 242574 3
q819432ef 0 242576 3
q819432ef 0 242578 3
q819432ef 0 242591 3
q819432ef 0 242593 3
q819432ef 0 242598 3
q819432ef 0 242603 3
q819432ef 0 242737 3
q819432ef 0 242743 3
q819432ef 0 242816 3
q819432ef 0 243412 3
q819432ef 0 244161 3
q819432ef 0 244164 3
q819432ef 0 244491 3
q819432ef 0 244541 3
q819432ef 0 244896 3
q819432ef 0 244921 3
q819432ef 0 245027 3
q819432ef 0 245260 3
q819432ef 0 245486 3
q819432ef 0 245609 3
q819432ef 0 852047 0
q819432ef 0 4396350 0
q819432ef 0 7019593 0
q819432ef 0 7431149 0
q819432ef 0 10444996 0
q819432ef 0 13423539 0
q819432ef 0 13695384 0
q819432ef 0 17149014 0
q819432ef 0 18958400 0
q819432ef 0 19051517 0
q819432ef 0 19051608 0
q819432ef 0 19051636 0
q819432ef 0 19051664 0
q819432ef 0 19051685 0
q819432ef 0 19051701 0
q819432ef 0 19051731 0
q819432ef 0 19051753 0
q819432ef 0 19051780 0
q819432ef 0 19051794 0
q8234abe3 0 1 0
q8234abe3 0 6421 0
q8234abe3 0 6422 0
q8234abe3 0 6423 0
q8234abe3 0 6424 0
q8234abe3 0 6425 0
q8234abe3 0 6426 0
q8234abe3 0 6427 0
q8234abe3 0 6428 0
q8234abe3 0 6429 0
q8234abe3 0 6430 0
q8234abe3 0 6431 0
q8234abe3 0 6432 0
q8234abe3 0 6433 0
q8234abe3 0 6434 0
q8234abe3 0 6435 0
q8234abe3 0 6436 0
q8234abe3 0 6437 0
q8234abe3 0 6438 0
q8234abe3 0 14317 2
q8234abe3 0 181031 0
q8234abe3 0 184540 1
q8234abe3 0 186811 1
q8234abe3 0 186850 1
q8234abe3 0 189337 2
q8234abe3 0 190703 0
q8234abe3 0 193159 2
q8234abe3 0 193184 2
q8234abe3 0 209764 0
q8234abe3 0 211202 0
q8234abe3 0 226168 1
q8234abe3 0 226175 1
q8234abe3 0 226184 1
q8234abe3 0 226223 1
q8234abe3 0 226356 1
q8234abe3 0 227647 2
q8234abe3 0 231200 1
q8234abe3 0 388948 2
q8234abe3 0 403235 1
q8234abe3 0 415901 0
q8234abe3 0 416703 2
q8234abe3 0 416722 3
q8234abe3 0 418174 1
q8234abe3 0 434648 1
q8234abe3 0 441888 2
q8234abe3 0 441957 1
q8234abe3 0 459666 3
q8234abe3 0 460690 1
q8234abe3 0 461980 2
q8234abe3 0 465090 1
q8234abe3 0 486055 1
q8234abe3 0 499113 0
q8234abe3 0 535876 2
q8234abe3 0 542997 3
q8234abe3 0 542999 3
q8234abe3 0 543000 2
q8234abe3 0 543002 2
q8234abe3 0 543004 1
q8234abe3 0 543005 3
q8234abe3 0 852047 1
q8234abe3 0 4396350 2
q8234abe3 0 7019593 0
q8234abe3 0 7431149 0
q8234abe3 0 10444996 0
q8234abe3 0 13422991 1
q8234abe3 0 13423539 0
q8234abe3 0 13695384 0
q8234abe3 0 16921632 1
q8234abe3 0 16930046 1
q8234abe3 0 16949429 1
q8234abe3 0 16956949 0
q8234abe3 0 16995562 1
q8234abe3 0 16995566 0
q8234abe3 0 16995570 0
q8234abe3 0 16995575 0
q8234abe3 0 16995579 0
q8234abe3 0 16995583 1
q8234abe3 0 16995586 1
q8234abe3 0 17015057 3
q8234abe3 0 17015083 2
q8234abe3 0 17015092 2
q8234abe3 0 17015119 3
q8234abe3 0 17015139 2
q8234abe3 0 17015145 2
q8234abe3 0 17015160 2
q8234abe3 0 17015165 1
q8234abe3 0 17015172 1
q8234abe3 0 17015186 2
q8234abe3 0 17149014 2
q8234abe3 0 17421413 2
q8234abe3 0 17421867 1
q8234abe3 0 18887473 2
q8234abe3 0 18958400 0
q8234abe3 0 19051517 0
q8234abe3 0 19051608 0
q8234abe3 0 19051636 1
q8234abe3 0 19051664 1
q8234abe3 0 19051685 0
q8234abe3 0 19051701 0
q8234abe3 0 19051731 0
q8234abe3 0 19051753 0
q8234abe3 0 19051780 0
q8234abe3 0 19051794 0
q8234abe3 0 19071874 3
q8234abe3 0 19332223 0
q8234abe3 0 19332244 1
q830a8aea 0 1 0
q830a8aea 0 6421 0
q830a8aea 0 6422 0
q830a8aea 0 6423 0
q830a8aea 0 6424 0
q830a8aea 0 6425 0
q830a8aea 0 6426 0
q830a8aea 0 6427 0
q830a8aea 0 6428 0
q830a8aea 0 6429 0
q830a8aea 0 6430 0
q830a8aea 0 6431 0
q830a8aea 0 6432 0
q830a8aea 0 6433 0
q830a8aea 0 6434 0
q830a8aea 0 6435 0
q830a8aea 0 6436 0
q830a8aea 0 6437 0
q830a8aea 0 6438 0
q830a8aea 0 188838 0
q830a8aea 0 240986 0
q830a8aea 0 253224 1
q830a8aea 0 264894 1
q830a8aea 0 264896 0
q830a8aea 0 264898 0
q830a8aea 0 264900 0
q830a8aea 0 264901 0
q830a8aea 0 264903 0
q830a8aea 0 264905 0
q830a8aea 0 264907 0
q830a8aea 0 264909 0
q830a8aea 0 264910 0
q830a8aea 0 264912 0
q830a8aea 0 264914 0
q830a8aea 0 264916 0
q830a8aea 0 264918 0
q830a8aea 0 264919 0
q830a8aea 0 264921 0
q830a8aea 0 264923 0
q830a8aea 0 264925 0
q830a8aea 0 265339 1
q830a8aea 0 265769 3
q830a8aea 0 303299 0
q830a8aea 0 303672 0
q830a8aea 0 304145 0
q830a8aea 0 319301 1
q830a8aea 0 331775 0
q830a8aea 0 331815 0
q830a8aea 0 331866 0
q830a8aea 0 332202 0
q830a8aea 0 333053 0
q830a8aea 0 333142 0
q830a8aea 0 333276 0
q830a8aea 0 333439 0
q830a8aea 0 333444 0
q830a8aea 0 334088 0
q830a8aea 0 335115 0
q830a8aea 0 358899 1
q830a8aea 0 400013 0
q830a8aea 0 417063 1
q830a8aea 0 427605 0
q830a8aea 0 455424 1
q830a8aea 0 488345 0
q830a8aea 0 488350 0
q830a8aea 0 490435 0
q830a8aea 0 504514 2
q830a8aea 0 524538 2
q830a8aea 0 524544 2
q830a8aea 0 526912 1
q830a8aea 0 526913 2
q830a8aea 0 526922 2
q830a8aea 0 852047 0
q830a8aea 0 3907083 0
q830a8aea 0 4396350 0
q830a8aea 0 7019593 0
q830a8aea 0 7431149 0
q830a8aea 0 10444996 1
q830a8aea 0 13423539 0
q830a8aea 0 13695384 0
q830a8aea 0 14375298 1
q830a8aea 0 15536660 2
q830a8aea 0 16847635 1
q830a8aea 0 16861347 1
q830a8aea 0 16886370 0
q830a8aea 0 16889606 3
q830a8aea 0 16892576 0
q830a8aea 0 16892957 0
q830a8aea 0 16908028 1
q830a8aea 0 16909534 1
q830a8aea 0 17019788 0
q830a8aea 0 17029888 0
q830a8aea 0 17055422 1
q830a8aea 0 17072671 0
q830a8aea 0 17149014 0
q830a8aea 0 18611019 1
q830a8aea 0 18958400 0
q830a8aea 0 19051517 0
q830a8aea 0 19051608 0
q830a8aea 0 19051636 0
q830a8aea 0 19051664 0
q830a8aea 0 19051685 0
q830a8aea 0 19051701 0
q830a8aea 0 19051731 0
q830a8aea 0 19051753 0
q830a8aea 0 19051780 0
q830a8aea 0 19051794 0
q830a8aea 0 19177550 1
q830a8aea 0 19177567 3
q830a8aea 0 19177586 1
q830a8aea 0 19177598 2
q830a8aea 0 19306775 2
q830d9e0c 0 3 0
q830d9e0c 0 8 0
q830d9e0c 0 9 0
q830d9e0c 0 10 0
q830d9e0c 0 14 0
q830d9e0c 0 15 0
q830d9e0c 0 17 0
q830d9e0c 0 20 0
q830d9e0c 0 26 0
q830d9e0c 0 27 0
q830d9e0c 0 29 0
q830d9e0c 0 31 0
q830d9e0c 0 34 0
q830d9e0c 0 36 0
q830d9e0c 0 40 0
q830d9e0c 0 6434 0
q830d9e0c 0 6436 0
q830d9e0c 0 6441 0
q830d9e0c 0 6443 0
q830d9e0c 0 6449 0
q830d9e0c 0 6456 0
q830d9e0c 0 6477 0
q830d9e0c 0 6480 0
q830d9e0c 0 6481 0
q830d9e0c 0 6503 0
q830d9e0c 0 6508 0
q830d9e0c 0 6517 0
q830d9e0c 0 6547 0
q830d9e0c 0 6549 0
q830d9e0c 0 6561 0
q830d9e0c 0 6580 0
q830d9e0c 0 6600 0
q830d9e0c 0 6601 0
q830d9e0c 0 6619 0
q830d9e0c 0 6621 0
q830d9e0c 0 154498 0
q830d9e0c 0 237272 0
q830d9e0c 0 237458 2
q830d9e0c 0 237575 0
q830d9e0c 0 238282 0
q830d9e0c 0 241818 1
q830d9e0c 0 242404 1
q830d9e0c 0 243248 2
q830d9e0c 0 245609 1
q830d9e0c 0 251989 2
q830d9e0c 0 262524 1
q830d9e0c 0 262575 0
q830d9e0c 0 262617 0
q830d9e0c 0 262660 0
q830d9e0c 0 285221 1
q830d9e0c 0 285259 0
q830d9e0c 0 285954 1
q830d9e0c 0 324150 1
q830d9e0c 0 324155 1
q830d9e0c 0 324174 1
q830d9e0c 0 324177 1
q830d9e0c 0 324179 1
q830d9e0c 0 324182 1
q830d9e0c 0 324195 1
q830d9e0c 0 324198 1
q830d9e0c 0 349340 0
q830d9e0c 0 349352 0
q830d9e0c 0 349376 0
q830d9e0c 0 349422 0
q830d9e0c 0 349669 0
q830d9e0c 0 349702 0
q830d9e0c 0 349707 0
q830d9e0c 0 383410 1
q830d9e0c 0 423356 2
q830d9e0c 0 437723 2
q830d9e0c 0 450286 0
q830d9e0c 0 450389 1
q830d9e0c 0 450429 0
q830d9e0c 0 450447 0
q830d9e0c 0 451477 0
q830d9e0c 0 455619 0
q830d9e0c 0 456828 0
q830d9e0c 0 457008 0
q830d9e0c 0 459712 0
q830d9e0c 0 852047 0
q830d9e0c 0 13695384 0
q830d9e0c 0 16863978 0
q830d9e0c 0 16885999 1
q830d9e0c 0 16886048 0
q830d9e0c 0 16886088 1
q830d9e0c 0 16886199 0
q830d9e0c 0 16886274 1
q830d9e0c 0 16886454 1
q830d9e0c 0 16886537 0
q830d9e0c 0 16886603 0
q830d9e0c 0 16886633 1
q830d9e0c 0 16886689 0
q830d9e0c 0 16886746 0
q830d9e0c 0 16886939 0
q830d9e0c 0 16887559 1
q830d9e0c 0 16900315 3
q830d9e0c 0 16947434 0
q830d9e0c 0 16947597 0
q830d9e0c 0 16948236 0
q830d9e0c 0 16948663 0
q830d9e0c 0 16949934 0
q830d9e0c 0 16951192 0
q830d9e0c 0 16951996 0
q830d9e0c 0 17014355 2
q830d9e0c 0 17022578 2
q830d9e0c 0 17023215 2
q830d9e0c 0 17023508 2
q830d9e0c 0 17024184 3
q830d9e0c 0 17024317 1
q830d9e0c 0 17024432 2
q830d9e0c 0 17037931 1
q830d9e0c 0 17070128 1
q830d9e0c 0 17073025 0
q830d9e0c 0 17431423 3
q830d9e0c 0 19051685 0
q830d9e0c 0 19051701 1
q830d9e0c 0 19051794 0
q854e9dc8 0 1 0
q854e9dc8 0 6421 0
q854e9dc8 0 6422 0
q854e9dc8 0 6423 0
q854e9dc8 0 6424 0
q854e9dc8 0 6425 0
q854e9dc8 0 6426 0
q854e9dc8 0 6427 0
q854e9dc8 0 6428 0
q854e9dc8 0 6429 0
q854e9dc8 0 6430 0
q854e9dc8 0 6431 0
q854e9dc8 0 6432 0
q854e9dc8 0 6433 0
q854e9dc8 0 6434 0
q854e9dc8 0 6435 0
q854e9dc8 0 6436 0
q854e9dc8 0 6437 0
q854e9dc8 0 6438 0
q854e9dc8 0 185282 0
q854e9dc8 0 187991 2
q854e9dc8 0 209521 1
q854e9dc8 0 210507 1
q854e9dc8 0 210559 0
q854e9dc8 0 211206 1
q854e9dc8 0 211246 1
q854e9dc8 0 211254 1
q854e9dc8 0 211416 1
q854e9dc8 0 211689 1
q854e9dc8 0 225916 0
q854e9dc8 0 233480 2
q854e9dc8 0 234737 1
q854e9dc8 0 236269 3
q854e9dc8 0 241036 0
q854e9dc8 0 300606 3
q854e9dc8 0 301422 3
q854e9dc8 0 303084 0
q854e9dc8 0 303535 0
q854e9dc8 0 303682 0
q854e9dc8 0 304206 0
q854e9dc8 0 352188 3
q854e9dc8 0 369946 1
q854e9dc8 0 387495 0
q854e9dc8 0 387573 0
q854e9dc8 0 388129 0
q854e9dc8 0 432353 2
q854e9dc8 0 479890 0
q854e9dc8 0 852047 0
q854e9dc8 0 4396350 1
q854e9dc8 0 7019593 0
q854e9dc8 0 7431149 0
q854e9dc8 0 10444996 0
q854e9dc8 0 13423539 0
q854e9dc8 0 13695384 0
q854e9dc8 0 16851996 3
q854e9dc8 0 16887827 0
q854e9dc8 0 16946234 2
q854e9dc8 0 16948848 2
q854e9dc8 0 16950260 2
q854e9dc8 0 16999493 0
q854e9dc8 0 16999533 0
q854e9dc8 0 16999557 0
q854e9dc8 0 17004041 0
q854e9dc8 0 17004623 1
q854e9dc8 0 17005087 0
q854e9dc8 0 17005759 1
q854e9dc8 0 17006315 1
q854e9dc8 0 17008054 1
q854e9dc8 0 17008105 1
q854e9dc8 0 17008807 1
q854e9dc8 0 17149014 0
q854e9dc8 0 18958400 0
q854e9dc8 0 19051517 0
q854e9dc8 0 19051608 0
q854e9dc8 0 19051636 0
q854e9dc8 0 19051664 1
q854e9dc8 0 19051685 0
q854e9dc8 0 19051701 0
q854e9dc8 0 19051731 0
q854e9dc8 0 19051753 0
q854e9dc8 0 19051780 1
q854e9dc8 0 19051794 0
q868fe880 0 2 0
q868fe880 0 3 0
q868fe880 0 4 0
q868fe880 0 5 0
q868fe880 0 6 0
q868fe880 0 6422 0
q868fe880 0 6423 0
q868fe880 0 6427 0
q868fe880 0 6434 3
q868fe880 0 6436 0
q868fe880 0 6438 0
q868fe880 0 6441 0
q868fe880 0 6443 0
q868fe880 0 6448 0
q868fe880 0 6449 0
q868fe880 0 6451 0
q868fe880 0 6454 0
q868fe880 0 6456 0
q868fe880 0 6458 0
q868fe880 0 6460 0
q868fe880 0 6462 0
q868fe880 0 6466 0
q868fe880 0 233497 0
q868fe880 0 296346 3
q868fe880 0 424464 1
q868fe880 0 424876 2
q868fe880 0 541212 3
q868fe880 0 852047 0
q868fe880 0 7431149 0
q868fe880 0 10444996 0
q868fe880 0 13695384 2
q868fe880 0 16893059 3
q868fe880 0 16893092 3
q868fe880 0 16893407 3
q868fe880 0 16893500 1
q868fe880 0 16893557 1
q868fe880 0 16893834 3
q868fe880 0 16893844 2
q868fe880 0 16893875 1
q868fe880 0 16893885 1
q868fe880 0 16893908 2
q868fe880 0 16893913 3
q868fe880 0 16894853 2
q868fe880 0 16894984 3
q868fe880 0 16895029 2
q868fe880 0 16895084 2
q868fe880 0 16895198 1
q868fe880 0 17034542 2
q868fe880 0 18751700 1
q868fe880 0 18751844 1
q868fe880 0 18925296 1
q868fe880 0 18925344 1
q868fe880 0 18958400 0
q868fe880 0 18989257 0
q868fe880 0 19051517 0
q868fe880 0 19051608 0
q868fe880 0 19051636 0
q868fe880 0 19051664 0
q868fe880 0 19051685 0
q868fe880 0 19051701 0
q868fe880 0 19051731 0
q868fe880 0 19051753 0
q868fe880 0 19051780 1
q868fe880 0 19051794 0
q8b4402e1 0 1 0
q8b4402e1 0 6421 0
q8b4402e1 0 6422 0
q8b4402e1 0 6423 0
q8b4402e1 0 6424 0
q8b4402e1 0 6425 0
q8b4402e1 0 6426 0
q8b4402e1 0 6427 0
q8b4402e1 0 6428 0
q8b4402e1 0 6429 0
q8b4402e1 0 6430 0
q8b4402e1 0 6431 0
q8b4402e1 0 6432 0
q8b4402e1 0 6433 0
q8b4402e1 0 6434 0
q8b4402e1 0 6435 0
q8b4402e1 0 6436 0
q8b4402e1 0 6437 0
q8b4402e1 0 6438 0
q8b4402e1 0 184852 2
q8b4402e1 0 247164 0
q8b4402e1 0 349457 0
q8b4402e1 0 361380 0
q8b4402e1 0 361537 0
q8b4402e1 0 370985 3
q8b4402e1 0 384275 0
q8b4402e1 0 384278 0
q8b4402e1 0 393225 0
q8b4402e1 0 393265 0
q8b4402e1 0 393481 0
q8b4402e1 0 395157 0
q8b4402e1 0 395666 0
q8b4402e1 0 395945 0
q8b4402e1 0 415923 0
q8b4402e1 0 424664 0
q8b4402e1 0 467535 0
q8b4402e1 0 479734 0
q8b4402e1 0 533320 0
q8b4402e1 0 533814 2
q8b4402e1 0 533822 2
q8b4402e1 0 533849 1
q8b4402e1 0 533918 1
q8b4402e1 0 533929 1
q8b4402e1 0 533937 1
q8b4402e1 0 533969 1
q8b4402e1 0 534314 1
q8b4402e1 0 534361 1
q8b4402e1 0 534407 1
q8b4402e1 0 534437 1
q8b4402e1 0 534535 1
q8b4402e1 0 852047 0
q8b4402e1 0 4396350 0
q8b4402e1 0 7019593 0
q8b4402e1 0 7431149 1
q8b4402e1 0 10444996 0
q8b4402e1 0 13423539 0
q8b4402e1 0 13695384 0
q8b4402e1 0 16914388 1
q8b4402e1 0 16914801 1
q8b4402e1 0 16914846 2
q8b4402e1 0 16914925 3
q8b4402e1 0 16940759 0
q8b4402e1 0 16953260 0
q8b4402e1 0 16975990 2
q8b4402e1 0 16992741 0
q8b4402e1 0 17004308 3
q8b4402e1 0 17012543 2
q8b4402e1 0 17013934 2
q8b4402e1 0 17015594 0
q8b4402e1 0 17055122 0
q8b4402e1 0 17056732 0
q8b4402e1 0 17149014 0
q8b4402e1 0 17433614 1
q8b4402e1 0 18958400 0
q8b4402e1 0 19051517 0
q8b4402e1 0 19051608 0
q8b4402e1 0 19051636 0
q8b4402e1 0 19051664 0
q8b4402e1 0 19051685 0
q8b4402e1 0 19051701 0
q8b4402e1 0 19051731 0
q8b4402e1 0 19051753 0
q8b4402e1 0 19051780 0
q8b4402e1 0 19051794 0
q8d534a18 0 1 0
q8d534a18 0 6421 0
q8d534a18 0 6422 0
q8d534a18 0 6423 0
q8d534a18 0 6424 0
q8d534a18 0 6425 0
q8d534a18 0 6426 0
q8d534a18 0 6427 0
q8d534a18 0 6428 0
q8d534a18 0 6429 0
q8d534a18 0 6430 0
q8d534a18 0 6431 0
q8d534a18 0 6432 0
q8d534a18 0 6433 0
q8d534a18 0 6434 0
q8d534a18 0 6435 0
q8d534a18 0 6436 0
q8d534a18 0 6437 0
q8d534a18 0 6438 0
q8d534a18 0 10771 2
q8d534a18 0 10785 1
q8d534a18 0 180635 0
q8d534a18 0 217902 0
q8d534a18 0 227726 1
q8d534a18 0 228213 2
q8d534a18 0 228306 1
q8d534a18 0 228628 2
q8d534a18 0 240395 0
q8d534a18 0 240568 2
q8d534a18 0 242770 2
q8d534a18 0 245288 2
q8d534a18 0 248476 1
q8d534a18 0 250248 2
q8d534a18 0 333653 0
q8d534a18 0 371970 2
q8d534a18 0 373089 3
q8d534a18 0 378392 0
q8d534a18 0 408791 3
q8d534a18 0 446353 3
q8d534a18 0 446354 2
q8d534a18 0 450606 2
q8d534a18 0 450673 2
q8d534a18 0 450896 3
q8d534a18 0 450956 3
q8d534a18 0 451288 3
q8d534a18 0 454439 0
q8d534a18 0 454489 0
q8d534a18 0 486234 1
q8d534a18 0 541764 0
q8d534a18 0 852047 0
q8d534a18 0 4396350 0
q8d534a18 0 7019593 0
q8d534a18 0 7431149 0
q8d534a18 0 10444996 0
q8d534a18 0 13423539 0
q8d534a18 0 13695384 0
q8d534a18 0 16850107 2
q8d534a18 0 16864535 0
q8d534a18 0 16887418 2
q8d534a18 0 16899241 1
q8d534a18 0 16900049 2
q8d534a18 0 16901090 2
q8d534a18 0 16902833 3
q8d534a18 0 16913755 2
q8d534a18 0 16971405 1
q8d534a18 0 16984090 1
q8d534a18 0 16989287 3
q8d534a18 0 17149014 0
q8d534a18 0 17431939 3
q8d534a18 0 18958400 0
q8d534a18 0 19051517 0
q8d534a18 0 19051608 0
q8d534a18 0 19051636 0
q8d534a18 0 19051664 0
q8d534a18 0 19051685 0
q8d534a18 0 19051701 0
q8d534a18 0 19051731 0
q8d534a18 0 19051753 0
q8d534a18 0 19051780 0
q8d534a18 0 19051794 0
q8daa973c 0 1 0
q8daa973c 0 6421 0
q8daa973c 0 6422 0
q8daa973c 0 6423 0
q8daa973c 0 6424 0
q8daa973c 0 6425 0
q8daa973c 0 6426 0
q8daa973c 0 6427 0
q8daa973c 0 6428 0
q8daa973c 0 6429 0
q8daa973c 0 6430 0
q8daa973c 0 6431 0
q8daa973c 0 6432 0
q8daa973c 0 6433 0
q8daa973c 0 6434 0
q8daa973c 0 6435 0
q8daa973c 0 6436 0
q8daa973c 0 6437 0
q8daa973c 0 6438 0
q8daa973c 0 519421 3
q8daa973c 0 519424 3
q8daa973c 0 519425 3
q8daa973c 0 519534 3
q8daa973c 0 519538 3
q8daa973c 0 519540 3
q8daa973c 0 519542 3
q8daa973c 0 519545 3
q8daa973c 0 519547 3
q8daa973c 0 519640 3
q8daa973c 0 519703 3
q8daa973c 0 519707 3
q8daa973c 0 519709 3
q8daa973c 0 519791 3
q8daa973c 0 519799 3
q8daa973c 0 521080 3
q8daa973c 0 521494 3
q8daa973c 0 521942 3
q8daa973c 0 521948 3
q8daa973c 0 522861 3
q8daa973c 0 852047 0
q8daa973c 0 4396350 0
q8daa973c 0 7019593 0
q8daa973c 0 7431149 0
q8daa973c 0 10444996 0
q8daa973c 0 13423539 0
q8daa973c 0 13695384 0
q8daa973c 0 16956842 0
q8daa973c 0 16972659 0
q8daa973c 0 16973013 0
q8daa973c 0 16973043 0
q8daa973c 0 16973099 0
q8daa973c 0 16973384 0
q8daa973c 0 16973407 0
q8daa973c 0 16973440 0
q8daa973c 0 16973496 0
q8daa973c 0 16973611 0
q8daa973c 0 16973659 0
q8daa973c 0 16974908 0
q8daa973c 0 16975269 0
q8daa973c 0 16975362 0
q8daa973c 0 16975442 0
q8daa973c 0 16975521 0
q8daa973c 0 16975556 0
q8daa973c 0 16976253 0
q8daa973c 0 16976285 0
q8daa973c 0 16976483 0
q8daa973c 0 17149014 0
q8daa973c 0 18958400 0
q8daa973c 0 19051517 0
q8daa973c 0 19051608 0
q8daa973c 0 19051636 0
q8daa973c 0 19051664 0
q8daa973c 0 19051685 0
q8daa973c 0 19051701 0
q8daa973c 0 19051731 0
q8daa973c 0 19051753 0
q8daa973c 0 19051780 0
q8daa973c 0 19051794 0
q8df897e2 0 1 0
q8df897e2 0 6421 0
q8df897e2 0 6422 0
q8df897e2 0 6423 0
q8df897e2 0 6424 0
q8df897e2 0 6425 0
q8df897e2 0 6426 0
q8df897e2 0 6427 0
q8df897e2 0 6428 0
q8df897e2 0 6429 0
q8df897e2 0 6430 0
q8df897e2 0 6431 0
q8df897e2 0 6432 0
q8df897e2 0 6433 0
q8df897e2 0 6434 0
q8df897e2 0 6435 0
q8df897e2 0 6436 0
q8df897e2 0 6437 0
q8df897e2 0 6438 0
q8df897e2 0 186572 2
q8df897e2 0 209621 1
q8df897e2 0 209788 1
q8df897e2 0 211548 1
q8df897e2 0 217178 0
q8df897e2 0 226049 0
q8df897e2 0 233953 2
q8df897e2 0 234587 2
q8df897e2 0 246419 0
q8df897e2 0 313223 2
q8df897e2 0 331775 0
q8df897e2 0 333904 1
q8df897e2 0 334182 0
q8df897e2 0 334188 0
q8df897e2 0 371728 2
q8df897e2 0 372295 1
q8df897e2 0 372717 2
q8df897e2 0 389016 1
q8df897e2 0 393081 1
q8df897e2 0 393964 1
q8df897e2 0 394239 3
q8df897e2 0 407350 2
q8df897e2 0 408799 2
q8df897e2 0 411520 2
q8df897e2 0 413908 2
q8df897e2 0 414448 3
q8df897e2 0 420418 3
q8df897e2 0 420575 3
q8df897e2 0 430119 1
q8df897e2 0 454936 3
q8df897e2 0 484560 1
q8df897e2 0 485144 0
q8df897e2 0 499508 1
q8df897e2 0 852047 0
q8df897e2 0 4396350 0
q8df897e2 0 7019593 0
q8df897e2 0 7431149 0
q8df897e2 0 10444996 0
q8df897e2 0 13423539 0
q8df897e2 0 13695384 0
q8df897e2 0 16848237 3
q8df897e2 0 16850196 2
q8df897e2 0 16864923 2
q8df897e2 0 16879655 0
q8df897e2 0 16888271 2
q8df897e2 0 16888997 2
q8df897e2 0 16889432 1
q8df897e2 0 16890010 3
q8df897e2 0 16890076 1
q8df897e2 0 16890140 0
q8df897e2 0 16890148 0
q8df897e2 0 16890172 1
q8df897e2 0 16890857 1
q8df897e2 0 16968433 1
q8df897e2 0 17035021 0
q8df897e2 0 17149014 0
q8df897e2 0 17760674 0
q8df897e2 0 18958400 0
q8df897e2 0 19051517 0
q8df897e2 0 19051608 0
q8df897e2 0 19051636 0
q8df897e2 0 19051664 0
q8df897e2 0 19051685 0
q8df897e2 0 19051701 0
q8df897e2 0 19051731 0
q8df897e2 0 19051753 0
q8df897e2 0 19051780 0
q8df897e2 0 19051794 0
q90009595 0 1 0
q90009595 0 6421 0
q90009595 0 6422 0
q90009595 0 6423 0
q90009595 0 6424 0
q90009595 0 6425 0
q90009595 0 6426 0
q90009595 0 6427 0
q90009595 0 6428 0
q90009595 0 6429 0
q90009595 0 6430 0
q90009595 0 6431 0
q90009595 0 6432 0
q90009595 0 6433 0
q90009595 0 6434 0
q90009595 0 6435 0
q90009595 0 6436 0
q90009595 0 6437 0
q90009595 0 6438 0
q90009595 0 279496 3
q90009595 0 279521 3
q90009595 0 279541 3
q90009595 0 279560 3
q90009595 0 279563 3
q90009595 0 279600 3
q90009595 0 279670 3
q90009595 0 279860 3
q90009595 0 279885 3
q90009595 0 279989 3
q90009595 0 279999 3
q90009595 0 280027 3
q90009595 0 280028 3
q90009595 0 280034 3
q90009595 0 280048 3
q90009595 0 280057 3
q90009595 0 280063 3
q90009595 0 280102 3
q90009595 0 280107 3
q90009595 0 280122 3
q90009595 0 280129 3
q90009595 0 280139 3
q90009595 0 280153 3
q90009595 0 280198 3
q90009595 0 280236 3
q90009595 0 280298 3
q90009595 0 280320 3
q90009595 0 280348 3
q90009595 0 280352 3
q90009595 0 280439 3
q90009595 0 280474 3
q90009595 0 280568 3
q90009595 0 280691 3
q90009595 0 280703 3
q90009595 0 280738 3
q90009595 0 280893 3
q90009595 0 280912 3
q90009595 0 280927 3
q90009595 0 280931 3
q90009595 0 280973 3
q90009595 0 281011 3
q90009595 0 281024 3
q90009595 0 281429 3
q90009595 0 281643 3
q90009595 0 282346 3
q90009595 0 852047 0
q90009595 0 4396350 0
q90009595 0 7019593 0
q90009595 0 7431149 0
q90009595 0 10444996 0
q90009595 0 13423539 0
q90009595 0 13695384 0
q90009595 0 17149014 0
q90009595 0 18958400 0
q90009595 0 19051517 0
q90009595 0 19051608 0
q90009595 0 19051636 0
q90009595 0 19051664 0
q90009595 0 19051685 0
q90009595 0 19051701 0
q90009595 0 19051731 0
q90009595 0 19051753 0
q90009595 0 19051780 0
q90009595 0 19051794 0
q91fc7ecf 0 61959 0
q91fc7ecf 0 65861 1
q91fc7ecf 0 79473 0
q91fc7ecf 0 82957 3
q91fc7ecf 0 82960 3
q91fc7ecf 0 82962 3
q91fc7ecf 0 82964 3
q91fc7ecf 0 82967 3
q91fc7ecf 0 82970 3
q91fc7ecf 0 82971 3
q91fc7ecf 0 82976 3
q91fc7ecf 0 82979 3
q91fc7ecf 0 82981 3
q91fc7ecf 0 82983 3
q91fc7ecf 0 82986 3
q91fc7ecf 0 83002 3
q91fc7ecf 0 83004 3
q91fc7ecf 0 83007 3
q91fc7ecf 0 83012 3
q91fc7ecf 0 83016 3
q91fc7ecf 0 83019 3
q91fc7ecf 0 83022 3
q91fc7ecf 0 83024 3
q91fc7ecf 0 83026 3
q91fc7ecf 0 83029 3
q91fc7ecf 0 83031 3
q91fc7ecf 0 83033 3
q91fc7ecf 0 83035 3
q91fc7ecf 0 83037 3
q91fc7ecf 0 85470 1
q91fc7ecf 0 85475 2
q91fc7ecf 0 86117 0
q91fc7ecf 0 86236 2
q91fc7ecf 0 86668 2
q91fc7ecf 0 87944 2
q91fc7ecf 0 5240271 1
q91fc7ecf 0 5394343 1
q91fc7ecf 0 6535985 1
q91fc7ecf 0 7019379 3
q91fc7ecf 0 7368560 1
q91fc7ecf 0 7690841 1
q91fc7ecf 0 8217845 1
q91fc7ecf 0 9386467 1
q91fc7ecf 0 10327634 1
q91fc7ecf 0 10714871 1
q91fc7ecf 0 12226917 1
q91fc7ecf 0 14389953 1
q91fc7ecf 0 14389954 1
q91fc7ecf 0 14389955 1
q91fc7ecf 0 14389956 1
q91fc7ecf 0 14389957 1
q91fc7ecf 0 14389958 1
q91fc7ecf 0 14389959 1
q91fc7ecf 0 15749748 1
q91fc7ecf 0 17168882 1
q91fc7ecf 0 17168940 1
q91fc7ecf 0 19124493 0
q91fc7ecf 0 19124516 0
q91fc7ecf 0 19124531 0
q91fc7ecf 0 19124543 0
q91fc7ecf 0 19124558 0
q91fc7ecf 0 19124578 0
q91fc7ecf 0 19124588 0
q91fc7ecf 0 19124598 0
q91fc7ecf 0 19124605 0
q91fc7ecf 0 19124622 0
q91fc7ecf 0 19124632 0
q91fc7ecf 0 19124647 0
q91fc7ecf 0 19124652 0
q91fc7ecf 0 19124662 0
q91fc7ecf 0 19124673 0
q91fc7ecf 0 19124695 0
q91fc7ecf 0 19124701 0
q91fc7ecf 0 19124709 0
q91fc7ecf 0 19124716 0
q91fc7ecf 0 19124741 0
q91fc7ecf 0 19203839 1
q91fc7ecf 0 19392284 3
q91fc7ecf 0 19392290 3
q926b189b 0 1 0
q926b189b 0 3595 3
q926b189b 0 6421 0
q926b189b 0 6422 0
q926b189b 0 6423 0
q926b189b 0 6424 0
q926b189b 0 6425 0
q926b189b 0 6426 0
q926b189b 0 6427 0
q926b189b 0 6428 0
q926b189b 0 6429 0
q926b189b 0 6430 0
q926b189b 0 6431 0
q926b189b 0 6432 0
q926b189b 0 6433 0
q926b189b 0 6434 0
q926b189b 0 6435 0
q926b189b 0 6436 0
q926b189b 0 6437 0
q926b189b 0 6438 0
q926b189b 0 23310 3
q926b189b 0 85887 2
q926b189b 0 166173 3
q926b189b 0 166612 1
q926b189b 0 167015 1
q926b189b 0 167493 3
q926b189b 0 167618 1
q926b189b 0 167920 3
q926b189b 0 168069 2
q926b189b 0 173339 2
q926b189b 0 174884 3
q926b189b 0 175274 3
q926b189b 0 175780 3
q926b189b 0 177271 1
q926b189b 0 177274 1
q926b189b 0 177496 2
q926b189b 0 178186 3
q926b189b 0 185391 2
q926b189b 0 193445 0
q926b189b 0 209885 1
q926b189b 0 235640 2
q926b189b 0 240524 1
q926b189b 0 241307 1
q926b189b 0 289399 3
q926b189b 0 289400 3
q926b189b 0 317958 0
q926b189b 0 359771 2
q926b189b 0 359773 2
q926b189b 0 359775 2
q926b189b 0 359779 2
q926b189b 0 359888 2
q926b189b 0 446475 0
q926b189b 0 496083 1
q926b189b 0 852047 0
q926b189b 0 4396350 0
q926b189b 0 7019593 0
q926b189b 0 7431149 0
q926b189b 0 10444996 0
q926b189b 0 13423539 0
q926b189b 0 13695384 0
q926b189b 0 16859652 2
q926b189b 0 16865286 1
q926b189b 0 16910527 3
q926b189b 0 16910662 3
q926b189b 0 16986520 3
q926b189b 0 17149014 0
q926b189b 0 18888005 1
q926b189b 0 18958400 0
q926b189b 0 19051517 0
q926b189b 0 19051608 0
q926b189b 0 19051636 0
q926b189b 0 19051664 0
q926b189b 0 19051685 0
q926b189b 0 19051701 0
q926b189b 0 19051731 0
q926b189b 0 19051753 0
q926b189b 0 19051780 0
q926b189b 0 19051794 0
q92e0a1ae 0 1 0
q92e0a1ae 0 6421 0
q92e0a1ae 0 6422 0
q92e0a1ae 0 6423 0
q92e0a1ae 0 6424 0
q92e0a1ae 0 6425 0
q92e0a1ae 0 6426 0
q92e0a1ae 0 6427 0
q92e0a1ae 0 6428 0
q92e0a1ae 0 6429 0
q92e0a1ae 0 6430 0
q92e0a1ae 0 6431 0
q92e0a1ae 0 6432 0
q92e0a1ae 0 6433 0
q92e0a1ae 0 6434 0
q92e0a1ae 0 6435 0
q92e0a1ae 0 6436 0
q92e0a1ae 0 6437 0
q92e0a1ae 0 6438 0
q92e0a1ae 0 404676 3
q92e0a1ae 0 404701 3
q92e0a1ae 0 404774 3
q92e0a1ae 0 404927 3
q92e0a1ae 0 404945 3
q92e0a1ae 0 405595 3
q92e0a1ae 0 406010 3
q92e0a1ae 0 406030 3
q92e0a1ae 0 406093 3
q92e0a1ae 0 406159 3
q92e0a1ae 0 406318 3
q92e0a1ae 0 406786 3
q92e0a1ae 0 407069 3
q92e0a1ae 0 407236 3
q92e0a1ae 0 407239 3
q92e0a1ae 0 408321 3
q92e0a1ae 0 408452 3
q92e0a1ae 0 408731 3
q92e0a1ae 0 408910 3
q92e0a1ae 0 408914 3
q92e0a1ae 0 408926 3
q92e0a1ae 0 408984 3
q92e0a1ae 0 408986 3
q92e0a1ae 0 409013 3
q92e0a1ae 0 409209 3
q92e0a1ae 0 409214 3
q92e0a1ae 0 409229 3
q92e0a1ae 0 409256 3
q92e0a1ae 0 409301 3
q92e0a1ae 0 409325 3
q92e0a1ae 0 409332 3
q92e0a1ae 0 409404 3
q92e0a1ae 0 409560 3
q92e0a1ae 0 409656 3
q92e0a1ae 0 409681 3
q92e0a1ae 0 409702 3
q92e0a1ae 0 409766 3
q92e0a1ae 0 409768 3
q92e0a1ae 0 409827 3
q92e0a1ae 0 409835 3
q92e0a1ae 0 410115 3
q92e0a1ae 0 410147 3
q92e0a1ae 0 410221 3
q92e0a1ae 0 410222 3
q92e0a1ae 0 852047 0
q92e0a1ae 0 4396350 0
q92e0a1ae 0 7019593 0
q92e0a1ae 0 7431149 0
q92e0a1ae 0 10444996 0
q92e0a1ae 0 13423539 0
q92e0a1ae 0 13695384 0
q92e0a1ae 0 17149014 0
q92e0a1ae 0 18958400 0
q92e0a1ae 0 19051517 0
q92e0a1ae 0 19051608 0
q92e0a1ae 0 19051636 0
q92e0a1ae 0 19051664 0
q92e0a1ae 0 19051685 0
q92e0a1ae 0 19051701 0
q92e0a1ae 0 19051731 0
q92e0a1ae 0 19051753 0
q92e0a1ae 0 19051780 0
q92e0a1ae 0 19051794 0
q937eadc7 0 1 0
q937eadc7 0 6421 0
q937eadc7 0 6422 0
q937eadc7 0 6423 0
q937eadc7 0 6424 0
q937eadc7 0 6425 0
q937eadc7 0 6426 0
q937eadc7 0 6427 0
q937eadc7 0 6428 0
q937eadc7 0 6429 0
q937eadc7 0 6430 0
q937eadc7 0 6431 0
q937eadc7 0 6432 0
q937eadc7 0 6433 0
q937eadc7 0 6434 0
q937eadc7 0 6435 0
q937eadc7 0 6436 0
q937eadc7 0 6437 0
q937eadc7 0 6438 0
q937eadc7 0 403203 3
q937eadc7 0 403207 3
q937eadc7 0 403209 3
q937eadc7 0 403219 3
q937eadc7 0 403221 3
q937eadc7 0 403228 3
q937eadc7 0 403230 3
q937eadc7 0 403232 3
q937eadc7 0 403240 3
q937eadc7 0 403246 3
q937eadc7 0 403248 3
q937eadc7 0 403254 3
q937eadc7 0 403258 3
q937eadc7 0 403265 3
q937eadc7 0 403275 3
q937eadc7 0 403284 3
q937eadc7 0 403291 3
q937eadc7 0 403335 3
q937eadc7 0 403519 3
q937eadc7 0 403542 3
q937eadc7 0 403570 3
q937eadc7 0 403605 3
q937eadc7 0 403647 3
q937eadc7 0 403696 3
q937eadc7 0 403962 3
q937eadc7 0 403967 3
q937eadc7 0 404027 3
q937eadc7 0 404043 3
q937eadc7 0 404089 3
q937eadc7 0 404103 3
q937eadc7 0 404133 3
q937eadc7 0 405239 3
q937eadc7 0 405401 3
q937eadc7 0 405516 3
q937eadc7 0 405582 3
q937eadc7 0 405666 3
q937eadc7 0 405671 3
q937eadc7 0 405694 3
q937eadc7 0 405703 3
q937eadc7 0 405712 3
q937eadc7 0 405715 3
q937eadc7 0 405827 3
q937eadc7 0 852047 0
q937eadc7 0 4396350 0
q937eadc7 0 7019593 0
q937eadc7 0 7431149 0
q937eadc7 0 10444996 0
q937eadc7 0 13423539 0
q937eadc7 0 13695384 0
q937eadc7 0 17149014 0
q937eadc7 0 18958400 0
q937eadc7 0 19051517 0
q937eadc7 0 19051608 0
q937eadc7 0 19051636 0
q937eadc7 0 19051664 0
q937eadc7 0 19051685 0
q937eadc7 0 19051701 0
q937eadc7 0 19051731 0
q937eadc7 0 19051753 0
q937eadc7 0 19051780 0
q937eadc7 0 19051794 0
q937eadc7 0 19061438 3
q937eadc7 0 19061457 3
q937eadc7 0 19061500 3
q958d4a89 0 1 3
q958d4a89 0 6421 0
q958d4a89 0 6422 0
q958d4a89 0 6423 0
q958d4a89 0 6424 0
q958d4a89 0 6425 0
q958d4a89 0 6426 0
q958d4a89 0 6427 0
q958d4a89 0 6428 0
q958d4a89 0 6429 0
q958d4a89 0 6430 0
q958d4a89 0 6431 0
q958d4a89 0 6432 1
q958d4a89 0 6433 0
q958d4a89 0 6434 1
q958d4a89 0 6435 0
q958d4a89 0 6436 0
q958d4a89 0 6437 0
q958d4a89 0 6438 0
q958d4a89 0 203879 1
q958d4a89 0 209411 2
q958d4a89 0 227805 3
q958d4a89 0 237955 1
q958d4a89 0 240959 2
q958d4a89 0 258816 2
q958d4a89 0 304206 1
q958d4a89 0 304212 1
q958d4a89 0 313254 1
q958d4a89 0 333479 3
q958d4a89 0 334023 1
q958d4a89 0 335024 1
q958d4a89 0 335964 0
q958d4a89 0 361366 1
q958d4a89 0 389013 3
q958d4a89 0 451752 0
q958d4a89 0 473930 0
q958d4a89 0 473945 0
q958d4a89 0 473953 0
q958d4a89 0 475354 1
q958d4a89 0 482623 2
q958d4a89 0 482729 1
q958d4a89 0 482850 2
q958d4a89 0 482876 2
q958d4a89 0 482920 2
q958d4a89 0 483550 1
q958d4a89 0 484737 3
q958d4a89 0 484746 2
q958d4a89 0 484807 2
q958d4a89 0 487780 2
q958d4a89 0 488483 1
q958d4a89 0 497856 3
q958d4a89 0 498548 2
q958d4a89 0 499441 2
q958d4a89 0 499458 2
q958d4a89 0 499846 2
q958d4a89 0 499939 3
q958d4a89 0 500218 2
q958d4a89 0 500956 3
q958d4a89 0 501005 3
q958d4a89 0 501091 1
q958d4a89 0 852047 1
q958d4a89 0 4396350 1
q958d4a89 0 7019593 0
q958d4a89 0 7431149 0
q958d4a89 0 10444996 0
q958d4a89 0 13423539 0
q958d4a89 0 13695384 1
q958d4a89 0 16947820 0
q958d4a89 0 16952699 0
q958d4a89 0 17005619 1
q958d4a89 0 17006060 1
q958d4a89 0 17006189 0
q958d4a89 0 17006259 1
q958d4a89 0 17006283 1
q958d4a89 0 17006317 0
q958d4a89 0 17006488 0
q958d4a89 0 17006507 2
q958d4a89 0 17006589 2
q958d4a89 0 17006605 3
q958d4a89 0 17006615 3
q958d4a89 0 17035704 1
q958d4a89 0 17149014 1
q958d4a89 0 18958400 0
q958d4a89 0 19051517 0
q958d4a89 0 19051608 2
q958d4a89 0 19051636 1
q958d4a89 0 19051664 1
q958d4a89 0 19051685 2
q958d4a89 0 19051701 1
q958d4a89 0 19051731 0
q958d4a89 0 19051753 1
q958d4a89 0 19051780 0
q958d4a89 0 19051794 2
q963c2460 0 1 0
q963c2460 0 6421 0
q963c2460 0 6422 0
q963c2460 0 6423 0
q963c2460 0 6424 0
q963c2460 0 6425 0
q963c2460 0 6426 0
q963c2460 0 6427 0
q963c2460 0 6428 0
q963c2460 0 6429 0
q963c2460 0 6430 0
q963c2460 0 6431 0
q963c2460 0 6432 0
q963c2460 0 6433 0
q963c2460 0 6434 0
q963c2460 0 6435 0
q963c2460 0 6436 0
q963c2460 0 6437 0
q963c2460 0 6438 0
q963c2460 0 290855 3
q963c2460 0 291128 3
q963c2460 0 291132 3
q963c2460 0 291135 3
q963c2460 0 291364 3
q963c2460 0 291971 3
q963c2460 0 291980 3
q963c2460 0 291982 3
q963c2460 0 292067 3
q963c2460 0 292079 3
q963c2460 0 292081 3
q963c2460 0 292091 3
q963c2460 0 292103 3
q963c2460 0 292124 3
q963c2460 0 292140 3
q963c2460 0 292355 3
q963c2460 0 292444 3
q963c2460 0 292569 3
q963c2460 0 292840 3
q963c2460 0 292934 3
q963c2460 0 293073 3
q963c2460 0 293161 3
q963c2460 0 293265 3
q963c2460 0 293518 3
q963c2460 0 293520 3
q963c2460 0 293611 3
q963c2460 0 293675 3
q963c2460 0 293854 3
q963c2460 0 293961 3
q963c2460 0 293983 3
q963c2460 0 294053 3
q963c2460 0 294059 3
q963c2460 0 294065 3
q963c2460 0 294148 3
q963c2460 0 294185 3
q963c2460 0 294244 3
q963c2460 0 294299 3
q963c2460 0 294300 3
q963c2460 0 294305 3
q963c2460 0 294348 3
q963c2460 0 294623 3
q963c2460 0 294650 3
q963c2460 0 294702 3
q963c2460 0 294762 3
q963c2460 0 294770 3
q963c2460 0 294824 3
q963c2460 0 294998 3
q963c2460 0 295198 3
q963c2460 0 295303 3
q963c2460 0 852047 0
q963c2460 0 4396350 0
q963c2460 0 7019593 0
q963c2460 0 7431149 0
q963c2460 0 10444996 0
q963c2460 0 13423539 0
q963c2460 0 13695384 0
q963c2460 0 17149014 0
q963c2460 0 18958400 0
q963c2460 0 19051517 0
q963c2460 0 19051608 0
q963c2460 0 19051636 0
q963c2460 0 19051664 0
q963c2460 0 19051685 0
q963c2460 0 19051701 0
q963c2460 0 19051731 0
q963c2460 0 19051753 0
q963c2460 0 19051780 0
q963c2460 0 19051794 0
q9771b70c 0 1 0
q9771b70c 0 6421 0
q9771b70c 0 6422 0
q9771b70c 0 6423 0
q9771b70c 0 6424 0
q9771b70c 0 6425 0
q9771b70c 0 6426 0
q9771b70c 0 6427 0
q9771b70c 0 6428 0
q9771b70c 0 6429 0
q9771b70c 0 6430 0
q9771b70c 0 6431 0
q9771b70c 0 6432 0
q9771b70c 0 6433 0
q9771b70c 0 6434 0
q9771b70c 0 6435 0
q9771b70c 0 6436 0
q9771b70c 0 6437 0
q9771b70c 0 6438 0
q9771b70c 0 10636 2
q9771b70c 0 10696 3
q9771b70c 0 10935 3
q9771b70c 0 11020 3
q9771b70c 0 14607 2
q9771b70c 0 14992 2
q9771b70c 0 15012 2
q9771b70c 0 15086 3
q9771b70c 0 192656 1
q9771b70c 0 193034 3
q9771b70c 0 241713 3
q9771b70c 0 248177 2
q9771b70c 0 248438 1
q9771b70c 0 248931 2
q9771b70c 0 249964 2
q9771b70c 0 250294 3
q9771b70c 0 256954 1
q9771b70c 0 256957 1
q9771b70c 0 256961 1
q9771b70c 0 256965 1
q9771b70c 0 256969 1
q9771b70c 0 256973 1
q9771b70c 0 256976 1
q9771b70c 0 256980 1
q9771b70c 0 256985 1
q9771b70c 0 256989 1
q9771b70c 0 256993 1
q9771b70c 0 256997 1
q9771b70c 0 257000 1
q9771b70c 0 257005 1
q9771b70c 0 257009 1
q9771b70c 0 257013 1
q9771b70c 0 257017 1
q9771b70c 0 257019 1
q9771b70c 0 257023 1
q9771b70c 0 284235 1
q9771b70c 0 338443 0
q9771b70c 0 374592 3
q9771b70c 0 391876 3
q9771b70c 0 407463 3
q9771b70c 0 420284 3
q9771b70c 0 435337 3
q9771b70c 0 452008 2
q9771b70c 0 455587 2
q9771b70c 0 467352 1
q9771b70c 0 468388 3
q9771b70c 0 470567 3
q9771b70c 0 852047 0
q9771b70c 0 1393410 1
q9771b70c 0 4396350 0
q9771b70c 0 7019593 0
q9771b70c 0 7431149 0
q9771b70c 0 10444996 0
q9771b70c 0 13423539 0
q9771b70c 0 13695384 0
q9771b70c 0 16883409 3
q9771b70c 0 16914215 3
q9771b70c 0 16929425 2
q9771b70c 0 17032618 3
q9771b70c 0 17033147 3
q9771b70c 0 17033412 3
q9771b70c 0 17035294 3
q9771b70c 0 17035389 3
q9771b70c 0 17036514 2
q9771b70c 0 17036550 3
q9771b70c 0 17037096 3
q9771b70c 0 17037426 3
q9771b70c 0 17037984 3
q9771b70c 0 17038434 3
q9771b70c 0 17042291 3
q9771b70c 0 17042882 2
q9771b70c 0 17051554 3
q9771b70c 0 17149014 0
q9771b70c 0 17427642 3
q9771b70c 0 17430584 2
q9771b70c 0 17432014 3
q9771b70c 0 17438933 1
q9771b70c 0 18821621 1
q9771b70c 0 18821650 1
q9771b70c 0 18821663 1
q9771b70c 0 18958400 0
q9771b70c 0 19051517 0
q9771b70c 0 19051608 0
q9771b70c 0 19051636 0
q9771b70c 0 19051664 0
q9771b70c 0 19051685 0
q9771b70c 0 19051701 0
q9771b70c 0 19051731 0
q9771b70c 0 19051753 0
q9771b70c 0 19051780 0
q9771b70c 0 19051794 0
q9771b70c 0 19269456 3
q9c7938ad 0 1 0
q9c7938ad 0 2 0
q9c7938ad 0 3 0
q9c7938ad 0 6421 3
q9c7938ad 0 6422 3
q9c7938ad 0 6423 3
q9c7938ad 0 6424 3
q9c7938ad 0 6425 3
q9c7938ad 0 6426 3
q9c7938ad 0 6427 3
q9c7938ad 0 6428 3
q9c7938ad 0 6429 3
q9c7938ad 0 6430 3
q9c7938ad 0 6431 3
q9c7938ad 0 6432 3
q9c7938ad 0 6433 3
q9c7938ad 0 6434 2
q9c7938ad 0 6435 3
q9c7938ad 0 6436 2
q9c7938ad 0 6437 3
q9c7938ad 0 6438 3
q9c7938ad 0 194346 3
q9c7938ad 0 195207 1
q9c7938ad 0 195310 2
q9c7938ad 0 195419 2
q9c7938ad 0 196351 2
q9c7938ad 0 198368 2
q9c7938ad 0 199821 2
q9c7938ad 0 199950 1
q9c7938ad 0 203489 2
q9c7938ad 0 203800 1
q9c7938ad 0 203820 1
q9c7938ad 0 203828 1
q9c7938ad 0 203830 1
q9c7938ad 0 203839 1
q9c7938ad 0 203866 1
q9c7938ad 0 203883 1
q9c7938ad 0 203932 1
q9c7938ad 0 203956 1
q9c7938ad 0 204089 0
q9c7938ad 0 204174 1
q9c7938ad 0 204177 2
q9c7938ad 0 204256 0
q9c7938ad 0 204277 0
q9c7938ad 0 204286 2
q9c7938ad 0 204295 0
q9c7938ad 0 204298 2
q9c7938ad 0 204303 0
q9c7938ad 0 204327 2
q9c7938ad 0 204351 2
q9c7938ad 0 204437 2
q9c7938ad 0 204679 2
q9c7938ad 0 204899 2
q9c7938ad 0 204955 2
q9c7938ad 0 205030 2
q9c7938ad 0 205134 2
q9c7938ad 0 207142 2
q9c7938ad 0 208000 2
q9c7938ad 0 325064 3
q9c7938ad 0 852047 0
q9c7938ad 0 7019593 3
q9c7938ad 0 7431149 0
q9c7938ad 0 10444996 0
q9c7938ad 0 13423539 3
q9c7938ad 0 13695384 0
q9c7938ad 0 16939168 2
q9c7938ad 0 16939171 2
q9c7938ad 0 16939223 2
q9c7938ad 0 18958400 3
q9c7938ad 0 19051517 0
q9c7938ad 0 19051608 0
q9c7938ad 0 19051636 0
q9c7938ad 0 19051664 0
q9c7938ad 0 19051685 0
q9c7938ad 0 19051701 0
q9c7938ad 0 19051731 0
q9c7938ad 0 19051753 0
q9c7938ad 0 19051780 0
q9c7938ad 0 19051794 0
q9d033e8a 0 1 0
q9d033e8a 0 6421 0
q9d033e8a 0 6422 0
q9d033e8a 0 6423 0
q9d033e8a 0 6424 0
q9d033e8a 0 6425 0
q9d033e8a 0 6426 0
q9d033e8a 0 6427 0
q9d033e8a 0 6428 0
q9d033e8a 0 6429 0
q9d033e8a 0 6430 0
q9d033e8a 0 6431 0
q9d033e8a 0 6432 0
q9d033e8a 0 6433 0
q9d033e8a 0 6434 0
q9d033e8a 0 6435 0
q9d033e8a 0 6436 0
q9d033e8a 0 6437 0
q9d033e8a 0 6438 0
q9d033e8a 0 204145 1
q9d033e8a 0 204329 3
q9d033e8a 0 225534 0
q9d033e8a 0 241069 0
q9d033e8a 0 246273 0
q9d033e8a 0 246357 0
q9d033e8a 0 246945 0
q9d033e8a 0 303432 0
q9d033e8a 0 303487 0
q9d033e8a 0 312685 0
q9d033e8a 0 313739 0
q9d033e8a 0 315254 3
q9d033e8a 0 315606 3
q9d033e8a 0 316329 0
q9d033e8a 0 333970 0
q9d033e8a 0 334004 0
q9d033e8a 0 350825 1
q9d033e8a 0 351825 1
q9d033e8a 0 351827 1
q9d033e8a 0 351835 0
q9d033e8a 0 351889 2
q9d033e8a 0 359979 1
q9d033e8a 0 381005 3
q9d033e8a 0 394821 0
q9d033e8a 0 434853 1
q9d033e8a 0 449793 1
q9d033e8a 0 479896 0
q9d033e8a 0 490307 1
q9d033e8a 0 852047 0
q9d033e8a 0 4396350 0
q9d033e8a 0 7019593 0
q9d033e8a 0 7431149 1
q9d033e8a 0 10444996 0
q9d033e8a 0 13423539 0
q9d033e8a 0 13695384 0
q9d033e8a 0 16858963 3
q9d033e8a 0 16859096 2
q9d033e8a 0 16859136 2
q9d033e8a 0 16859418 2
q9d033e8a 0 16859579 2
q9d033e8a 0 16859582 2
q9d033e8a 0 16859749 2
q9d033e8a 0 16860303 1
q9d033e8a 0 16860425 1
q9d033e8a 0 16860840 1
q9d033e8a 0 16880528 2
q9d033e8a 0 16890136 0
q9d033e8a 0 16901509 1
q9d033e8a 0 16901665 1
q9d033e8a 0 16913211 0
q9d033e8a 0 16915395 0
q9d033e8a 0 16945746 0
q9d033e8a 0 16953433 3
q9d033e8a 0 16967634 0
q9d033e8a 0 16969375 1
q9d033e8a 0 17029152 0
q9d033e8a 0 17052720 0
q9d033e8a 0 17053007 0
q9d033e8a 0 17053061 0
q9d033e8a 0 17053263 0
q9d033e8a 0 17149014 0
q9d033e8a 0 18958400 0
q9d033e8a 0 19051517 0
q9d033e8a 0 19051608 0
q9d033e8a 0 19051636 0
q9d033e8a 0 19051664 0
q9d033e8a 0 19051685 0
q9d033e8a 0 19051701 0
q9d033e8a 0 19051731 0
q9d033e8a 0 19051753 0
q9d033e8a 0 19051780 0
q9d033e8a 0 19051794 0
q9d53a722 0 1 0
q9d53a722 0 6421 0
q9d53a722 0 6422 0
q9d53a722 0 6423 0
q9d53a722 0 6424 0
q9d53a722 0 6425 0
q9d53a722 0 6426 0
q9d53a722 0 6427 0
q9d53a722 0 6428 0
q9d53a722 0 6429 0
q9d53a722 0 6430 0
q9d53a722 0 6431 0
q9d53a722 0 6432 0
q9d53a722 0 6433 0
q9d53a722 0 6434 0
q9d53a722 0 6435 0
q9d53a722 0 6436 0
q9d53a722 0 6437 0
q9d53a722 0 6438 0
q9d53a722 0 14292 1
q9d53a722 0 180638 1
q9d53a722 0 187554 2
q9d53a722 0 190929 1
q9d53a722 0 190941 2
q9d53a722 0 233427 1
q9d53a722 0 234092 1
q9d53a722 0 303265 1
q9d53a722 0 304948 1
q9d53a722 0 323620 1
q9d53a722 0 332956 1
q9d53a722 0 335089 0
q9d53a722 0 371411 3
q9d53a722 0 372007 2
q9d53a722 0 372204 3
q9d53a722 0 372395 3
q9d53a722 0 372951 2
q9d53a722 0 373097 2
q9d53a722 0 373832 3
q9d53a722 0 373863 3
q9d53a722 0 374131 2
q9d53a722 0 374323 2
q9d53a722 0 375301 3
q9d53a722 0 411653 3
q9d53a722 0 416780 2
q9d53a722 0 416793 1
q9d53a722 0 484452 2
q9d53a722 0 484596 2
q9d53a722 0 485297 1
q9d53a722 0 485437 1
q9d53a722 0 490435 2
q9d53a722 0 495639 2
q9d53a722 0 496326 2
q9d53a722 0 496690 2
q9d53a722 0 496694 2
q9d53a722 0 499113 1
q9d53a722 0 499368 2
q9d53a722 0 499508 2
q9d53a722 0 499819 2
q9d53a722 0 852047 0
q9d53a722 0 4396350 0
q9d53a722 0 4755922 1
q9d53a722 0 7019593 0
q9d53a722 0 7431149 0
q9d53a722 0 10444996 0
q9d53a722 0 13423539 0
q9d53a722 0 13695384 0
q9d53a722 0 16890313 1
q9d53a722 0 16890415 2
q9d53a722 0 16901428 3
q9d53a722 0 16967728 2
q9d53a722 0 16967757 1
q9d53a722 0 16967760 2
q9d53a722 0 16967780 1
q9d53a722 0 16967790 1
q9d53a722 0 16967808 1
q9d53a722 0 16967919 1
q9d53a722 0 16968296 1
q9d53a722 0 16968471 1
q9d53a722 0 17029995 1
q9d53a722 0 17149014 0
q9d53a722 0 18958400 0
q9d53a722 0 19051517 0
q9d53a722 0 19051608 1
q9d53a722 0 19051636 0
q9d53a722 0 19051664 0
q9d53a722 0 19051685 0
q9d53a722 0 19051701 0
q9d53a722 0 19051731 0
q9d53a722 0 19051753 0
q9d53a722 0 19051780 0
q9d53a722 0 19051794 0
q9ee3557c 0 144840 0
q9ee3557c 0 144841 0
q9ee3557c 0 144842 0
q9ee3557c 0 144843 0
q9ee3557c 0 144844 0
q9ee3557c 0 144845 0
q9ee3557c 0 144846 0
q9ee3557c 0 144847 0
q9ee3557c 0 144848 0
q9ee3557c 0 144849 0
q9ee3557c 0 144850 0
q9ee3557c 0 144851 0
q9ee3557c 0 144852 0
q9ee3557c 0 144853 0
q9ee3557c 0 144854 0
q9ee3557c 0 157762 3
q9ee3557c 0 157776 3
q9ee3557c 0 157797 3
q9ee3557c 0 157818 3
q9ee3557c 0 157848 2
q9ee3557c 0 157917 3
q9ee3557c 0 158222 3
q9ee3557c 0 158231 3
q9ee3557c 0 158242 3
q9ee3557c 0 158455 3
q9ee3557c 0 158457 3
q9ee3557c 0 158460 3
q9ee3557c 0 158517 3
q9ee3557c 0 158621 3
q9ee3557c 0 158653 3
q9ee3557c 0 158662 3
q9ee3557c 0 158695 3
q9ee3557c 0 158700 2
q9ee3557c 0 158701 2
q9ee3557c 0 158749 2
q9ee3557c 0 3054254 0
q9ee3557c 0 3054261 0
q9ee3557c 0 13922259 0
q9ee3557c 0 13922260 0
q9ee3557c 0 13922261 0
q9ee3557c 0 19305637 0
q9ee3557c 0 19305955 0
q9ee3557c 0 19306001 0
qa11fa400 0 1 0
qa11fa400 0 6421 0
qa11fa400 0 6422 0
qa11fa400 0 6423 0
qa11fa400 0 6424 0
qa11fa400 0 6425 0
qa11fa400 0 6426 1
qa11fa400 0 6427 0
qa11fa400 0 6428 0
qa11fa400 0 6429 0
qa11fa400 0 6430 0
qa11fa400 0 6431 0
qa11fa400 0 6432 0
qa11fa400 0 6433 0
qa11fa400 0 6434 2
qa11fa400 0 6435 0
qa11fa400 0 6436 0
qa11fa400 0 6437 0
qa11fa400 0 6438 0
qa11fa400 0 179071 0
qa11fa400 0 203131 2
qa11fa400 0 203160 3
qa11fa400 0 204356 3
qa11fa400 0 204833 3
qa11fa400 0 204993 2
qa11fa400 0 205592 1
qa11fa400 0 205924 3
qa11fa400 0 211373 3
qa11fa400 0 235963 3
qa11fa400 0 245356 3
qa11fa400 0 267823 3
qa11fa400 0 303054 2
qa11fa400 0 303288 3
qa11fa400 0 303384 0
qa11fa400 0 303458 3
qa11fa400 0 304671 3
qa11fa400 0 305006 2
qa11fa400 0 322569 1
qa11fa400 0 332324 1
qa11fa400 0 333574 1
qa11fa400 0 333719 1
qa11fa400 0 333744 1
qa11fa400 0 334025 1
qa11fa400 0 372974 3
qa11fa400 0 389657 3
qa11fa400 0 418404 3
qa11fa400 0 450659 3
qa11fa400 0 450764 3
qa11fa400 0 852047 1
qa11fa400 0 4396350 0
qa11fa400 0 7019593 0
qa11fa400 0 7431149 0
qa11fa400 0 10444996 0
qa11fa400 0 13423539 0
qa11fa400 0 13695384 1
qa11fa400 0 16858631 3
qa11fa400 0 16858846 2
qa11fa400 0 16858888 2
qa11fa400 0 16867004 3
qa11fa400 0 16881427 3
qa11fa400 0 16890071 2
qa11fa400 0 16913953 3
qa11fa400 0 16930751 3
qa11fa400 0 17043893 3
qa11fa400 0 17044042 3
qa11fa400 0 17044285 3
qa11fa400 0 17044681 3
qa11fa400 0 17044735 3
qa11fa400 0 17044751 3
qa11fa400 0 17149014 0
qa11fa400 0 18917902 2
qa11fa400 0 18958400 0
qa11fa400 0 19051517 0
qa11fa400 0 19051608 0
qa11fa400 0 19051636 0
qa11fa400 0 19051664 0
qa11fa400 0 19051685 0
qa11fa400 0 19051701 1
qa11fa400 0 19051731 0
qa11fa400 0 19051753 0
qa11fa400 0 19051780 0
qa11fa400 0 19051794 0
qa1e0af3d 0 1 0
qa1e0af3d 0 6421 0
qa1e0af3d 0 6422 0
qa1e0af3d 0 6423 0
qa1e0af3d 0 6424 0
qa1e0af3d 0 6425 0
qa1e0af3d 0 6426 0
qa1e0af3d 0 6427 0
qa1e0af3d 0 6428 0
qa1e0af3d 0 6429 0
qa1e0af3d 0 6430 0
qa1e0af3d 0 6431 0
qa1e0af3d 0 6432 0
qa1e0af3d 0 6433 0
qa1e0af3d 0 6434 0
qa1e0af3d 0 6435 0
qa1e0af3d 0 6436 0
qa1e0af3d 0 6437 0
qa1e0af3d 0 6438 0
qa1e0af3d 0 11563 1
qa1e0af3d 0 11564 1
qa1e0af3d 0 11565 1
qa1e0af3d 0 11566 1
qa1e0af3d 0 11567 1
qa1e0af3d 0 11568 1
qa1e0af3d 0 11569 1
qa1e0af3d 0 11570 1
qa1e0af3d 0 11571 1
qa1e0af3d 0 11572 1
qa1e0af3d 0 11573 1
qa1e0af3d 0 11574 1
qa1e0af3d 0 11575 1
qa1e0af3d 0 11576 1
qa1e0af3d 0 11577 0
qa1e0af3d 0 11578 0
qa1e0af3d 0 11579 0
qa1e0af3d 0 11580 0
qa1e0af3d 0 229846 3
qa1e0af3d 0 229851 3
qa1e0af3d 0 230206 3
qa1e0af3d 0 230223 3
qa1e0af3d 0 230341 3
qa1e0af3d 0 230378 3
qa1e0af3d 0 230515 3
qa1e0af3d 0 230701 3
qa1e0af3d 0 230748 3
qa1e0af3d 0 230813 3
qa1e0af3d 0 230870 3
qa1e0af3d 0 230873 3
qa1e0af3d 0 230883 3
qa1e0af3d 0 230886 3
qa1e0af3d 0 230890 3
qa1e0af3d 0 230892 3
qa1e0af3d 0 230893 3
qa1e0af3d 0 230899 3
qa1e0af3d 0 230909 3
qa1e0af3d 0 230961 3
qa1e0af3d 0 230971 3
qa1e0af3d 0 231007 3
qa1e0af3d 0 231033 3
qa1e0af3d 0 231044 3
qa1e0af3d 0 231054 3
qa1e0af3d 0 231070 3
qa1e0af3d 0 232003 3
qa1e0af3d 0 232252 3
qa1e0af3d 0 232308 3
qa1e0af3d 0 232310 3
qa1e0af3d 0 232328 3
qa1e0af3d 0 232347 3
qa1e0af3d 0 232354 3
qa1e0af3d 0 232356 3
qa1e0af3d 0 232364 3
qa1e0af3d 0 232440 3
qa1e0af3d 0 232457 3
qa1e0af3d 0 232736 3
qa1e0af3d 0 232765 3
qa1e0af3d 0 232770 3
qa1e0af3d 0 233225 3
qa1e0af3d 0 233241 3
qa1e0af3d 0 233245 3
qa1e0af3d 0 233254 3
qa1e0af3d 0 324268 3
qa1e0af3d 0 324393 3
qa1e0af3d 0 324422 3
qa1e0af3d 0 523014 3
qa1e0af3d 0 523022 3
qa1e0af3d 0 852047 0
qa1e0af3d 0 3905136 3
qa1e0af3d 0 4396350 0
qa1e0af3d 0 7019593 0
qa1e0af3d 0 7431149 0
qa1e0af3d 0 10444996 0
qa1e0af3d 0 13423539 0
qa1e0af3d 0 13695384 0
qa1e0af3d 0 13934522 1
qa1e0af3d 0 17149014 0
qa1e0af3d 0 18958400 0
qa1e0af3d 0 19051517 0
qa1e0af3d 0 19051608 0
qa1e0af3d 0 19051636 0
qa1e0af3d 0 19051664 0
qa1e0af3d 0 19051685 0
qa1e0af3d 0 19051701 0
qa1e0af3d 0 19051731 0
qa1e0af3d 0 19051753 0
qa1e0af3d 0 19051780 0
qa1e0af3d 0 19051794 0
qa1e0af3d 0 19312390 1
qa1e0af3d 0 19312409 1
qa1e0af3d 0 19312419 1
qa1e0af3d 0 19312428 1
qa1e0af3d 0 19312436 1
qa2597236 0 1 0
qa2597236 0 6421 3
qa2597236 0 6422 3
qa2597236 0 6423 3
qa2597236 0 6424 3
qa2597236 0 6425 3
qa2597236 0 6426 3
qa2597236 0 6427 3
qa2597236 0 6428 3
qa2597236 0 6429 3
qa2597236 0 6430 3
qa2597236 0 6431 3
qa2597236 0 6432 3
qa2597236 0 6433 3
qa2597236 0 6434 2
qa2597236 0 6435 3
qa2597236 0 6436 3
qa2597236 0 6437 3
qa2597236 0 6438 3
qa2597236 0 196438 3
qa2597236 0 196450 3
qa2597236 0 201479 2
qa2597236 0 203127 3
qa2597236 0 203447 2
qa2597236 0 203451 3
qa2597236 0 207402 3
qa2597236 0 207464 3
qa2597236 0 207826 3
qa2597236 0 207862 3
qa2597236 0 209365 3
qa2597236 0 209401 3
qa2597236 0 209618 3
qa2597236 0 209714 3
qa2597236 0 209821 3
qa2597236 0 209842 3
qa2597236 0 209863 3
qa2597236 0 210042 3
qa2597236 0 210430 3
qa2597236 0 210476 3
qa2597236 0 210483 3
qa2597236 0 210491 3
qa2597236 0 210503 3
qa2597236 0 210536 3
qa2597236 0 210660 3
qa2597236 0 210724 3
qa2597236 0 211115 3
qa2597236 0 211165 3
qa2597236 0 245336 3
qa2597236 0 245350 3
qa2597236 0 245421 3
qa2597236 0 245499 3
qa2597236 0 245544 2
qa2597236 0 245564 3
qa2597236 0 245576 3
qa2597236 0 245589 3
qa2597236 0 245612 3
qa2597236 0 245635 3
qa2597236 0 852047 0
qa2597236 0 4396350 0
qa2597236 0 7019593 2
qa2597236 0 7431149 0
qa2597236 0 10444996 0
qa2597236 0 13423539 3
qa2597236 0 13695384 0
qa2597236 0 15553966 3
qa2597236 0 16938810 1
qa2597236 0 17149014 0
qa2597236 0 18958400 3
qa2597236 0 19051517 0
qa2597236 0 19051608 0
qa2597236 0 19051636 0
qa2597236 0 19051664 0
qa2597236 0 19051685 0
qa2597236 0 19051701 0
qa2597236 0 19051731 0
qa2597236 0 19051753 0
qa2597236 0 19051780 0
qa2597236 0 19051794 0
qa2597236 0 19139770 3
qa2597236 0 19140015 3
qa2597236 0 19140280 3
qa2597236 0 19140543 3
qa2597236 0 19140596 3
qa2597236 0 19140745 3
qa2597236 0 19140961 3
qa2597236 0 19141007 3
qa2597236 0 19141141 3
qa2c5b787 0 1 0
qa2c5b787 0 6421 0
qa2c5b787 0 6422 0
qa2c5b787 0 6423 0
qa2c5b787 0 6424 0
qa2c5b787 0 6425 0
qa2c5b787 0 6426 0
qa2c5b787 0 6427 0
qa2c5b787 0 6428 0
qa2c5b787 0 6429 0
qa2c5b787 0 6430 0
qa2c5b787 0 6431 0
qa2c5b787 0 6432 0
qa2c5b787 0 6433 0
qa2c5b787 0 6434 0
qa2c5b787 0 6435 0
qa2c5b787 0 6436 0
qa2c5b787 0 6437 0
qa2c5b787 0 6438 0
qa2c5b787 0 185867 0
qa2c5b787 0 185934 0
qa2c5b787 0 214584 3
qa2c5b787 0 214729 3
qa2c5b787 0 214802 3
qa2c5b787 0 215174 3
qa2c5b787 0 215257 3
qa2c5b787 0 215321 3
qa2c5b787 0 215602 3
qa2c5b787 0 216028 3
qa2c5b787 0 216444 3
qa2c5b787 0 216449 3
qa2c5b787 0 216478 3
qa2c5b787 0 216479 3
qa2c5b787 0 216485 3
qa2c5b787 0 216493 3
qa2c5b787 0 216499 3
qa2c5b787 0 216510 3
qa2c5b787 0 216595 3
qa2c5b787 0 216672 3
qa2c5b787 0 216782 3
qa2c5b787 0 216887 3
qa2c5b787 0 216928 3
qa2c5b787 0 217168 3
qa2c5b787 0 217179 3
qa2c5b787 0 217713 3
qa2c5b787 0 217792 3
qa2c5b787 0 217932 3
qa2c5b787 0 217951 3
qa2c5b787 0 217993 3
qa2c5b787 0 218031 3
qa2c5b787 0 218044 3
qa2c5b787 0 218085 3
qa2c5b787 0 218087 3
qa2c5b787 0 218262 3
qa2c5b787 0 218270 3
qa2c5b787 0 218345 3
qa2c5b787 0 218592 3
qa2c5b787 0 218594 3
qa2c5b787 0 218632 3
qa2c5b787 0 218638 3
qa2c5b787 0 218712 3
qa2c5b787 0 218723 3
qa2c5b787 0 218739 3
qa2c5b787 0 271724 0
qa2c5b787 0 271726 0
qa2c5b787 0 271728 0
qa2c5b787 0 271734 0
qa2c5b787 0 271738 0
qa2c5b787 0 271743 0
qa2c5b787 0 271746 0
qa2c5b787 0 271748 0
qa2c5b787 0 271751 0
qa2c5b787 0 271756 0
qa2c5b787 0 271760 0
qa2c5b787 0 271763 0
qa2c5b787 0 271766 0
qa2c5b787 0 271769 0
qa2c5b787 0 271775 0
qa2c5b787 0 271777 0
qa2c5b787 0 271781 0
qa2c5b787 0 271784 0
qa2c5b787 0 271788 0
qa2c5b787 0 852047 0
qa2c5b787 0 4396350 0
qa2c5b787 0 6641794 0
qa2c5b787 0 7019593 0
qa2c5b787 0 7431149 0
qa2c5b787 0 10444996 0
qa2c5b787 0 13423539 0
qa2c5b787 0 13695384 0
qa2c5b787 0 16966908 0
qa2c5b787 0 16967749 0
qa2c5b787 0 17029940 1
qa2c5b787 0 17149014 0
qa2c5b787 0 18958400 0
qa2c5b787 0 19051517 0
qa2c5b787 0 19051608 0
qa2c5b787 0 19051636 0
qa2c5b787 0 19051664 0
qa2c5b787 0 19051685 0
qa2c5b787 0 19051701 0
qa2c5b787 0 19051731 0
qa2c5b787 0 19051753 0
qa2c5b787 0 19051780 0
qa2c5b787 0 19051794 0
qa2c5b787 0 19347629 0
qa2c5b787 0 19347637 0
qa4f28df2 0 1 0
qa4f28df2 0 6421 0
qa4f28df2 0 6422 0
qa4f28df2 0 6423 0
qa4f28df2 0 6424 0
qa4f28df2 0 6425 0
qa4f28df2 0 6426 0
qa4f28df2 0 6427 0
qa4f28df2 0 6428 0
qa4f28df2 0 6429 0
qa4f28df2 0 6430 0
qa4f28df2 0 6431 0
qa4f28df2 0 6432 0
qa4f28df2 0 6433 0
qa4f28df2 0 6434 0
qa4f28df2 0 6435 0
qa4f28df2 0 6436 0
qa4f28df2 0 6437 0
qa4f28df2 0 6438 0
qa4f28df2 0 15782 3
qa4f28df2 0 15806 3
qa4f28df2 0 16109 3
qa4f28df2 0 16130 3
qa4f28df2 0 16154 3
qa4f28df2 0 16156 3
qa4f28df2 0 16158 3
qa4f28df2 0 16227 3
qa4f28df2 0 16237 3
qa4f28df2 0 16383 3
qa4f28df2 0 16494 3
qa4f28df2 0 16496 3
qa4f28df2 0 16557 3
qa4f28df2 0 16570 3
qa4f28df2 0 16651 3
qa4f28df2 0 16754 3
qa4f28df2 0 16790 3
qa4f28df2 0 16853 3
qa4f28df2 0 16887 3
qa4f28df2 0 16888 3
qa4f28df2 0 16889 3
qa4f28df2 0 16890 3
qa4f28df2 0 16891 3
qa4f28df2 0 16954 3
qa4f28df2 0 16965 3
qa4f28df2 0 16974 3
qa4f28df2 0 17007 3
qa4f28df2 0 17008 3
qa4f28df2 0 17026 3
qa4f28df2 0 17031 3
qa4f28df2 0 17120 3
qa4f28df2 0 17121 3
qa4f28df2 0 17122 3
qa4f28df2 0 17123 3
qa4f28df2 0 17124 3
qa4f28df2 0 17125 3
qa4f28df2 0 17170 3
qa4f28df2 0 17197 3
qa4f28df2 0 17221 3
qa4f28df2 0 17289 3
qa4f28df2 0 17357 3
qa4f28df2 0 17358 3
qa4f28df2 0 17360 3
qa4f28df2 0 17426 3
qa4f28df2 0 17474 3
qa4f28df2 0 17586 3
qa4f28df2 0 17587 3
qa4f28df2 0 17613 1
qa4f28df2 0 17803 1
qa4f28df2 0 346080 1
qa4f28df2 0 852047 0
qa4f28df2 0 4396350 0
qa4f28df2 0 7019593 0
qa4f28df2 0 7431149 0
qa4f28df2 0 10444996 0
qa4f28df2 0 13423539 0
qa4f28df2 0 13695384 0
qa4f28df2 0 17149014 0
qa4f28df2 0 18958400 0
qa4f28df2 0 19051517 0
qa4f28df2 0 19051608 0
qa4f28df2 0 19051636 0
qa4f28df2 0 19051664 0
qa4f28df2 0 19051685 0
qa4f28df2 0 19051701 0
qa4f28df2 0 19051731 0
qa4f28df2 0 19051753 0
qa4f28df2 0 19051780 0
qa4f28df2 0 19051794 0
qa6f1e47a 0 1 0
qa6f1e47a 0 6421 0
qa6f1e47a 0 6422 0
qa6f1e47a 0 6423 0
qa6f1e47a 0 6424 0
qa6f1e47a 0 6425 0
qa6f1e47a 0 6426 0
qa6f1e47a 0 6427 0
qa6f1e47a 0 6428 0
qa6f1e47a 0 6429 0
qa6f1e47a 0 6430 0
qa6f1e47a 0 6431 0
qa6f1e47a 0 6432 0
qa6f1e47a 0 6433 0
qa6f1e47a 0 6434 0
qa6f1e47a 0 6435 0
qa6f1e47a 0 6436 0
qa6f1e47a 0 6437 0
qa6f1e47a 0 6438 0
qa6f1e47a 0 14400 3
qa6f1e47a 0 17988 2
qa6f1e47a 0 192104 2
qa6f1e47a 0 192125 1
qa6f1e47a 0 192331 3
qa6f1e47a 0 192344 1
qa6f1e47a 0 192452 2
qa6f1e47a 0 192528 1
qa6f1e47a 0 192620 2
qa6f1e47a 0 192623 3
qa6f1e47a 0 192650 1
qa6f1e47a 0 192652 2
qa6f1e47a 0 192658 2
qa6f1e47a 0 192662 1
qa6f1e47a 0 192663 1
qa6f1e47a 0 192681 2
qa6f1e47a 0 192775 2
qa6f1e47a 0 192797 2
qa6f1e47a 0 227674 2
qa6f1e47a 0 227954 2
qa6f1e47a 0 228807 2
qa6f1e47a 0 231696 1
qa6f1e47a 0 238587 3
qa6f1e47a 0 247984 3
qa6f1e47a 0 251949 3
qa6f1e47a 0 259360 3
qa6f1e47a 0 282077 0
qa6f1e47a 0 379435 3
qa6f1e47a 0 379710 3
qa6f1e47a 0 406536 2
qa6f1e47a 0 407905 2
qa6f1e47a 0 420393 3
qa6f1e47a 0 421030 3
qa6f1e47a 0 431008 1
qa6f1e47a 0 434608 3
qa6f1e47a 0 434700 1
qa6f1e47a 0 458201 1
qa6f1e47a 0 465246 2
qa6f1e47a 0 852047 1
qa6f1e47a 0 3904598 2
qa6f1e47a 0 4396350 1
qa6f1e47a 0 7019593 0
qa6f1e47a 0 7431149 0
qa6f1e47a 0 10444996 0
qa6f1e47a 0 13423539 0
qa6f1e47a 0 13695384 0
qa6f1e47a 0 16873006 3
qa6f1e47a 0 16873220 3
qa6f1e47a 0 16885000 3
qa6f1e47a 0 16907994 3
qa6f1e47a 0 16920653 3
qa6f1e47a 0 16951240 3
qa6f1e47a 0 16954673 3
qa6f1e47a 0 16973706 3
qa6f1e47a 0 17149014 0
qa6f1e47a 0 18958400 0
qa6f1e47a 0 19051517 0
qa6f1e47a 0 19051608 0
qa6f1e47a 0 19051636 0
qa6f1e47a 0 19051664 0
qa6f1e47a 0 19051685 0
qa6f1e47a 0 19051701 1
qa6f1e47a 0 19051731 0
qa6f1e47a 0 19051753 0
qa6f1e47a 0 19051780 0
qa6f1e47a 0 19051794 0
qa91d9203 0 1 0
qa91d9203 0 6421 0
qa91d9203 0 6422 0
qa91d9203 0 6423 0
qa91d9203 0 6424 0
qa91d9203 0 6425 0
qa91d9203 0 6426 0
qa91d9203 0 6427 0
qa91d9203 0 6428 0
qa91d9203 0 6429 0
qa91d9203 0 6430 0
qa91d9203 0 6431 0
qa91d9203 0 6432 0
qa91d9203 0 6433 0
qa91d9203 0 6434 0
qa91d9203 0 6435 0
qa91d9203 0 6436 0
qa91d9203 0 6437 0
qa91d9203 0 6438 0
qa91d9203 0 233448 3
qa91d9203 0 233449 3
qa91d9203 0 233450 3
qa91d9203 0 233451 3
qa91d9203 0 233452 3
qa91d9203 0 233453 3
qa91d9203 0 233454 3
qa91d9203 0 233455 3
qa91d9203 0 233456 3
qa91d9203 0 233457 3
qa91d9203 0 233682 3
qa91d9203 0 233926 3
qa91d9203 0 234145 3
qa91d9203 0 234233 3
qa91d9203 0 234349 3
qa91d9203 0 234430 3
qa91d9203 0 234438 3
qa91d9203 0 234442 3
qa91d9203 0 234558 3
qa91d9203 0 234590 3
qa91d9203 0 234638 3
qa91d9203 0 234738 3
qa91d9203 0 234771 3
qa91d9203 0 234863 3
qa91d9203 0 234875 3
qa91d9203 0 234939 3
qa91d9203 0 234947 3
qa91d9203 0 234977 3
qa91d9203 0 235129 3
qa91d9203 0 235296 3
qa91d9203 0 235394 3
qa91d9203 0 235395 3
qa91d9203 0 235499 3
qa91d9203 0 235576 3
qa91d9203 0 235751 3
qa91d9203 0 235800 3
qa91d9203 0 235901 3
qa91d9203 0 235946 3
qa91d9203 0 235947 3
qa91d9203 0 236028 3
qa91d9203 0 236061 3
qa91d9203 0 236122 3
qa91d9203 0 852047 0
qa91d9203 0 4396350 0
qa91d9203 0 7019593 0
qa91d9203 0 7431149 0
qa91d9203 0 10444996 0
qa91d9203 0 13423539 0
qa91d9203 0 13695384 0
qa91d9203 0 17149014 0
qa91d9203 0 18958400 0
qa91d9203 0 19051517 0
qa91d9203 0 19051608 0
qa91d9203 0 19051636 0
qa91d9203 0 19051664 0
qa91d9203 0 19051685 0
qa91d9203 0 19051701 0
qa91d9203 0 19051731 0
qa91d9203 0 19051753 0
qa91d9203 0 19051780 0
qa91d9203 0 19051794 0
qa9447ade 0 1 0
qa9447ade 0 2960 0
qa9447ade 0 2961 0
qa9447ade 0 2962 0
qa9447ade 0 2963 0
qa9447ade 0 2964 0
qa9447ade 0 2965 0
qa9447ade 0 2966 0
qa9447ade 0 2967 0
qa9447ade 0 2968 0
qa9447ade 0 2969 0
qa9447ade 0 2970 0
qa9447ade 0 2971 0
qa9447ade 0 2972 0
qa9447ade 0 2973 0
qa9447ade 0 2974 0
qa9447ade 0 2975 0
qa9447ade 0 2976 0
qa9447ade 0 2977 0
qa9447ade 0 2978 0
qa9447ade 0 3455 0
qa9447ade 0 6421 0
qa9447ade 0 6422 0
qa9447ade 0 6423 0
qa9447ade 0 6424 0
qa9447ade 0 6425 0
qa9447ade 0 6426 0
qa9447ade 0 6427 0
qa9447ade 0 6428 0
qa9447ade 0 6429 0
qa9447ade 0 6430 0
qa9447ade 0 6431 0
qa9447ade 0 6432 0
qa9447ade 0 6433 0
qa9447ade 0 6434 0
qa9447ade 0 6435 0
qa9447ade 0 6436 0
qa9447ade 0 6437 0
qa9447ade 0 6438 0
qa9447ade 0 14728 1
qa9447ade 0 136746 0
qa9447ade 0 166949 3
qa9447ade 0 167269 3
qa9447ade 0 167295 1
qa9447ade 0 167580 3
qa9447ade 0 168134 2
qa9447ade 0 169009 3
qa9447ade 0 171845 1
qa9447ade 0 172007 1
qa9447ade 0 172935 3
qa9447ade 0 173230 1
qa9447ade 0 181102 1
qa9447ade 0 183577 1
qa9447ade 0 184164 2
qa9447ade 0 201057 0
qa9447ade 0 201060 0
qa9447ade 0 249154 2
qa9447ade 0 340741 0
qa9447ade 0 340847 3
qa9447ade 0 340877 3
qa9447ade 0 377176 0
qa9447ade 0 402646 0
qa9447ade 0 458858 0
qa9447ade 0 459249 0
qa9447ade 0 459270 0
qa9447ade 0 852047 0
qa9447ade 0 4396350 0
qa9447ade 0 7019593 0
qa9447ade 0 7431149 0
qa9447ade 0 10444996 0
qa9447ade 0 12267015 0
qa9447ade 0 13423539 0
qa9447ade 0 13695384 0
qa9447ade 0 16850811 3
qa9447ade 0 16852522 3
qa9447ade 0 16870371 2
qa9447ade 0 16893693 3
qa9447ade 0 16901283 1
qa9447ade 0 16911587 0
qa9447ade 0 16969554 0
qa9447ade 0 16983666 3
qa9447ade 0 16993336 0
qa9447ade 0 17149014 0
qa9447ade 0 18958400 0
qa9447ade 0 19051517 0
qa9447ade 0 19051608 0
qa9447ade 0 19051636 0
qa9447ade 0 19051664 0
qa9447ade 0 19051685 0
qa9447ade 0 19051701 0
qa9447ade 0 19051731 0
qa9447ade 0 19051753 0
qa9447ade 0 19051780 0
qa9447ade 0 19051794 0
qa9447ade 0 19237605 0
qa9447ade 0 19237622 0
qa9447ade 0 19237634 0
qa9447ade 0 19244660 1
qa9447ade 0 19353585 1
qab2ffbec 0 1 0
qab2ffbec 0 2 0
qab2ffbec 0 3 0
qab2ffbec 0 6421 0
qab2ffbec 0 6422 0
qab2ffbec 0 6423 0
qab2ffbec 0 6424 0
qab2ffbec 0 6425 0
qab2ffbec 0 6426 0
qab2ffbec 0 6427 0
qab2ffbec 0 6428 0
qab2ffbec 0 6429 0
qab2ffbec 0 170199 1
qab2ffbec 0 178952 0
qab2ffbec 0 209650 0
qab2ffbec 0 210081 0
qab2ffbec 0 210695 0
qab2ffbec 0 225130 3
qab2ffbec 0 225132 0
qab2ffbec 0 225134 1
qab2ffbec 0 225518 0
qab2ffbec 0 226690 1
qab2ffbec 0 236364 0
qab2ffbec 0 236365 0
qab2ffbec 0 236367 0
qab2ffbec 0 236368 0
qab2ffbec 0 236369 0
qab2ffbec 0 236371 0
qab2ffbec 0 236372 0
qab2ffbec 0 236373 1
qab2ffbec 0 236374 0
qab2ffbec 0 236376 0
qab2ffbec 0 236377 0
qab2ffbec 0 236378 0
qab2ffbec 0 236380 0
qab2ffbec 0 236381 0
qab2ffbec 0 236382 0
qab2ffbec 0 236384 1
qab2ffbec 0 236385 0
qab2ffbec 0 236386 0
qab2ffbec 0 256272 1
qab2ffbec 0 302970 0
qab2ffbec 0 311864 1
qab2ffbec 0 331612 0
qab2ffbec 0 331633 0
qab2ffbec 0 331659 0
qab2ffbec 0 331660 0
qab2ffbec 0 362232 1
qab2ffbec 0 371067 0
qab2ffbec 0 380531 3
qab2ffbec 0 384198 3
qab2ffbec 0 384206 3
qab2ffbec 0 404545 1
qab2ffbec 0 415901 0
qab2ffbec 0 415931 0
qab2ffbec 0 433325 1
qab2ffbec 0 472550 0
qab2ffbec 0 852047 0
qab2ffbec 0 4185182 0
qab2ffbec 0 4396350 0
qab2ffbec 0 4514276 1
qab2ffbec 0 7019593 0
qab2ffbec 0 7206578 1
qab2ffbec 0 7431149 0
qab2ffbec 0 10444996 0
qab2ffbec 0 13423539 0
qab2ffbec 0 13488517 1
qab2ffbec 0 13695384 0
qab2ffbec 0 16862573 1
qab2ffbec 0 16925170 2
qab2ffbec 0 16925180 2
qab2ffbec 0 16925213 2
qab2ffbec 0 16925219 2
qab2ffbec 0 16925238 2
qab2ffbec 0 16944441 0
qab2ffbec 0 16944456 0
qab2ffbec 0 16944478 0
qab2ffbec 0 16947233 3
qab2ffbec 0 16965908 1
qab2ffbec 0 16973613 2
qab2ffbec 0 17056647 3
qab2ffbec 0 17149014 0
qab2ffbec 0 17263399 1
qab2ffbec 0 17429169 1
qab2ffbec 0 18007866 1
qab2ffbec 0 18764694 1
qab2ffbec 0 18958400 0
qab2ffbec 0 19051517 0
qab2ffbec 0 19051608 0
qab2ffbec 0 19051636 0
qab2ffbec 0 19051664 0
qab2ffbec 0 19051685 0
qab2ffbec 0 19051701 0
qab2ffbec 0 19051731 1
qab2ffbec 0 19051753 0
qab2ffbec 0 19051780 0
qab2ffbec 0 19051794 0
qab2ffbec 0 19173011 0
qab2ffbec 0 19200299 0
qab2ffbec 0 19238863 0
qab2ffbec 0 19240229 0
qab2ffbec 0 19240252 0
qab2ffbec 0 19240284 1
qab2ffbec 0 19240303 0
qab2ffbec 0 19240323 0
qaba139cf 0 1 0
qaba139cf 0 2960 1
qaba139cf 0 2961 1
qaba139cf 0 2962 1
qaba139cf 0 2963 1
qaba139cf 0 2964 1
qaba139cf 0 2965 1
qaba139cf 0 2966 1
qaba139cf 0 2967 1
qaba139cf 0 2968 1
qaba139cf 0 2969 1
qaba139cf 0 2970 1
qaba139cf 0 2971 1
qaba139cf 0 2972 1
qaba139cf 0 2973 1
qaba139cf 0 2974 1
qaba139cf 0 2975 1
qaba139cf 0 2976 1
qaba139cf 0 2977 1
qaba139cf 0 2978 1
qaba139cf 0 6421 0
qaba139cf 0 6422 0
qaba139cf 0 6423 0
qaba139cf 0 6424 0
qaba139cf 0 6425 0
qaba139cf 0 6426 0
qaba139cf 0 6427 0
qaba139cf 0 6428 0
qaba139cf 0 6429 0
qaba139cf 0 6430 0
qaba139cf 0 6431 0
qaba139cf 0 6432 0
qaba139cf 0 6433 0
qaba139cf 0 6434 0
qaba139cf 0 6435 0
qaba139cf 0 6436 0
qaba139cf 0 6437 0
qaba139cf 0 6438 0
qaba139cf 0 181689 3
qaba139cf 0 182140 3
qaba139cf 0 182405 3
qaba139cf 0 182588 3
qaba139cf 0 182922 3
qaba139cf 0 182928 3
qaba139cf 0 183063 3
qaba139cf 0 183152 3
qaba139cf 0 183155 3
qaba139cf 0 183427 3
qaba139cf 0 183503 3
qaba139cf 0 183529 3
qaba139cf 0 183555 3
qaba139cf 0 183660 3
qaba139cf 0 183724 3
qaba139cf 0 183726 3
qaba139cf 0 183826 3
qaba139cf 0 183956 3
qaba139cf 0 183958 3
qaba139cf 0 184077 3
qaba139cf 0 184160 3
qaba139cf 0 184168 3
qaba139cf 0 184169 3
qaba139cf 0 184217 3
qaba139cf 0 184243 3
qaba139cf 0 184247 3
qaba139cf 0 184273 3
qaba139cf 0 184274 3
qaba139cf 0 184303 3
qaba139cf 0 184363 3
qaba139cf 0 184376 3
qaba139cf 0 184377 3
qaba139cf 0 184446 3
qaba139cf 0 184452 3
qaba139cf 0 184467 3
qaba139cf 0 184494 3
qaba139cf 0 184496 3
qaba139cf 0 184503 3
qaba139cf 0 185237 3
qaba139cf 0 185280 3
qaba139cf 0 185343 3
qaba139cf 0 852047 0
qaba139cf 0 4396350 0
qaba139cf 0 7019593 0
qaba139cf 0 7431149 0
qaba139cf 0 10444996 0
qaba139cf 0 12267015 1
qaba139cf 0 13423539 0
qaba139cf 0 13695384 0
qaba139cf 0 17149014 0
qaba139cf 0 18958400 0
qaba139cf 0 19051517 0
qaba139cf 0 19051608 0
qaba139cf 0 19051636 0
qaba139cf 0 19051664 0
qaba139cf 0 19051685 0
qaba139cf 0 19051701 0
qaba139cf 0 19051731 0
qaba139cf 0 19051753 0
qaba139cf 0 19051780 0
qaba139cf 0 19051794 0
qaba139cf 0 19237605 0
qaba139cf 0 19237622 0
qaba139cf 0 19237634 0
qabfa3cf9 0 1 0
qabfa3cf9 0 6421 0
qabfa3cf9 0 6422 0
qabfa3cf9 0 6423 0
qabfa3cf9 0 6424 0
qabfa3cf9 0 6425 0
qabfa3cf9 0 6426 0
qabfa3cf9 0 6427 0
qabfa3cf9 0 6428 0
qabfa3cf9 0 6429 0
qabfa3cf9 0 6430 0
qabfa3cf9 0 6431 0
qabfa3cf9 0 6432 0
qabfa3cf9 0 6433 0
qabfa3cf9 0 6434 1
qabfa3cf9 0 6435 0
qabfa3cf9 0 6436 0
qabfa3cf9 0 6437 0
qabfa3cf9 0 6438 0
qabfa3cf9 0 186115 3
qabfa3cf9 0 214763 1
qabfa3cf9 0 215070 1
qabfa3cf9 0 376069 3
qabfa3cf9 0 457412 0
qabfa3cf9 0 458147 0
qabfa3cf9 0 458255 0
qabfa3cf9 0 459718 1
qabfa3cf9 0 460032 2
qabfa3cf9 0 460093 0
qabfa3cf9 0 460150 3
qabfa3cf9 0 460170 0
qabfa3cf9 0 460220 2
qabfa3cf9 0 460231 0
qabfa3cf9 0 460335 1
qabfa3cf9 0 460361 2
qabfa3cf9 0 460371 0
qabfa3cf9 0 460399 0
qabfa3cf9 0 460419 3
qabfa3cf9 0 460425 0
qabfa3cf9 0 460446 2
qabfa3cf9 0 460472 3
qabfa3cf9 0 460483 1
qabfa3cf9 0 460489 0
qabfa3cf9 0 460494 2
qabfa3cf9 0 460496 1
qabfa3cf9 0 460504 3
qabfa3cf9 0 460508 1
qabfa3cf9 0 460572 0
qabfa3cf9 0 460584 1
qabfa3cf9 0 535252 3
qabfa3cf9 0 535489 3
qabfa3cf9 0 542346 2
qabfa3cf9 0 542461 3
qabfa3cf9 0 542604 3
qabfa3cf9 0 852047 2
qabfa3cf9 0 2025684 1
qabfa3cf9 0 4396350 1
qabfa3cf9 0 7019593 0
qabfa3cf9 0 7431149 0
qabfa3cf9 0 10444996 0
qabfa3cf9 0 13423539 0
qabfa3cf9 0 13695384 0
qabfa3cf9 0 16436127 3
qabfa3cf9 0 16851583 3
qabfa3cf9 0 16882703 0
qabfa3cf9 0 16949946 2
qabfa3cf9 0 17015662 2
qabfa3cf9 0 17050225 3
qabfa3cf9 0 17149014 0
qabfa3cf9 0 17432513 3
qabfa3cf9 0 17433347 3
qabfa3cf9 0 18958400 0
qabfa3cf9 0 19051517 0
qabfa3cf9 0 19051608 0
qabfa3cf9 0 19051636 0
qabfa3cf9 0 19051664 0
qabfa3cf9 0 19051685 0
qabfa3cf9 0 19051701 0
qabfa3cf9 0 19051731 0
qabfa3cf9 0 19051753 0
qabfa3cf9 0 19051780 0
qabfa3cf9 0 19051794 0
qac61f636 0 1 0
qac61f636 0 6421 0
qac61f636 0 6422 0
qac61f636 0 6423 0
qac61f636 0 6424 0
qac61f636 0 6425 0
qac61f636 0 6426 0
qac61f636 0 6427 0
qac61f636 0 6428 0
qac61f636 0 6429 0
qac61f636 0 6430 0
qac61f636 0 6431 0
qac61f636 0 6432 0
qac61f636 0 6433 0
qac61f636 0 6434 0
qac61f636 0 6435 0
qac61f636 0 6436 0
qac61f636 0 6437 0
qac61f636 0 6438 0
qac61f636 0 10337 0
qac61f636 0 10338 0
qac61f636 0 10339 0
qac61f636 0 10340 0
qac61f636 0 10341 0
qac61f636 0 10342 0
qac61f636 0 10343 0
qac61f636 0 10344 0
qac61f636 0 10345 0
qac61f636 0 10346 0
qac61f636 0 10347 0
qac61f636 0 10348 0
qac61f636 0 10349 0
qac61f636 0 10350 0
qac61f636 0 10351 0
qac61f636 0 10352 0
qac61f636 0 10353 0
qac61f636 0 10354 0
qac61f636 0 10355 0
qac61f636 0 296331 1
qac61f636 0 296339 1
qac61f636 0 296341 1
qac61f636 0 296343 1
qac61f636 0 296348 1
qac61f636 0 446924 1
qac61f636 0 446959 1
qac61f636 0 452285 3
qac61f636 0 452295 3
qac61f636 0 452296 3
qac61f636 0 452297 3
qac61f636 0 452303 3
qac61f636 0 452306 3
qac61f636 0 452308 3
qac61f636 0 452309 3
qac61f636 0 452310 3
qac61f636 0 452315 3
qac61f636 0 452317 3
qac61f636 0 452321 3
qac61f636 0 452327 3
qac61f636 0 452335 3
qac61f636 0 452340 3
qac61f636 0 452349 3
qac61f636 0 452358 3
qac61f636 0 452397 3
qac61f636 0 452422 3
qac61f636 0 452551 3
qac61f636 0 452708 3
qac61f636 0 452735 3
qac61f636 0 452748 3
qac61f636 0 452759 3
qac61f636 0 452800 3
qac61f636 0 453141 3
qac61f636 0 453183 3
qac61f636 0 453201 3
qac61f636 0 453222 3
qac61f636 0 453230 3
qac61f636 0 453266 3
qac61f636 0 453272 3
qac61f636 0 453340 3
qac61f636 0 453344 3
qac61f636 0 453403 3
qac61f636 0 453467 3
qac61f636 0 453686 3
qac61f636 0 454336 3
qac61f636 0 454351 3
qac61f636 0 852047 0
qac61f636 0 902215 0
qac61f636 0 4396350 0
qac61f636 0 7019593 0
qac61f636 0 7431149 0
qac61f636 0 10444996 0
qac61f636 0 13423539 0
qac61f636 0 13695384 0
qac61f636 0 17149014 0
qac61f636 0 18958400 0
qac61f636 0 19051517 0
qac61f636 0 19051608 0
qac61f636 0 19051636 0
qac61f636 0 19051664 0
qac61f636 0 19051685 0
qac61f636 0 19051701 0
qac61f636 0 19051731 0
qac61f636 0 19051753 0
qac61f636 0 19051780 0
qac61f636 0 19051794 0
qac61f636 0 19405948 0
qac61f636 0 19405951 0
qac61f636 0 19405954 0
qb06646a7 0 1 0
qb06646a7 0 6421 0
qb06646a7 0 6422 0
qb06646a7 0 6423 0
qb06646a7 0 6424 0
qb06646a7 0 6425 0
qb06646a7 0 6426 0
qb06646a7 0 6427 0
qb06646a7 0 6428 0
qb06646a7 0 6429 0
qb06646a7 0 6430 0
qb06646a7 0 6431 0
qb06646a7 0 6432 0
qb06646a7 0 6433 0
qb06646a7 0 6434 0
qb06646a7 0 6435 0
qb06646a7 0 6436 0
qb06646a7 0 6437 0
qb06646a7 0 6438 0
qb06646a7 0 262549 0
qb06646a7 0 368977 0
qb06646a7 0 392206 0
qb06646a7 0 404676 3
qb06646a7 0 404701 3
qb06646a7 0 404774 3
qb06646a7 0 404927 3
qb06646a7 0 404945 3
qb06646a7 0 404965 3
qb06646a7 0 405040 3
qb06646a7 0 405057 3
qb06646a7 0 405075 3
qb06646a7 0 405093 3
qb06646a7 0 405135 3
qb06646a7 0 405482 3
qb06646a7 0 405501 3
qb06646a7 0 405538 3
qb06646a7 0 405578 3
qb06646a7 0 406768 3
qb06646a7 0 406803 3
qb06646a7 0 406928 3
qb06646a7 0 407126 3
qb06646a7 0 407238 3
qb06646a7 0 409181 3
qb06646a7 0 409221 3
qb06646a7 0 409369 3
qb06646a7 0 409375 3
qb06646a7 0 409468 3
qb06646a7 0 409491 3
qb06646a7 0 409643 3
qb06646a7 0 409699 3
qb06646a7 0 409723 3
qb06646a7 0 409760 3
qb06646a7 0 409838 3
qb06646a7 0 409908 3
qb06646a7 0 409926 3
qb06646a7 0 409931 3
qb06646a7 0 409956 3
qb06646a7 0 512409 0
qb06646a7 0 512772 0
qb06646a7 0 513110 0
qb06646a7 0 852047 0
qb06646a7 0 4396350 0
qb06646a7 0 7019593 0
qb06646a7 0 7431149 0
qb06646a7 0 10444996 0
qb06646a7 0 13423539 0
qb06646a7 0 13695384 0
qb06646a7 0 16873014 0
qb06646a7 0 16911057 0
qb06646a7 0 16912135 0
qb06646a7 0 16912229 0
qb06646a7 0 17028504 0
qb06646a7 0 17028589 0
qb06646a7 0 17049362 0
qb06646a7 0 17049508 0
qb06646a7 0 17049886 0
qb06646a7 0 17050954 0
qb06646a7 0 17053074 0
qb06646a7 0 17053464 0
qb06646a7 0 17053672 0
qb06646a7 0 17057562 0
qb06646a7 0 17149014 0
qb06646a7 0 18958400 0
qb06646a7 0 19051517 0
qb06646a7 0 19051608 0
qb06646a7 0 19051636 0
qb06646a7 0 19051664 0
qb06646a7 0 19051685 0
qb06646a7 0 19051701 0
qb06646a7 0 19051731 0
qb06646a7 0 19051753 0
qb06646a7 0 19051780 0
qb06646a7 0 19051794 0
qb296c449 0 1 0
qb296c449 0 6421 0
qb296c449 0 6422 0
qb296c449 0 6423 0
qb296c449 0 6424 0
qb296c449 0 6425 0
qb296c449 0 6426 0
qb296c449 0 6427 0
qb296c449 0 6428 0
qb296c449 0 6429 0
qb296c449 0 6430 0
qb296c449 0 6431 0
qb296c449 0 6432 0
qb296c449 0 6433 0
qb296c449 0 6434 0
qb296c449 0 6435 0
qb296c449 0 6436 0
qb296c449 0 6437 0
qb296c449 0 6438 0
qb296c449 0 371977 3
qb296c449 0 372000 3
qb296c449 0 372004 3
qb296c449 0 372034 3
qb296c449 0 372036 3
qb296c449 0 372038 3
qb296c449 0 372042 3
qb296c449 0 372087 3
qb296c449 0 372195 3
qb296c449 0 372213 3
qb296c449 0 372227 3
qb296c449 0 372246 3
qb296c449 0 372261 3
qb296c449 0 372469 3
qb296c449 0 372475 3
qb296c449 0 372483 3
qb296c449 0 372501 3
qb296c449 0 372507 3
qb296c449 0 372705 3
qb296c449 0 372719 3
qb296c449 0 372726 3
qb296c449 0 372903 3
qb296c449 0 373038 3
qb296c449 0 373050 3
qb296c449 0 373054 3
qb296c449 0 373073 3
qb296c449 0 373343 3
qb296c449 0 373427 3
qb296c449 0 373441 3
qb296c449 0 373654 3
qb296c449 0 373695 3
qb296c449 0 373742 3
qb296c449 0 373772 3
qb296c449 0 374979 3
qb296c449 0 375162 3
qb296c449 0 375245 3
qb296c449 0 375248 3
qb296c449 0 375505 3
qb296c449 0 375669 3
qb296c449 0 396216 3
qb296c449 0 401022 3
qb296c449 0 852047 0
qb296c449 0 4396350 0
qb296c449 0 7019593 0
qb296c449 0 7431149 0
qb296c449 0 10444996 0
qb296c449 0 13423539 0
qb296c449 0 13695384 0
qb296c449 0 17149014 0
qb296c449 0 18958400 0
qb296c449 0 19051517 0
qb296c449 0 19051608 0
qb296c449 0 19051636 0
qb296c449 0 19051664 0
qb296c449 0 19051685 0
qb296c449 0 19051701 0
qb296c449 0 19051731 0
qb296c449 0 19051753 0
qb296c449 0 19051780 0
qb296c449 0 19051794 0
qb3667dff 0 1 0
qb3667dff 0 6421 0
qb3667dff 0 6422 0
qb3667dff 0 6423 0
qb3667dff 0 6424 0
qb3667dff 0 6425 0
qb3667dff 0 6426 0
qb3667dff 0 6427 0
qb3667dff 0 6428 0
qb3667dff 0 6429 0
qb3667dff 0 6430 0
qb3667dff 0 6431 0
qb3667dff 0 6432 0
qb3667dff 0 6433 0
qb3667dff 0 6434 0
qb3667dff 0 6435 0
qb3667dff 0 6436 0
qb3667dff 0 6437 0
qb3667dff 0 6438 0
qb3667dff 0 9594 1
qb3667dff 0 308400 3
qb3667dff 0 308646 3
qb3667dff 0 308737 3
qb3667dff 0 308738 3
qb3667dff 0 309307 3
qb3667dff 0 309352 3
qb3667dff 0 310846 3
qb3667dff 0 310849 3
qb3667dff 0 311006 3
qb3667dff 0 311090 3
qb3667dff 0 311096 3
qb3667dff 0 311149 3
qb3667dff 0 311156 3
qb3667dff 0 311197 3
qb3667dff 0 311203 3
qb3667dff 0 311224 3
qb3667dff 0 311252 3
qb3667dff 0 311367 3
qb3667dff 0 311504 3
qb3667dff 0 311509 3
qb3667dff 0 311512 3
qb3667dff 0 311517 3
qb3667dff 0 311530 3
qb3667dff 0 311537 3
qb3667dff 0 311554 3
qb3667dff 0 311762 3
qb3667dff 0 312299 3
qb3667dff 0 312985 3
qb3667dff 0 313070 3
qb3667dff 0 313186 3
qb3667dff 0 313814 3
qb3667dff 0 313864 3
qb3667dff 0 313904 3
qb3667dff 0 314299 3
qb3667dff 0 336020 1
qb3667dff 0 384250 1
qb3667dff 0 384251 1
qb3667dff 0 385643 1
qb3667dff 0 447380 1
qb3667dff 0 852047 0
qb3667dff 0 4396350 0
qb3667dff 0 7019593 0
qb3667dff 0 7431149 0
qb3667dff 0 10444996 0
qb3667dff 0 13423539 0
qb3667dff 0 13695384 0
qb3667dff 0 16881075 1
qb3667dff 0 16881390 1
qb3667dff 0 16882220 1
qb3667dff 0 16882982 1
qb3667dff 0 16883651 1
qb3667dff 0 16888170 1
qb3667dff 0 16989060 1
qb3667dff 0 17149014 0
qb3667dff 0 18958400 0
qb3667dff 0 19051517 0
qb3667dff 0 19051608 0
qb3667dff 0 19051636 0
qb3667dff 0 19051664 0
qb3667dff 0 19051685 0
qb3667dff 0 19051701 0
qb3667dff 0 19051731 0
qb3667dff 0 19051753 0
qb3667dff 0 19051780 0
qb3667dff 0 19051794 0
qb67f8ae9 0 1 0
qb67f8ae9 0 6421 0
qb67f8ae9 0 6422 0
qb67f8ae9 0 6423 0
qb67f8ae9 0 6424 0
qb67f8ae9 0 6425 0
qb67f8ae9 0 6426 0
qb67f8ae9 0 6427 0
qb67f8ae9 0 6428 0
qb67f8ae9 0 6429 0
qb67f8ae9 0 6430 0
qb67f8ae9 0 6431 0
qb67f8ae9 0 6432 0
qb67f8ae9 0 6433 0
qb67f8ae9 0 6434 0
qb67f8ae9 0 6435 0
qb67f8ae9 0 6436 0
qb67f8ae9 0 6437 0
qb67f8ae9 0 6438 0
qb67f8ae9 0 11563 0
qb67f8ae9 0 11564 0
qb67f8ae9 0 11565 0
qb67f8ae9 0 11566 0
qb67f8ae9 0 11567 0
qb67f8ae9 0 11568 0
qb67f8ae9 0 11569 0
qb67f8ae9 0 11570 0
qb67f8ae9 0 11571 0
qb67f8ae9 0 11572 0
qb67f8ae9 0 11573 0
qb67f8ae9 0 11574 0
qb67f8ae9 0 11575 0
qb67f8ae9 0 11576 0
qb67f8ae9 0 11577 0
qb67f8ae9 0 11578 0
qb67f8ae9 0 11579 0
qb67f8ae9 0 11580 0
qb67f8ae9 0 229698 3
qb67f8ae9 0 229701 3
qb67f8ae9 0 229703 3
qb67f8ae9 0 229705 3
qb67f8ae9 0 229717 3
qb67f8ae9 0 229746 3
qb67f8ae9 0 229770 3
qb67f8ae9 0 229789 3
qb67f8ae9 0 229812 3
qb67f8ae9 0 229851 3
qb67f8ae9 0 229857 3
qb67f8ae9 0 229873 3
qb67f8ae9 0 229950 3
qb67f8ae9 0 230124 3
qb67f8ae9 0 230249 3
qb67f8ae9 0 230767 3
qb67f8ae9 0 230768 3
qb67f8ae9 0 230813 3
qb67f8ae9 0 232673 3
qb67f8ae9 0 232695 3
qb67f8ae9 0 232882 3
qb67f8ae9 0 233065 3
qb67f8ae9 0 233075 3
qb67f8ae9 0 233077 3
qb67f8ae9 0 233100 3
qb67f8ae9 0 233111 3
qb67f8ae9 0 233125 3
qb67f8ae9 0 233130 3
qb67f8ae9 0 233141 3
qb67f8ae9 0 233143 3
qb67f8ae9 0 233150 3
qb67f8ae9 0 233157 3
qb67f8ae9 0 233169 3
qb67f8ae9 0 233189 3
qb67f8ae9 0 233239 3
qb67f8ae9 0 523014 0
qb67f8ae9 0 523021 0
qb67f8ae9 0 523022 0
qb67f8ae9 0 523480 0
qb67f8ae9 0 523494 0
qb67f8ae9 0 523606 0
qb67f8ae9 0 852047 0
qb67f8ae9 0 2195087 3
qb67f8ae9 0 3905136 0
qb67f8ae9 0 4396350 0
qb67f8ae9 0 5572768 3
qb67f8ae9 0 7019593 0
qb67f8ae9 0 7431149 0
qb67f8ae9 0 8850656 3
qb67f8ae9 0 10444996 0
qb67f8ae9 0 13423539 0
qb67f8ae9 0 13695384 0
qb67f8ae9 0 13934522 0
qb67f8ae9 0 15064635 3
qb67f8ae9 0 17149014 0
qb67f8ae9 0 18808292 3
qb67f8ae9 0 18808308 3
qb67f8ae9 0 18808320 3
qb67f8ae9 0 18808331 3
qb67f8ae9 0 18808341 3
qb67f8ae9 0 18808364 3
qb67f8ae9 0 18958400 0
qb67f8ae9 0 19051517 0
qb67f8ae9 0 19051608 0
qb67f8ae9 0 19051636 0
qb67f8ae9 0 19051664 0
qb67f8ae9 0 19051685 0
qb67f8ae9 0 19051701 0
qb67f8ae9 0 19051731 0
qb67f8ae9 0 19051753 0
qb67f8ae9 0 19051780 0
qb67f8ae9 0 19051794 0
qb67f8ae9 0 19312390 1
qb67f8ae9 0 19312409 1
qb67f8ae9 0 19312419 1
qb67f8ae9 0 19312428 1
qb67f8ae9 0 19312436 1
qb6e25e63 0 1 0
qb6e25e63 0 6421 0
qb6e25e63 0 6422 0
qb6e25e63 0 6423 0
qb6e25e63 0 6424 0
qb6e25e63 0 6425 0
qb6e25e63 0 6426 0
qb6e25e63 0 6427 0
qb6e25e63 0 6428 0
qb6e25e63 0 6429 0
qb6e25e63 0 6430 0
qb6e25e63 0 6431 0
qb6e25e63 0 6432 0
qb6e25e63 0 6433 0
qb6e25e63 0 6434 0
qb6e25e63 0 6435 0
qb6e25e63 0 6436 0
qb6e25e63 0 6437 0
qb6e25e63 0 6438 0
qb6e25e63 0 180175 0
qb6e25e63 0 180193 0
qb6e25e63 0 180240 0
qb6e25e63 0 180339 0
qb6e25e63 0 180369 0
qb6e25e63 0 180410 1
qb6e25e63 0 211177 0
qb6e25e63 0 233426 1
qb6e25e63 0 236067 0
qb6e25e63 0 303064 0
qb6e25e63 0 303519 0
qb6e25e63 0 303585 0
qb6e25e63 0 304369 0
qb6e25e63 0 305335 1
qb6e25e63 0 312887 0
qb6e25e63 0 315254 1
qb6e25e63 0 315606 1
qb6e25e63 0 317480 1
qb6e25e63 0 392603 3
qb6e25e63 0 416163 0
qb6e25e63 0 419641 3
qb6e25e63 0 427198 0
qb6e25e63 0 427849 0
qb6e25e63 0 437551 1
qb6e25e63 0 480029 0
qb6e25e63 0 490233 0
qb6e25e63 0 852047 0
qb6e25e63 0 4396350 0
qb6e25e63 0 7019593 0
qb6e25e63 0 7431149 0
qb6e25e63 0 10444996 0
qb6e25e63 0 13423539 0
qb6e25e63 0 13695384 0
qb6e25e63 0 16859096 1
qb6e25e63 0 16859310 1
qb6e25e63 0 16859749 1
qb6e25e63 0 16866750 1
qb6e25e63 0 16875890 0
qb6e25e63 0 16877075 0
qb6e25e63 0 16877092 0
qb6e25e63 0 16877108 0
qb6e25e63 0 16944389 1
qb6e25e63 0 16945441 1
qb6e25e63 0 16945746 0
qb6e25e63 0 16946463 1
qb6e25e63 0 16948319 0
qb6e25e63 0 16948366 1
qb6e25e63 0 16953433 1
qb6e25e63 0 16953937 1
qb6e25e63 0 16954972 1
qb6e25e63 0 17022666 3
qb6e25e63 0 17022693 2
qb6e25e63 0 17022734 2
qb6e25e63 0 17022761 3
qb6e25e63 0 17022774 2
qb6e25e63 0 17022841 3
qb6e25e63 0 17022915 3
qb6e25e63 0 17149014 0
qb6e25e63 0 18771617 0
qb6e25e63 0 18958400 0
qb6e25e63 0 19051517 1
qb6e25e63 0 19051608 0
qb6e25e63 0 19051636 0
qb6e25e63 0 19051664 0
qb6e25e63 0 19051685 0
qb6e25e63 0 19051701 0
qb6e25e63 0 19051731 0
qb6e25e63 0 19051753 0
qb6e25e63 0 19051780 0
qb6e25e63 0 19051794 0
qb80831a7 0 233 0
qb80831a7 0 346 0
qb80831a7 0 445 0
qb80831a7 0 799 0
qb80831a7 0 1114 1
qb80831a7 0 1116 1
qb80831a7 0 1118 1
qb80831a7 0 1120 1
qb80831a7 0 1122 1
qb80831a7 0 1342 0
qb80831a7 0 1639 0
qb80831a7 0 1752 0
qb80831a7 0 1789 0
qb80831a7 0 1901 0
qb80831a7 0 1942 0
qb80831a7 0 2019 0
qb80831a7 0 2076 0
qb80831a7 0 2090 0
qb80831a7 0 2093 0
qb80831a7 0 2098 0
qb80831a7 0 6436 0
qb80831a7 0 6441 0
qb80831a7 0 6508 0
qb80831a7 0 6670 0
qb80831a7 0 6680 0
qb80831a7 0 6687 0
qb80831a7 0 6697 0
qb80831a7 0 6706 0
qb80831a7 0 6713 0
qb80831a7 0 6752 0
qb80831a7 0 6779 0
qb80831a7 0 6834 0
qb80831a7 0 6852 0
qb80831a7 0 6869 0
qb80831a7 0 6880 0
qb80831a7 0 6911 0
qb80831a7 0 216122 2
qb80831a7 0 216269 2
qb80831a7 0 217055 2
qb80831a7 0 217222 2
qb80831a7 0 217248 2
qb80831a7 0 222897 1
qb80831a7 0 222988 1
qb80831a7 0 223437 1
qb80831a7 0 223454 1
qb80831a7 0 317647 2
qb80831a7 0 317718 2
qb80831a7 0 318904 2
qb80831a7 0 320060 1
qb80831a7 0 320202 1
qb80831a7 0 321284 2
qb80831a7 0 322589 0
qb80831a7 0 322628 1
qb80831a7 0 322838 0
qb80831a7 0 323028 0
qb80831a7 0 323070 1
qb80831a7 0 323163 1
qb80831a7 0 497649 2
qb80831a7 0 497913 1
qb80831a7 0 531750 0
qb80831a7 0 16864680 2
qb80831a7 0 16893361 0
qb80831a7 0 16897431 3
qb80831a7 0 16898748 3
qb80831a7 0 16937546 2
qb80831a7 0 16938312 2
qb80831a7 0 16938330 2
qb80831a7 0 17031176 0
qb80831a7 0 17037067 0
qb80831a7 0 17067472 0
qb80831a7 0 17068215 1
qb80831a7 0 17068820 1
qb80831a7 0 17069026 3
qb80831a7 0 17069117 2
qb80831a7 0 17423983 0
qb89785f7 0 1 0
qb89785f7 0 6421 0
qb89785f7 0 6422 0
qb89785f7 0 6423 0
qb89785f7 0 6424 0
qb89785f7 0 6425 0
qb89785f7 0 6426 0
qb89785f7 0 6427 0
qb89785f7 0 6428 0
qb89785f7 0 6429 0
qb89785f7 0 6430 0
qb89785f7 0 6431 0
qb89785f7 0 6432 0
qb89785f7 0 6433 0
qb89785f7 0 6434 0
qb89785f7 0 6435 0
qb89785f7 0 6436 0
qb89785f7 0 6437 0
qb89785f7 0 6438 0
qb89785f7 0 170444 1
qb89785f7 0 170552 1
qb89785f7 0 170811 1
qb89785f7 0 172447 3
qb89785f7 0 172707 3
qb89785f7 0 173063 2
qb89785f7 0 173331 2
qb89785f7 0 225256 1
qb89785f7 0 225414 1
qb89785f7 0 234973 1
qb89785f7 0 235243 1
qb89785f7 0 235785 1
qb89785f7 0 248367 2
qb89785f7 0 249332 1
qb89785f7 0 249867 2
qb89785f7 0 256305 2
qb89785f7 0 256394 2
qb89785f7 0 256396 1
qb89785f7 0 321378 1
qb89785f7 0 370951 2
qb89785f7 0 383393 1
qb89785f7 0 394295 0
qb89785f7 0 395117 0
qb89785f7 0 406657 1
qb89785f7 0 408954 1
qb89785f7 0 415515 3
qb89785f7 0 416693 2
qb89785f7 0 416704 1
qb89785f7 0 429077 2
qb89785f7 0 429336 3
qb89785f7 0 433419 3
qb89785f7 0 852047 0
qb89785f7 0 4396350 0
qb89785f7 0 7019593 0
qb89785f7 0 7431149 1
qb89785f7 0 10444996 0
qb89785f7 0 13423539 0
qb89785f7 0 13695384 0
qb89785f7 0 16862831 2
qb89785f7 0 16863384 0
qb89785f7 0 16863415 0
qb89785f7 0 16863487 0
qb89785f7 0 16863498 0
qb89785f7 0 16863638 0
qb89785f7 0 16863699 0
qb89785f7 0 16863757 0
qb89785f7 0 16892557 2
qb89785f7 0 16951644 2
qb89785f7 0 16965904 1
qb89785f7 0 16966694 1
qb89785f7 0 16966772 3
qb89785f7 0 16967150 3
qb89785f7 0 16967211 3
qb89785f7 0 16967302 3
qb89785f7 0 16967325 2
qb89785f7 0 16967341 3
qb89785f7 0 16967412 3
qb89785f7 0 16967606 1
qb89785f7 0 16967637 1
qb89785f7 0 16967746 2
qb89785f7 0 16967907 1
qb89785f7 0 16967981 1
qb89785f7 0 16968064 2
qb89785f7 0 16968094 2
qb89785f7 0 16968210 2
qb89785f7 0 16970734 2
qb89785f7 0 16970747 2
qb89785f7 0 17149014 0
qb89785f7 0 18958400 0
qb89785f7 0 19051517 0
qb89785f7 0 19051608 0
qb89785f7 0 19051636 0
qb89785f7 0 19051664 0
qb89785f7 0 19051685 0
qb89785f7 0 19051701 0
qb89785f7 0 19051731 1
qb89785f7 0 19051753 1
qb89785f7 0 19051780 0
qb89785f7 0 19051794 0
qc0991753 0 185 0
qc0991753 0 233 0
qc0991753 0 302 0
qc0991753 0 346 0
qc0991753 0 445 0
qc0991753 0 481 0
qc0991753 0 705 0
qc0991753 0 799 0
qc0991753 0 936 0
qc0991753 0 985 0
qc0991753 0 1101 0
qc0991753 0 1107 0
qc0991753 0 1114 0
qc0991753 0 1116 0
qc0991753 0 1118 0
qc0991753 0 1120 0
qc0991753 0 1122 0
qc0991753 0 6436 0
qc0991753 0 6441 0
qc0991753 0 6508 0
qc0991753 0 6670 0
qc0991753 0 6680 0
qc0991753 0 6687 0
qc0991753 0 6697 0
qc0991753 0 6706 0
qc0991753 0 6713 0
qc0991753 0 6752 0
qc0991753 0 6779 0
qc0991753 0 6800 0
qc0991753 0 6834 0
qc0991753 0 6852 0
qc0991753 0 6869 0
qc0991753 0 6880 0
qc0991753 0 6911 0
qc0991753 0 180675 0
qc0991753 0 427899 0
qc0991753 0 437869 1
qc0991753 0 461261 1
qc0991753 0 461268 1
qc0991753 0 461504 2
qc0991753 0 461606 2
qc0991753 0 461614 3
qc0991753 0 461706 2
qc0991753 0 461749 2
qc0991753 0 461839 3
qc0991753 0 462188 1
qc0991753 0 462730 2
qc0991753 0 462815 2
qc0991753 0 462819 3
qc0991753 0 462821 3
qc0991753 0 463224 3
qc0991753 0 463318 3
qc0991753 0 464419 3
qc0991753 0 465629 2
qc0991753 0 529619 2
qc0991753 0 16950320 1
qc0991753 0 16951919 0
qc0991753 0 16951996 0
qc0991753 0 16952805 0
qc0991753 0 17024179 0
qc0991753 0 17050305 0
qc0991753 0 17433035 2
qc0991753 0 17433039 2
qc0991753 0 18922812 3
qc449b5ec 0 1 0
qc449b5ec 0 6421 0
qc449b5ec 0 6422 0
qc449b5ec 0 6423 0
qc449b5ec 0 6424 0
qc449b5ec 0 6425 0
qc449b5ec 0 6426 0
qc449b5ec 0 6427 0
qc449b5ec 0 6428 0
qc449b5ec 0 6429 0
qc449b5ec 0 6430 0
qc449b5ec 0 6431 0
qc449b5ec 0 6432 0
qc449b5ec 0 6433 0
qc449b5ec 0 6434 0
qc449b5ec 0 6435 0
qc449b5ec 0 6436 0
qc449b5ec 0 6437 0
qc449b5ec 0 6438 0
qc449b5ec 0 11563 0
qc449b5ec 0 11564 0
qc449b5ec 0 11565 0
qc449b5ec 0 11566 0
qc449b5ec 0 11567 0
qc449b5ec 0 11568 0
qc449b5ec 0 11569 0
qc449b5ec 0 11570 0
qc449b5ec 0 11571 0
qc449b5ec 0 11572 0
qc449b5ec 0 11573 0
qc449b5ec 0 11574 0
qc449b5ec 0 11575 0
qc449b5ec 0 12478 1
qc449b5ec 0 12479 1
qc449b5ec 0 12480 1
qc449b5ec 0 12481 1
qc449b5ec 0 12482 1
qc449b5ec 0 12483 1
qc449b5ec 0 12484 1
qc449b5ec 0 12485 1
qc449b5ec 0 12486 1
qc449b5ec 0 12487 1
qc449b5ec 0 12488 1
qc449b5ec 0 12489 1
qc449b5ec 0 12490 1
qc449b5ec 0 12491 1
qc449b5ec 0 12492 1
qc449b5ec 0 12493 1
qc449b5ec 0 12494 1
qc449b5ec 0 12495 1
qc449b5ec 0 521117 3
qc449b5ec 0 521203 3
qc449b5ec 0 521218 3
qc449b5ec 0 521223 3
qc449b5ec 0 521228 3
qc449b5ec 0 521268 3
qc449b5ec 0 521366 3
qc449b5ec 0 521400 3
qc449b5ec 0 521412 3
qc449b5ec 0 521421 3
qc449b5ec 0 521440 3
qc449b5ec 0 521444 3
qc449b5ec 0 521991 3
qc449b5ec 0 522125 3
qc449b5ec 0 522128 3
qc449b5ec 0 522143 3
qc449b5ec 0 522340 3
qc449b5ec 0 522343 3
qc449b5ec 0 522346 3
qc449b5ec 0 522640 3
qc449b5ec 0 522680 3
qc449b5ec 0 522856 3
qc449b5ec 0 522872 3
qc449b5ec 0 522873 3
qc449b5ec 0 522875 3
qc449b5ec 0 522880 3
qc449b5ec 0 522883 3
qc449b5ec 0 522884 3
qc449b5ec 0 522885 3
qc449b5ec 0 522887 3
qc449b5ec 0 522888 3
qc449b5ec 0 522889 3
qc449b5ec 0 522890 3
qc449b5ec 0 522892 3
qc449b5ec 0 522894 3
qc449b5ec 0 522895 3
qc449b5ec 0 522896 3
qc449b5ec 0 522990 3
qc449b5ec 0 522998 3
qc449b5ec 0 852047 0
qc449b5ec 0 3614965 1
qc449b5ec 0 3905136 0
qc449b5ec 0 4396350 0
qc449b5ec 0 7019593 0
qc449b5ec 0 7431149 0
qc449b5ec 0 10444996 0
qc449b5ec 0 12286352 1
qc449b5ec 0 13423539 0
qc449b5ec 0 13695384 0
qc449b5ec 0 13934522 0
qc449b5ec 0 17149014 0
qc449b5ec 0 18958400 0
qc449b5ec 0 19051517 0
qc449b5ec 0 19051608 0
qc449b5ec 0 19051636 0
qc449b5ec 0 19051664 0
qc449b5ec 0 19051685 0
qc449b5ec 0 19051701 0
qc449b5ec 0 19051731 0
qc449b5ec 0 19051753 0
qc449b5ec 0 19051780 0
qc449b5ec 0 19051794 0
qc449b5ec 0 19312390 0
qc449b5ec 0 19312409 0
qc449b5ec 0 19312419 0
qc449b5ec 0 19312428 0
qc449b5ec 0 19312436 0
qc4804f70 0 3 0
qc4804f70 0 8 1
qc4804f70 0 9 0
qc4804f70 0 10 0
qc4804f70 0 14 0
qc4804f70 0 15 0
qc4804f70 0 17 0
qc4804f70 0 20 0
qc4804f70 0 26 0
qc4804f70 0 27 1
qc4804f70 0 29 1
qc4804f70 0 31 0
qc4804f70 0 34 1
qc4804f70 0 36 1
qc4804f70 0 40 0
qc4804f70 0 3387 3
qc4804f70 0 3389 3
qc4804f70 0 3399 3
qc4804f70 0 3458 2
qc4804f70 0 3512 3
qc4804f70 0 3534 3
qc4804f70 0 3535 3
qc4804f70 0 3538 3
qc4804f70 0 3541 3
qc4804f70 0 3542 3
qc4804f70 0 3543 3
qc4804f70 0 3623 2
qc4804f70 0 3677 1
qc4804f70 0 6434 0
qc4804f70 0 6436 1
qc4804f70 0 6441 1
qc4804f70 0 6443 1
qc4804f70 0 6449 1
qc4804f70 0 6456 1
qc4804f70 0 6477 1
qc4804f70 0 6480 1
qc4804f70 0 6481 1
qc4804f70 0 6503 1
qc4804f70 0 6508 0
qc4804f70 0 6517 1
qc4804f70 0 6547 0
qc4804f70 0 6549 2
qc4804f70 0 6561 1
qc4804f70 0 6580 1
qc4804f70 0 6600 2
qc4804f70 0 6601 2
qc4804f70 0 6619 2
qc4804f70 0 6621 1
qc4804f70 0 166199 2
qc4804f70 0 167160 2
qc4804f70 0 168502 2
qc4804f70 0 168522 3
qc4804f70 0 168528 3
qc4804f70 0 168529 3
qc4804f70 0 168671 2
qc4804f70 0 168839 3
qc4804f70 0 172380 2
qc4804f70 0 172537 3
qc4804f70 0 172959 3
qc4804f70 0 173423 1
qc4804f70 0 174339 2
qc4804f70 0 175638 3
qc4804f70 0 175643 3
qc4804f70 0 175645 3
qc4804f70 0 175646 3
qc4804f70 0 175795 3
qc4804f70 0 175797 3
qc4804f70 0 175844 3
qc4804f70 0 177466 1
qc4804f70 0 177894 2
qc4804f70 0 177940 2
qc4804f70 0 179065 1
qc4804f70 0 179448 1
qc4804f70 0 179824 2
qc4804f70 0 180664 3
qc4804f70 0 180678 2
qc4804f70 0 180751 2
qc4804f70 0 180776 3
qc4804f70 0 180778 2
qc4804f70 0 180786 3
qc4804f70 0 180791 0
qc4804f70 0 181561 3
qc4804f70 0 181958 3
qc4804f70 0 183969 3
qc4804f70 0 185005 3
qc4804f70 0 185080 3
qc4804f70 0 193787 1
qc4804f70 0 193833 1
qc4804f70 0 194055 1
qc4804f70 0 194058 1
qc4804f70 0 194107 1
qc4804f70 0 194120 0
qc4804f70 0 194121 1
qc4804f70 0 475358 0
qc4804f70 0 533821 3
qc4804f70 0 539728 1
qc4804f70 0 852047 0
qc4804f70 0 13695384 0
qc4804f70 0 16862786 1
qc4804f70 0 16862892 2
qc4804f70 0 16863321 2
qc4804f70 0 16901371 0
qc4804f70 0 16911887 1
qc4804f70 0 19051685 1
qc4804f70 0 19051701 0
qc4804f70 0 19051794 1
qc4804f70 0 19346580 2
qc492da86 0 1 0
qc492da86 0 6421 0
qc492da86 0 6422 0
qc492da86 0 6423 0
qc492da86 0 6424 0
qc492da86 0 6425 0
qc492da86 0 6426 0
qc492da86 0 6427 0
qc492da86 0 6428 0
qc492da86 0 6429 0
qc492da86 0 6430 0
qc492da86 0 6431 0
qc492da86 0 6432 0
qc492da86 0 6433 0
qc492da86 0 6434 1
qc492da86 0 6435 0
qc492da86 0 6436 0
qc492da86 0 6437 0
qc492da86 0 6438 0
qc492da86 0 10675 2
qc492da86 0 186463 3
qc492da86 0 186769 1
qc492da86 0 186849 3
qc492da86 0 188372 2
qc492da86 0 188938 3
qc492da86 0 207885 0
qc492da86 0 215961 3
qc492da86 0 288420 1
qc492da86 0 291974 1
qc492da86 0 323940 0
qc492da86 0 328712 2
qc492da86 0 331161 2
qc492da86 0 371808 2
qc492da86 0 374769 3
qc492da86 0 374837 2
qc492da86 0 374896 2
qc492da86 0 375670 2
qc492da86 0 377396 1
qc492da86 0 390193 3
qc492da86 0 415008 2
qc492da86 0 415306 2
qc492da86 0 415368 3
qc492da86 0 415369 3
qc492da86 0 435229 1
qc492da86 0 454761 1
qc492da86 0 458412 2
qc492da86 0 459977 2
qc492da86 0 460200 2
qc492da86 0 464197 3
qc492da86 0 464203 3
qc492da86 0 485673 2
qc492da86 0 485969 2
qc492da86 0 490859 1
qc492da86 0 499091 3
qc492da86 0 500315 3
qc492da86 0 852047 1
qc492da86 0 4396350 0
qc492da86 0 7019593 0
qc492da86 0 7431149 0
qc492da86 0 10444996 0
qc492da86 0 13423539 0
qc492da86 0 13695384 0
qc492da86 0 16861467 2
qc492da86 0 16963319 2
qc492da86 0 16967806 3
qc492da86 0 16968161 2
qc492da86 0 16979737 1
qc492da86 0 17005926 3
qc492da86 0 17038119 2
qc492da86 0 17061518 2
qc492da86 0 17063028 3
qc492da86 0 17149014 0
qc492da86 0 17432760 3
qc492da86 0 18958400 0
qc492da86 0 19051517 0
qc492da86 0 19051608 1
qc492da86 0 19051636 1
qc492da86 0 19051664 0
qc492da86 0 19051685 1
qc492da86 0 19051701 0
qc492da86 0 19051731 0
qc492da86 0 19051753 0
qc492da86 0 19051780 1
qc492da86 0 19051794 1
qc4a7324c 0 3 0
qc4a7324c 0 8 1
qc4a7324c 0 9 0
qc4a7324c 0 10 0
qc4a7324c 0 14 0
qc4a7324c 0 15 0
qc4a7324c 0 17 2
qc4a7324c 0 20 1
qc4a7324c 0 26 1
qc4a7324c 0 27 1
qc4a7324c 0 29 0
qc4a7324c 0 31 2
qc4a7324c 0 34 0
qc4a7324c 0 36 0
qc4a7324c 0 40 0
qc4a7324c 0 6434 1
qc4a7324c 0 6436 0
qc4a7324c 0 6441 0
qc4a7324c 0 6443 0
qc4a7324c 0 6449 0
qc4a7324c 0 6456 0
qc4a7324c 0 6477 0
qc4a7324c 0 6480 0
qc4a7324c 0 6481 0
qc4a7324c 0 6503 0
qc4a7324c 0 6508 0
qc4a7324c 0 6517 0
qc4a7324c 0 6547 0
qc4a7324c 0 6549 1
qc4a7324c 0 6561 0
qc4a7324c 0 6580 0
qc4a7324c 0 6600 0
qc4a7324c 0 6601 0
qc4a7324c 0 6619 0
qc4a7324c 0 6621 0
qc4a7324c 0 94286 0
qc4a7324c 0 94329 0
qc4a7324c 0 94448 0
qc4a7324c 0 94494 0
qc4a7324c 0 94547 0
qc4a7324c 0 180671 2
qc4a7324c 0 180685 3
qc4a7324c 0 186335 3
qc4a7324c 0 187617 1
qc4a7324c 0 190068 3
qc4a7324c 0 190071 3
qc4a7324c 0 233748 2
qc4a7324c 0 248074 2
qc4a7324c 0 248085 3
qc4a7324c 0 248094 2
qc4a7324c 0 248103 2
qc4a7324c 0 248111 2
qc4a7324c 0 248119 2
qc4a7324c 0 248127 1
qc4a7324c 0 248219 2
qc4a7324c 0 248260 2
qc4a7324c 0 248283 2
qc4a7324c 0 248296 2
qc4a7324c 0 248327 2
qc4a7324c 0 248339 2
qc4a7324c 0 248352 2
qc4a7324c 0 248360 2
qc4a7324c 0 248383 2
qc4a7324c 0 248393 2
qc4a7324c 0 248602 2
qc4a7324c 0 248809 1
qc4a7324c 0 323157 0
qc4a7324c 0 324172 0
qc4a7324c 0 324189 0
qc4a7324c 0 324191 0
qc4a7324c 0 324195 0
qc4a7324c 0 335967 1
qc4a7324c 0 379354 0
qc4a7324c 0 383306 2
qc4a7324c 0 416732 3
qc4a7324c 0 416735 3
qc4a7324c 0 416748 3
qc4a7324c 0 416749 3
qc4a7324c 0 416759 3
qc4a7324c 0 416790 3
qc4a7324c 0 420178 1
qc4a7324c 0 420415 1
qc4a7324c 0 420601 1
qc4a7324c 0 434823 1
qc4a7324c 0 437853 0
qc4a7324c 0 450109 0
qc4a7324c 0 459712 1
qc4a7324c 0 466992 1
qc4a7324c 0 467165 2
qc4a7324c 0 474715 0
qc4a7324c 0 529612 0
qc4a7324c 0 530081 0
qc4a7324c 0 535074 0
qc4a7324c 0 852047 0
qc4a7324c 0 11519812 1
qc4a7324c 0 13686692 2
qc4a7324c 0 13695384 1
qc4a7324c 0 16502682 3
qc4a7324c 0 16926094 3
qc4a7324c 0 16971588 1
qc4a7324c 0 16996622 3
qc4a7324c 0 17016351 2
qc4a7324c 0 18963608 0
qc4a7324c 0 19051685 0
qc4a7324c 0 19051701 0
qc4a7324c 0 19051794 0
qc4a7324c 0 19152516 1
qc4dd8a45 0 1 2
qc4dd8a45 0 6421 0
qc4dd8a45 0 6422 0
qc4dd8a45 0 6423 0
qc4dd8a45 0 6424 0
qc4dd8a45 0 6425 0
qc4dd8a45 0 6426 0
qc4dd8a45 0 6427 0
qc4dd8a45 0 6428 0
qc4dd8a45 0 6429 0
qc4dd8a45 0 6430 0
qc4dd8a45 0 6431 0
qc4dd8a45 0 6432 0
qc4dd8a45 0 6433 0
qc4dd8a45 0 6434 0
qc4dd8a45 0 6435 0
qc4dd8a45 0 11074 1
qc4dd8a45 0 11105 2
qc4dd8a45 0 210958 0
qc4dd8a45 0 239306 2
qc4dd8a45 0 258093 1
qc4dd8a45 0 270963 2
qc4dd8a45 0 283525 2
qc4dd8a45 0 283627 1
qc4dd8a45 0 283675 1
qc4dd8a45 0 302970 0
qc4dd8a45 0 302973 0
qc4dd8a45 0 302976 0
qc4dd8a45 0 302977 0
qc4dd8a45 0 302979 1
qc4dd8a45 0 302991 0
qc4dd8a45 0 302997 0
qc4dd8a45 0 327780 3
qc4dd8a45 0 327784 3
qc4dd8a45 0 327833 3
qc4dd8a45 0 327969 2
qc4dd8a45 0 331612 1
qc4dd8a45 0 331692 3
qc4dd8a45 0 387573 0
qc4dd8a45 0 415910 0
qc4dd8a45 0 473638 0
qc4dd8a45 0 483783 2
qc4dd8a45 0 486039 0
qc4dd8a45 0 486060 1
qc4dd8a45 0 486100 0
qc4dd8a45 0 486104 0
qc4dd8a45 0 486122 3
qc4dd8a45 0 486201 1
qc4dd8a45 0 492553 2
qc4dd8a45 0 492593 2
qc4dd8a45 0 499113 0
qc4dd8a45 0 499180 0
qc4dd8a45 0 852047 0
qc4dd8a45 0 4396350 0
qc4dd8a45 0 7019593 0
qc4dd8a45 0 7431149 0
qc4dd8a45 0 10444996 0
qc4dd8a45 0 13423539 0
qc4dd8a45 0 13695384 0
qc4dd8a45 0 16940629 0
qc4dd8a45 0 17034491 0
qc4dd8a45 0 17058210 2
qc4dd8a45 0 17067021 0
qc4dd8a45 0 17149014 0
qc4dd8a45 0 18017451 3
qc4dd8a45 0 18958400 0
qc4dd8a45 0 19041621 2
qc4dd8a45 0 19051517 0
qc4dd8a45 0 19051608 1
qc4dd8a45 0 19051636 0
qc4dd8a45 0 19051664 0
qc4dd8a45 0 19051685 2
qc4dd8a45 0 19051701 0
qc4dd8a45 0 19051731 0
qc4dd8a45 0 19051753 0
qc4dd8a45 0 19051780 0
qc4dd8a45 0 19051794 1
qc4dd8a45 0 19078974 3
qc4dd8a45 0 19259143 0
qc75bfa3e 0 233 0
qc75bfa3e 0 346 0
qc75bfa3e 0 445 0
qc75bfa3e 0 799 0
qc75bfa3e 0 1114 0
qc75bfa3e 0 1116 0
qc75bfa3e 0 1118 0
qc75bfa3e 0 1120 0
qc75bfa3e 0 1122 0
qc75bfa3e 0 1342 0
qc75bfa3e 0 1639 0
qc75bfa3e 0 6436 0
qc75bfa3e 0 6441 0
qc75bfa3e 0 6508 0
qc75bfa3e 0 6670 0
qc75bfa3e 0 6680 0
qc75bfa3e 0 6687 0
qc75bfa3e 0 6697 0
qc75bfa3e 0 6706 0
qc75bfa3e 0 6713 0
qc75bfa3e 0 6752 0
qc75bfa3e 0 6779 0
qc75bfa3e 0 6834 0
qc75bfa3e 0 6852 0
qc75bfa3e 0 6869 0
qc75bfa3e 0 6880 0
qc75bfa3e 0 6911 0
qc75bfa3e 0 10933 3
qc75bfa3e 0 187227 3
qc75bfa3e 0 187262 3
qc75bfa3e 0 187279 3
qc75bfa3e 0 187681 2
qc75bfa3e 0 363398 0
qc75bfa3e 0 364094 0
qc75bfa3e 0 366684 0
qc75bfa3e 0 408979 1
qc75bfa3e 0 409084 2
qc75bfa3e 0 431477 3
qc75bfa3e 0 456839 1
qc75bfa3e 0 16946424 0
qc75bfa3e 0 16946433 0
qc75bfa3e 0 16946439 0
qc75bfa3e 0 16946442 0
qc75bfa3e 0 16946448 0
qc75bfa3e 0 16946453 0
qc75bfa3e 0 16946465 0
qc75bfa3e 0 16946512 0
qc75bfa3e 0 16946518 0
qc75bfa3e 0 16946562 0
qc75bfa3e 0 16946570 0
qc75bfa3e 0 16946597 0
qc75bfa3e 0 16946602 0
qc75bfa3e 0 16946619 0
qc75bfa3e 0 16946624 0
qc75bfa3e 0 16946628 0
qc75bfa3e 0 16971578 1
qc75bfa3e 0 16996074 3
qc75bfa3e 0 16996076 2
qc75bfa3e 0 17414397 3
qc75bfa3e 0 17414765 3
qc75bfa3e 0 17420487 3
qc75bfa3e 0 17421945 3
qc75bfa3e 0 17422414 3
qc75bfa3e 0 17422418 3
qc75bfa3e 0 17422684 3
qc75bfa3e 0 17423473 3
qc75bfa3e 0 17424018 3
qc75bfa3e 0 17424026 3
qc75bfa3e 0 17424444 3
qc75bfa3e 0 17424769 3
qc75bfa3e 0 17425265 3
qc8c6eeb9 0 1 0
qc8c6eeb9 0 6421 0
qc8c6eeb9 0 6422 0
qc8c6eeb9 0 6423 0
qc8c6eeb9 0 6424 0
qc8c6eeb9 0 6425 0
qc8c6eeb9 0 6426 0
qc8c6eeb9 0 6427 0
qc8c6eeb9 0 6428 0
qc8c6eeb9 0 6429 0
qc8c6eeb9 0 6430 0
qc8c6eeb9 0 6431 0
qc8c6eeb9 0 6432 0
qc8c6eeb9 0 6433 0
qc8c6eeb9 0 6434 0
qc8c6eeb9 0 6435 0
qc8c6eeb9 0 6436 0
qc8c6eeb9 0 6437 0
qc8c6eeb9 0 6438 0
qc8c6eeb9 0 191513 0
qc8c6eeb9 0 245400 0
qc8c6eeb9 0 245872 0
qc8c6eeb9 0 246317 1
qc8c6eeb9 0 246330 1
qc8c6eeb9 0 246370 1
qc8c6eeb9 0 246612 0
qc8c6eeb9 0 246963 0
qc8c6eeb9 0 247227 0
qc8c6eeb9 0 260300 1
qc8c6eeb9 0 260304 2
qc8c6eeb9 0 260306 1
qc8c6eeb9 0 260309 2
qc8c6eeb9 0 260312 1
qc8c6eeb9 0 260314 0
qc8c6eeb9 0 260318 3
qc8c6eeb9 0 260321 3
qc8c6eeb9 0 260324 2
qc8c6eeb9 0 260325 2
qc8c6eeb9 0 260327 2
qc8c6eeb9 0 260330 2
qc8c6eeb9 0 260333 2
qc8c6eeb9 0 260335 2
qc8c6eeb9 0 260338 2
qc8c6eeb9 0 260340 2
qc8c6eeb9 0 260343 2
qc8c6eeb9 0 287036 0
qc8c6eeb9 0 297721 1
qc8c6eeb9 0 311945 2
qc8c6eeb9 0 312756 0
qc8c6eeb9 0 312865 0
qc8c6eeb9 0 327008 2
qc8c6eeb9 0 359924 0
qc8c6eeb9 0 359925 0
qc8c6eeb9 0 359926 1
qc8c6eeb9 0 415573 1
qc8c6eeb9 0 425399 0
qc8c6eeb9 0 436112 0
qc8c6eeb9 0 473938 0
qc8c6eeb9 0 852047 0
qc8c6eeb9 0 4086315 2
qc8c6eeb9 0 4396350 0
qc8c6eeb9 0 7019593 0
qc8c6eeb9 0 7431149 0
qc8c6eeb9 0 10444996 0
qc8c6eeb9 0 13423539 0
qc8c6eeb9 0 13695384 0
qc8c6eeb9 0 14341372 1
qc8c6eeb9 0 15540026 3
qc8c6eeb9 0 16881086 0
qc8c6eeb9 0 16881925 1
qc8c6eeb9 0 16882055 0
qc8c6eeb9 0 16882410 1
qc8c6eeb9 0 16882718 1
qc8c6eeb9 0 16884877 1
qc8c6eeb9 0 16885024 0
qc8c6eeb9 0 16885443 1
qc8c6eeb9 0 16886719 0
qc8c6eeb9 0 16888017 1
qc8c6eeb9 0 16889940 2
qc8c6eeb9 0 16890544 0
qc8c6eeb9 0 16891369 0
qc8c6eeb9 0 16891442 1
qc8c6eeb9 0 16891616 1
qc8c6eeb9 0 16892342 1
qc8c6eeb9 0 16892365 1
qc8c6eeb9 0 16892463 1
qc8c6eeb9 0 16892613 1
qc8c6eeb9 0 16892799 0
qc8c6eeb9 0 16892828 1
qc8c6eeb9 0 16892963 1
qc8c6eeb9 0 16893098 1
qc8c6eeb9 0 16893228 0
qc8c6eeb9 0 16893365 1
qc8c6eeb9 0 16893474 1
qc8c6eeb9 0 16893499 0
qc8c6eeb9 0 16967657 0
qc8c6eeb9 0 17029096 0
qc8c6eeb9 0 17149014 0
qc8c6eeb9 0 18845043 1
qc8c6eeb9 0 18958400 0
qc8c6eeb9 0 19051517 0
qc8c6eeb9 0 19051608 0
qc8c6eeb9 0 19051636 0
qc8c6eeb9 0 19051664 1
qc8c6eeb9 0 19051685 0
qc8c6eeb9 0 19051701 0
qc8c6eeb9 0 19051731 0
qc8c6eeb9 0 19051753 0
qc8c6eeb9 0 19051780 0
qc8c6eeb9 0 19051794 0
qc8c6eeb9 0 19320056 3
qc8c6eeb9 0 19320071 3
qc8c6eeb9 0 19320080 1
qc8c6eeb9 0 19320092 3
qc8c6eeb9 0 19320101 2
qc8c72ffa 0 185 1
qc8c72ffa 0 233 2
qc8c72ffa 0 302 0
qc8c72ffa 0 346 1
qc8c72ffa 0 445 0
qc8c72ffa 0 481 0
qc8c72ffa 0 705 1
qc8c72ffa 0 799 0
qc8c72ffa 0 936 0
qc8c72ffa 0 985 1
qc8c72ffa 0 1101 1
qc8c72ffa 0 1107 1
qc8c72ffa 0 1114 3
qc8c72ffa 0 1116 3
qc8c72ffa 0 1118 3
qc8c72ffa 0 1120 3
qc8c72ffa 0 1122 3
qc8c72ffa 0 1342 0
qc8c72ffa 0 1371 1
qc8c72ffa 0 1485 1
qc8c72ffa 0 6436 0
qc8c72ffa 0 6441 0
qc8c72ffa 0 6508 0
qc8c72ffa 0 6670 0
qc8c72ffa 0 6680 0
qc8c72ffa 0 6687 0
qc8c72ffa 0 6697 0
qc8c72ffa 0 6706 0
qc8c72ffa 0 6713 0
qc8c72ffa 0 6752 0
qc8c72ffa 0 6779 0
qc8c72ffa 0 6800 0
qc8c72ffa 0 6834 0
qc8c72ffa 0 6852 0
qc8c72ffa 0 6869 0
qc8c72ffa 0 6880 0
qc8c72ffa 0 6911 0
qc8c72ffa 0 473850 1
qc8c72ffa 0 473861 1
qc8c72ffa 0 473876 1
qc8c72ffa 0 473883 1
qc8c72ffa 0 473904 1
qc8c72ffa 0 473914 1
qc8c72ffa 0 473916 1
qc8c72ffa 0 473922 1
qc8c72ffa 0 473927 1
qc8c72ffa 0 473935 1
qc8c72ffa 0 473953 1
qc8c72ffa 0 474032 1
qc8c72ffa 0 474078 1
qc8c72ffa 0 474084 1
qc8c72ffa 0 474087 1
qc8c72ffa 0 474089 1
qc8c72ffa 0 475620 1
qc8c72ffa 0 475706 1
qc8c72ffa 0 476096 1
qc8c72ffa 0 476211 1
qc8c72ffa 0 16896324 3
qc8c72ffa 0 16897178 3
qc8c72ffa 0 17033633 3
qc8c72ffa 0 17033823 3
qc8c72ffa 0 17034184 3
qc8c72ffa 0 17034265 3
qc8c72ffa 0 17034359 3
qc8c72ffa 0 17034467 3
qc8c72ffa 0 17034487 3
qc8c72ffa 0 17034552 3
qc8c72ffa 0 17034569 3
qc8c72ffa 0 17034743 3
qc8c72ffa 0 17034747 3
qc8c72ffa 0 17034783 3
qc8c72ffa 0 17034787 3
qc8c72ffa 0 17034849 3
qc8c72ffa 0 17035046 3
qc8c72ffa 0 17035073 3
qc8c72ffa 0 17035160 3
qc8c72ffa 0 17035265 3
qc93c03ba 0 1 0
qc93c03ba 0 6421 0
qc93c03ba 0 6422 0
qc93c03ba 0 6423 0
qc93c03ba 0 6424 0
qc93c03ba 0 6425 0
qc93c03ba 0 6426 0
qc93c03ba 0 6427 0
qc93c03ba 0 6428 0
qc93c03ba 0 6429 0
qc93c03ba 0 6430 0
qc93c03ba 0 6431 0
qc93c03ba 0 6432 0
qc93c03ba 0 6433 0
qc93c03ba 0 6434 0
qc93c03ba 0 6435 0
qc93c03ba 0 6436 0
qc93c03ba 0 6437 0
qc93c03ba 0 6438 0
qc93c03ba 0 186707 3
qc93c03ba 0 186738 2
qc93c03ba 0 187121 1
qc93c03ba 0 187977 3
qc93c03ba 0 190839 2
qc93c03ba 0 191939 3
qc93c03ba 0 195271 3
qc93c03ba 0 195279 2
qc93c03ba 0 209612 2
qc93c03ba 0 209801 2
qc93c03ba 0 210858 1
qc93c03ba 0 210884 1
qc93c03ba 0 211345 2
qc93c03ba 0 211510 1
qc93c03ba 0 211515 2
qc93c03ba 0 211635 1
qc93c03ba 0 211661 1
qc93c03ba 0 222890 2
qc93c03ba 0 222896 2
qc93c03ba 0 323371 0
qc93c03ba 0 323392 3
qc93c03ba 0 373262 3
qc93c03ba 0 414331 2
qc93c03ba 0 852047 0
qc93c03ba 0 4190716 3
qc93c03ba 0 4396350 0
qc93c03ba 0 7019593 0
qc93c03ba 0 7431149 0
qc93c03ba 0 10444996 0
qc93c03ba 0 13423539 0
qc93c03ba 0 13695384 0
qc93c03ba 0 16879703 3
qc93c03ba 0 16879742 3
qc93c03ba 0 16879783 3
qc93c03ba 0 16880548 3
qc93c03ba 0 16880580 3
qc93c03ba 0 16916248 3
qc93c03ba 0 16916413 3
qc93c03ba 0 16916686 3
qc93c03ba 0 16936326 3
qc93c03ba 0 16936408 3
qc93c03ba 0 16936435 3
qc93c03ba 0 16936687 3
qc93c03ba 0 16936740 3
qc93c03ba 0 16937061 3
qc93c03ba 0 16937074 2
qc93c03ba 0 16937178 2
qc93c03ba 0 16937278 3
qc93c03ba 0 16937481 1
qc93c03ba 0 16937646 3
qc93c03ba 0 16937937 3
qc93c03ba 0 16937991 3
qc93c03ba 0 16938020 3
qc93c03ba 0 16938211 2
qc93c03ba 0 16938347 3
qc93c03ba 0 16938423 2
qc93c03ba 0 16938471 3
qc93c03ba 0 16942838 3
qc93c03ba 0 16979892 3
qc93c03ba 0 17001088 2
qc93c03ba 0 17002079 3
qc93c03ba 0 17002573 2
qc93c03ba 0 17002598 1
qc93c03ba 0 17002818 2
qc93c03ba 0 17003894 1
qc93c03ba 0 17004437 2
qc93c03ba 0 17005014 1
qc93c03ba 0 17005126 1
qc93c03ba 0 17007461 1
qc93c03ba 0 17007559 1
qc93c03ba 0 17007974 1
qc93c03ba 0 17014665 1
qc93c03ba 0 17149014 0
qc93c03ba 0 17430900 3
qc93c03ba 0 18958400 0
qc93c03ba 0 18989231 3
qc93c03ba 0 19051517 0
qc93c03ba 0 19051608 0
qc93c03ba 0 19051636 0
qc93c03ba 0 19051664 0
qc93c03ba 0 19051685 0
qc93c03ba 0 19051701 0
qc93c03ba 0 19051731 0
qc93c03ba 0 19051753 0
qc93c03ba 0 19051780 0
qc93c03ba 0 19051794 0
qc93c03ba 0 19175662 1
qca59a46e 0 1 0
qca59a46e 0 6421 0
qca59a46e 0 6422 0
qca59a46e 0 6423 0
qca59a46e 0 6424 0
qca59a46e 0 6425 0
qca59a46e 0 6426 0
qca59a46e 0 6427 0
qca59a46e 0 6428 0
qca59a46e 0 6429 0
qca59a46e 0 6430 0
qca59a46e 0 6431 0
qca59a46e 0 6432 0
qca59a46e 0 6433 0
qca59a46e 0 6434 0
qca59a46e 0 6435 0
qca59a46e 0 6436 0
qca59a46e 0 6437 0
qca59a46e 0 6438 0
qca59a46e 0 11563 1
qca59a46e 0 11564 1
qca59a46e 0 11565 1
qca59a46e 0 11566 1
qca59a46e 0 11567 1
qca59a46e 0 11568 1
qca59a46e 0 11569 1
qca59a46e 0 11570 1
qca59a46e 0 11571 1
qca59a46e 0 11572 1
qca59a46e 0 11573 1
qca59a46e 0 11574 1
qca59a46e 0 11575 1
qca59a46e 0 11576 1
qca59a46e 0 11577 0
qca59a46e 0 11578 0
qca59a46e 0 11579 1
qca59a46e 0 11580 1
qca59a46e 0 14422 1
qca59a46e 0 179273 0
qca59a46e 0 240582 0
qca59a46e 0 297184 1
qca59a46e 0 304607 0
qca59a46e 0 304691 0
qca59a46e 0 321961 1
qca59a46e 0 331794 0
qca59a46e 0 333891 0
qca59a46e 0 334026 1
qca59a46e 0 334311 1
qca59a46e 0 334393 2
qca59a46e 0 335015 0
qca59a46e 0 335463 1
qca59a46e 0 335722 0
qca59a46e 0 336241 0
qca59a46e 0 336264 2
qca59a46e 0 336289 1
qca59a46e 0 336292 1
qca59a46e 0 336381 0
qca59a46e 0 336387 0
qca59a46e 0 336394 1
qca59a46e 0 336416 0
qca59a46e 0 336454 1
qca59a46e 0 338128 2
qca59a46e 0 338160 1
qca59a46e 0 338804 1
qca59a46e 0 344368 2
qca59a46e 0 344383 1
qca59a46e 0 344412 1
qca59a46e 0 350910 0
qca59a46e 0 388940 1
qca59a46e 0 417055 1
qca59a46e 0 417083 3
qca59a46e 0 417304 0
qca59a46e 0 489690 0
qca59a46e 0 504469 1
qca59a46e 0 530740 0
qca59a46e 0 531678 0
qca59a46e 0 531917 0
qca59a46e 0 852047 0
qca59a46e 0 3905136 1
qca59a46e 0 4396350 0
qca59a46e 0 7019593 0
qca59a46e 0 7431149 0
qca59a46e 0 10444996 0
qca59a46e 0 13423539 0
qca59a46e 0 13695384 0
qca59a46e 0 13934522 1
qca59a46e 0 16974503 1
qca59a46e 0 16977355 1
qca59a46e 0 16977572 1
qca59a46e 0 17054980 0
qca59a46e 0 17149014 0
qca59a46e 0 17432803 1
qca59a46e 0 17433816 1
qca59a46e 0 18958400 0
qca59a46e 0 19051517 0
qca59a46e 0 19051608 0
qca59a46e 0 19051636 0
qca59a46e 0 19051664 0
qca59a46e 0 19051685 0
qca59a46e 0 19051701 0
qca59a46e 0 19051731 0
qca59a46e 0 19051753 0
qca59a46e 0 19051780 0
qca59a46e 0 19051794 0
qca59a46e 0 19312390 1
qca59a46e 0 19312409 1
qca59a46e 0 19312419 1
qca59a46e 0 19312428 0
qca59a46e 0 19312436 0
qcac14f6f 0 2 0
qcac14f6f 0 3 0
qcac14f6f 0 4 0
qcac14f6f 0 6 0
qcac14f6f 0 7 0
qcac14f6f 0 8 0
qcac14f6f 0 9 0
qcac14f6f 0 10 0
qcac14f6f 0 13 0
qcac14f6f 0 14 0
qcac14f6f 0 15 0
qcac14f6f 0 16 0
qcac14f6f 0 6422 0
qcac14f6f 0 6434 0
qcac14f6f 0 171273 0
qcac14f6f 0 237213 0
qcac14f6f 0 239264 0
qcac14f6f 0 239304 0
qcac14f6f 0 317646 3
qcac14f6f 0 424346 1
qcac14f6f 0 424348 0
qcac14f6f 0 424366 0
qcac14f6f 0 424464 0
qcac14f6f 0 454442 0
qcac14f6f 0 474555 0
qcac14f6f 0 852047 0
qcac14f6f 0 4396350 0
qcac14f6f 0 7431149 0
qcac14f6f 0 10444996 0
qcac14f6f 0 10582253 0
qcac14f6f 0 13695384 0
qcac14f6f 0 16886228 0
qcac14f6f 0 16899055 1
qcac14f6f 0 16899075 1
qcac14f6f 0 16899125 1
qcac14f6f 0 16925916 0
qcac14f6f 0 16925933 0
qcac14f6f 0 16940626 0
qcac14f6f 0 16944591 0
qcac14f6f 0 16967753 0
qcac14f6f 0 16967759 2
qcac14f6f 0 16967765 3
qcac14f6f 0 16967771 1
qcac14f6f 0 16967784 3
qcac14f6f 0 16983370 1
qcac14f6f 0 16983494 1
qcac14f6f 0 16983534 1
qcac14f6f 0 16988080 1
qcac14f6f 0 17012418 2
qcac14f6f 0 17012455 1
qcac14f6f 0 17012472 1
qcac14f6f 0 17012510 0
qcac14f6f 0 17012547 1
qcac14f6f 0 17012592 3
qcac14f6f 0 17012625 0
qcac14f6f 0 17012647 2
qcac14f6f 0 17012653 1
qcac14f6f 0 17021568 0
qcac14f6f 0 17149014 0
qcac14f6f 0 17415930 1
qcac14f6f 0 17415936 2
qcac14f6f 0 18958400 0
qcac14f6f 0 19047509 0
qcac14f6f 0 19051517 0
qcac14f6f 0 19051608 0
qcac14f6f 0 19051636 0
qcac14f6f 0 19051685 0
qcac14f6f 0 19051701 1
qcac14f6f 0 19051753 0
qcac14f6f 0 19051794 0
qcac14f6f 0 19119883 0
qcac14f6f 0 19315097 1
qcac14f6f 0 19378863 3
qcbfee4c1 0 1 0
qcbfee4c1 0 6421 0
qcbfee4c1 0 6422 0
qcbfee4c1 0 6423 0
qcbfee4c1 0 6424 0
qcbfee4c1 0 6425 0
qcbfee4c1 0 6426 0
qcbfee4c1 0 6427 0
qcbfee4c1 0 6428 0
qcbfee4c1 0 6429 0
qcbfee4c1 0 6430 0
qcbfee4c1 0 6431 0
qcbfee4c1 0 6432 0
qcbfee4c1 0 6433 0
qcbfee4c1 0 6434 0
qcbfee4c1 0 6435 0
qcbfee4c1 0 6436 0
qcbfee4c1 0 6437 0
qcbfee4c1 0 6438 0
qcbfee4c1 0 288220 3
qcbfee4c1 0 288223 3
qcbfee4c1 0 288240 3
qcbfee4c1 0 288243 3
qcbfee4c1 0 288267 3
qcbfee4c1 0 288270 3
qcbfee4c1 0 288570 3
qcbfee4c1 0 288986 3
qcbfee4c1 0 288989 3
qcbfee4c1 0 289001 3
qcbfee4c1 0 289279 3
qcbfee4c1 0 289280 3
qcbfee4c1 0 289293 3
qcbfee4c1 0 289294 3
qcbfee4c1 0 289315 3
qcbfee4c1 0 289316 3
qcbfee4c1 0 289334 3
qcbfee4c1 0 289338 3
qcbfee4c1 0 289378 3
qcbfee4c1 0 289650 3
qcbfee4c1 0 289803 3
qcbfee4c1 0 289817 3
qcbfee4c1 0 289951 3
qcbfee4c1 0 289980 3
qcbfee4c1 0 290475 3
qcbfee4c1 0 290729 3
qcbfee4c1 0 290965 3
qcbfee4c1 0 291381 3
qcbfee4c1 0 291469 3
qcbfee4c1 0 291606 3
qcbfee4c1 0 291801 3
qcbfee4c1 0 292066 3
qcbfee4c1 0 292080 3
qcbfee4c1 0 292102 3
qcbfee4c1 0 292241 3
qcbfee4c1 0 292267 3
qcbfee4c1 0 292270 3
qcbfee4c1 0 292292 3
qcbfee4c1 0 292460 3
qcbfee4c1 0 292554 3
qcbfee4c1 0 292574 3
qcbfee4c1 0 292617 3
qcbfee4c1 0 292643 3
qcbfee4c1 0 292697 3
qcbfee4c1 0 292885 3
qcbfee4c1 0 852047 0
qcbfee4c1 0 4396350 0
qcbfee4c1 0 7019593 0
qcbfee4c1 0 7431149 0
qcbfee4c1 0 10444996 0
qcbfee4c1 0 13423539 0
qcbfee4c1 0 13695384 0
qcbfee4c1 0 17149014 0
qcbfee4c1 0 18958400 0
qcbfee4c1 0 19051517 0
qcbfee4c1 0 19051608 0
qcbfee4c1 0 19051636 0
qcbfee4c1 0 19051664 0
qcbfee4c1 0 19051685 0
qcbfee4c1 0 19051701 0
qcbfee4c1 0 19051731 0
qcbfee4c1 0 19051753 0
qcbfee4c1 0 19051780 0
qcbfee4c1 0 19051794 0
qce034bad 0 1 0
qce034bad 0 116 3
qce034bad 0 2022 3
qce034bad 0 6421 0
qce034bad 0 6422 0
qce034bad 0 6423 0
qce034bad 0 6424 0
qce034bad 0 6425 0
qce034bad 0 6426 0
qce034bad 0 6427 0
qce034bad 0 6428 0
qce034bad 0 6429 0
qce034bad 0 6430 0
qce034bad 0 6431 0
qce034bad 0 6432 0
qce034bad 0 6433 0
qce034bad 0 6434 0
qce034bad 0 6435 0
qce034bad 0 6436 0
qce034bad 0 6437 0
qce034bad 0 6438 0
qce034bad 0 11511 2
qce034bad 0 179061 3
qce034bad 0 179652 3
qce034bad 0 179884 3
qce034bad 0 179890 3
qce034bad 0 179891 3
qce034bad 0 181153 0
qce034bad 0 181744 2
qce034bad 0 183834 3
qce034bad 0 235361 1
qce034bad 0 240435 0
qce034bad 0 246658 0
qce034bad 0 246661 0
qce034bad 0 271625 0
qce034bad 0 281584 2
qce034bad 0 300771 3
qce034bad 0 303031 1
qce034bad 0 305737 2
qce034bad 0 321352 2
qce034bad 0 323477 3
qce034bad 0 425200 1
qce034bad 0 427841 1
qce034bad 0 484232 1
qce034bad 0 486121 3
qce034bad 0 486844 2
qce034bad 0 488007 1
qce034bad 0 490184 0
qce034bad 0 492607 1
qce034bad 0 493581 1
qce034bad 0 493608 1
qce034bad 0 493704 1
qce034bad 0 493875 2
qce034bad 0 493899 2
qce034bad 0 493940 2
qce034bad 0 499138 2
qce034bad 0 499559 2
qce034bad 0 541757 3
qce034bad 0 852047 0
qce034bad 0 4396350 0
qce034bad 0 7019593 0
qce034bad 0 7431149 0
qce034bad 0 10444996 0
qce034bad 0 13423539 0
qce034bad 0 13695384 0
qce034bad 0 16856260 1
qce034bad 0 16858788 2
qce034bad 0 16933400 2
qce034bad 0 16949088 1
qce034bad 0 16951398 1
qce034bad 0 16951546 1
qce034bad 0 16968125 2
qce034bad 0 17064809 2
qce034bad 0 17064877 1
qce034bad 0 17068083 1
qce034bad 0 17070550 1
qce034bad 0 17073736 1
qce034bad 0 17149014 0
qce034bad 0 18958400 0
qce034bad 0 19051517 0
qce034bad 0 19051608 0
qce034bad 0 19051636 0
qce034bad 0 19051664 0
qce034bad 0 19051685 1
qce034bad 0 19051701 0
qce034bad 0 19051731 0
qce034bad 0 19051753 0
qce034bad 0 19051780 0
qce034bad 0 19051794 0
qce034bad 0 19323373 3
qce335203 0 1 1
qce335203 0 6421 0
qce335203 0 6422 0
qce335203 0 6423 0
qce335203 0 6424 0
qce335203 0 6425 0
qce335203 0 6426 0
qce335203 0 6427 0
qce335203 0 6428 0
qce335203 0 6429 0
qce335203 0 6430 0
qce335203 0 6431 0
qce335203 0 6432 0
qce335203 0 6433 0
qce335203 0 6434 0
qce335203 0 6435 0
qce335203 0 6436 0
qce335203 0 6437 0
qce335203 0 6438 0
qce335203 0 388567 3
qce335203 0 388909 3
qce335203 0 389339 3
qce335203 0 389373 3
qce335203 0 389380 3
qce335203 0 389449 3
qce335203 0 389672 3
qce335203 0 389736 3
qce335203 0 389739 3
qce335203 0 389751 3
qce335203 0 389829 3
qce335203 0 389964 3
qce335203 0 389976 3
qce335203 0 390056 3
qce335203 0 390126 3
qce335203 0 390157 3
qce335203 0 390202 3
qce335203 0 390213 3
qce335203 0 390214 3
qce335203 0 390215 3
qce335203 0 390294 3
qce335203 0 534936 1
qce335203 0 534937 1
qce335203 0 534938 1
qce335203 0 534939 1
qce335203 0 534940 1
qce335203 0 534941 1
qce335203 0 534942 1
qce335203 0 534943 1
qce335203 0 534944 1
qce335203 0 534946 1
qce335203 0 534947 1
qce335203 0 534948 1
qce335203 0 534949 1
qce335203 0 534950 1
qce335203 0 534951 1
qce335203 0 534952 1
qce335203 0 534953 1
qce335203 0 534954 1
qce335203 0 534955 1
qce335203 0 534956 1
qce335203 0 852047 1
qce335203 0 4396350 1
qce335203 0 7019593 0
qce335203 0 7431149 1
qce335203 0 10444996 1
qce335203 0 13423539 0
qce335203 0 13695384 1
qce335203 0 16853468 1
qce335203 0 16853892 1
qce335203 0 16856753 1
qce335203 0 16912636 0
qce335203 0 16913056 0
qce335203 0 16914268 0
qce335203 0 16915243 0
qce335203 0 16915483 0
qce335203 0 16974440 0
qce335203 0 17149014 1
qce335203 0 18704732 0
qce335203 0 18958400 0
qce335203 0 19051517 1
qce335203 0 19051608 1
qce335203 0 19051636 1
qce335203 0 19051664 1
qce335203 0 19051685 1
qce335203 0 19051701 1
qce335203 0 19051731 1
qce335203 0 19051753 1
qce335203 0 19051780 1
qce335203 0 19051794 1
qcf4daaaf 0 1 0
qcf4daaaf 0 6421 0
qcf4daaaf 0 6422 0
qcf4daaaf 0 6423 0
qcf4daaaf 0 6424 0
qcf4daaaf 0 6425 0
qcf4daaaf 0 6426 0
qcf4daaaf 0 6427 0
qcf4daaaf 0 6428 0
qcf4daaaf 0 6429 0
qcf4daaaf 0 6430 0
qcf4daaaf 0 6431 0
qcf4daaaf 0 6432 0
qcf4daaaf 0 6433 0
qcf4daaaf 0 6434 0
qcf4daaaf 0 6435 0
qcf4daaaf 0 6436 0
qcf4daaaf 0 6437 1
qcf4daaaf 0 6438 0
qcf4daaaf 0 183205 0
qcf4daaaf 0 184110 0
qcf4daaaf 0 203484 0
qcf4daaaf 0 203907 0
qcf4daaaf 0 225957 0
qcf4daaaf 0 225958 0
qcf4daaaf 0 225963 0
qcf4daaaf 0 225976 0
qcf4daaaf 0 226056 0
qcf4daaaf 0 278351 1
qcf4daaaf 0 296754 0
qcf4daaaf 0 296792 0
qcf4daaaf 0 303648 0
qcf4daaaf 0 304448 0
qcf4daaaf 0 304537 0
qcf4daaaf 0 310031 0
qcf4daaaf 0 313164 3
qcf4daaaf 0 356349 0
qcf4daaaf 0 356358 0
qcf4daaaf 0 356379 0
qcf4daaaf 0 361332 0
qcf4daaaf 0 361346 0
qcf4daaaf 0 371067 3
qcf4daaaf 0 387495 0
qcf4daaaf 0 387573 0
qcf4daaaf 0 393205 0
qcf4daaaf 0 393870 1
qcf4daaaf 0 395682 1
qcf4daaaf 0 424700 1
qcf4daaaf 0 470356 2
qcf4daaaf 0 488393 0
qcf4daaaf 0 499436 0
qcf4daaaf 0 524329 1
qcf4daaaf 0 524333 2
qcf4daaaf 0 524981 3
qcf4daaaf 0 525302 2
qcf4daaaf 0 525506 2
qcf4daaaf 0 525524 2
qcf4daaaf 0 852047 0
qcf4daaaf 0 4396350 0
qcf4daaaf 0 7019593 0
qcf4daaaf 0 7431149 0
qcf4daaaf 0 10444996 0
qcf4daaaf 0 13423539 0
qcf4daaaf 0 13695384 0
qcf4daaaf 0 16477165 3
qcf4daaaf 0 16886208 0
qcf4daaaf 0 16899806 0
qcf4daaaf 0 16900726 2
qcf4daaaf 0 16916134 0
qcf4daaaf 0 16928552 1
qcf4daaaf 0 16940668 0
qcf4daaaf 0 16948836 0
qcf4daaaf 0 16956534 0
qcf4daaaf 0 17029843 1
qcf4daaaf 0 17149014 0
qcf4daaaf 0 17432553 0
qcf4daaaf 0 17435664 0
qcf4daaaf 0 18958400 0
qcf4daaaf 0 19051517 0
qcf4daaaf 0 19051608 0
qcf4daaaf 0 19051636 0
qcf4daaaf 0 19051664 0
qcf4daaaf 0 19051685 0
qcf4daaaf 0 19051701 0
qcf4daaaf 0 19051731 0
qcf4daaaf 0 19051753 0
qcf4daaaf 0 19051780 0
qcf4daaaf 0 19051794 0
qd59be64f 0 1 0
qd59be64f 0 2498 2
qd59be64f 0 6421 0
qd59be64f 0 6422 0
qd59be64f 0 6423 0
qd59be64f 0 6424 0
qd59be64f 0 6425 0
qd59be64f 0 6426 0
qd59be64f 0 6427 0
qd59be64f 0 6428 0
qd59be64f 0 6429 0
qd59be64f 0 6430 0
qd59be64f 0 6431 0
qd59be64f 0 6432 0
qd59be64f 0 6433 0
qd59be64f 0 6434 1
qd59be64f 0 6435 0
qd59be64f 0 6436 0
qd59be64f 0 6437 0
qd59be64f 0 6438 0
qd59be64f 0 168082 2
qd59be64f 0 182407 3
qd59be64f 0 209411 0
qd59be64f 0 211308 2
qd59be64f 0 211315 0
qd59be64f 0 216848 2
qd59be64f 0 227406 2
qd59be64f 0 228027 0
qd59be64f 0 231379 0
qd59be64f 0 235001 0
qd59be64f 0 235563 1
qd59be64f 0 235700 3
qd59be64f 0 235965 1
qd59be64f 0 237284 0
qd59be64f 0 237451 0
qd59be64f 0 238272 0
qd59be64f 0 248887 1
qd59be64f 0 249269 1
qd59be64f 0 249995 3
qd59be64f 0 279635 2
qd59be64f 0 279760 2
qd59be64f 0 312850 0
qd59be64f 0 324201 0
qd59be64f 0 324812 0
qd59be64f 0 370830 2
qd59be64f 0 375254 2
qd59be64f 0 379364 0
qd59be64f 0 380736 1
qd59be64f 0 381046 1
qd59be64f 0 388963 0
qd59be64f 0 416864 3
qd59be64f 0 416923 3
qd59be64f 0 434871 0
qd59be64f 0 457399 0
qd59be64f 0 457408 0
qd59be64f 0 467218 0
qd59be64f 0 529580 0
qd59be64f 0 852047 1
qd59be64f 0 856663 0
qd59be64f 0 4396350 0
qd59be64f 0 7019593 0
qd59be64f 0 7431149 0
qd59be64f 0 10444996 0
qd59be64f 0 13423539 0
qd59be64f 0 13695384 1
qd59be64f 0 16850467 0
qd59be64f 0 16861262 2
qd59be64f 0 16865080 1
qd59be64f 0 16874272 1
qd59be64f 0 16879075 3
qd59be64f 0 16886076 0
qd59be64f 0 16886133 0
qd59be64f 0 16927021 0
qd59be64f 0 16927387 0
qd59be64f 0 16927596 0
qd59be64f 0 16958070 2
qd59be64f 0 17149014 0
qd59be64f 0 18958400 0
qd59be64f 0 19051517 0
qd59be64f 0 19051608 0
qd59be64f 0 19051636 0
qd59be64f 0 19051664 0
qd59be64f 0 19051685 0
qd59be64f 0 19051701 0
qd59be64f 0 19051731 0
qd59be64f 0 19051753 0
qd59be64f 0 19051780 1
qd59be64f 0 19051794 0
qd6955871 0 1 0
qd6955871 0 6421 0
qd6955871 0 6422 0
qd6955871 0 6423 0
qd6955871 0 6424 0
qd6955871 0 6425 0
qd6955871 0 6426 0
qd6955871 0 6427 0
qd6955871 0 6428 0
qd6955871 0 6429 0
qd6955871 0 6430 0
qd6955871 0 6431 0
qd6955871 0 6432 0
qd6955871 0 6433 0
qd6955871 0 6434 0
qd6955871 0 6435 0
qd6955871 0 6436 0
qd6955871 0 6437 0
qd6955871 0 6438 0
qd6955871 0 204164 0
qd6955871 0 204499 2
qd6955871 0 206040 2
qd6955871 0 214998 0
qd6955871 0 235930 3
qd6955871 0 237235 2
qd6955871 0 237841 0
qd6955871 0 257742 0
qd6955871 0 303011 1
qd6955871 0 303181 0
qd6955871 0 303202 0
qd6955871 0 303660 0
qd6955871 0 305189 0
qd6955871 0 317191 2
qd6955871 0 324171 0
qd6955871 0 324173 0
qd6955871 0 324176 0
qd6955871 0 324182 0
qd6955871 0 363310 2
qd6955871 0 389661 1
qd6955871 0 436541 0
qd6955871 0 436543 0
qd6955871 0 436729 0
qd6955871 0 443993 2
qd6955871 0 453633 1
qd6955871 0 454160 0
qd6955871 0 454945 0
qd6955871 0 474873 0
qd6955871 0 483813 0
qd6955871 0 486895 0
qd6955871 0 512909 1
qd6955871 0 852047 0
qd6955871 0 4396350 0
qd6955871 0 7019593 0
qd6955871 0 7431149 0
qd6955871 0 10444996 0
qd6955871 0 13423539 0
qd6955871 0 13695384 0
qd6955871 0 16869411 3
qd6955871 0 16872420 2
qd6955871 0 16886150 0
qd6955871 0 16889006 1
qd6955871 0 16890690 0
qd6955871 0 16892853 1
qd6955871 0 16917999 2
qd6955871 0 16947480 0
qd6955871 0 16948313 0
qd6955871 0 16949190 0
qd6955871 0 16950540 0
qd6955871 0 16952680 0
qd6955871 0 16970935 0
qd6955871 0 16975331 0
qd6955871 0 16976030 0
qd6955871 0 16976042 0
qd6955871 0 16979336 0
qd6955871 0 17025282 1
qd6955871 0 17066413 0
qd6955871 0 17069945 1
qd6955871 0 17070217 3
qd6955871 0 17149014 0
qd6955871 0 17437961 0
qd6955871 0 18958400 0
qd6955871 0 19051517 0
qd6955871 0 19051608 0
qd6955871 0 19051636 0
qd6955871 0 19051664 0
qd6955871 0 19051685 0
qd6955871 0 19051701 0
qd6955871 0 19051731 0
qd6955871 0 19051753 0
qd6955871 0 19051780 0
qd6955871 0 19051794 0
qd7e3b996 0 1 0
qd7e3b996 0 6421 0
qd7e3b996 0 6422 0
qd7e3b996 0 6423 0
qd7e3b996 0 6424 0
qd7e3b996 0 6425 0
qd7e3b996 0 6426 0
qd7e3b996 0 6427 0
qd7e3b996 0 6428 0
qd7e3b996 0 6429 0
qd7e3b996 0 6430 0
qd7e3b996 0 6431 0
qd7e3b996 0 6432 0
qd7e3b996 0 6433 0
qd7e3b996 0 6434 0
qd7e3b996 0 6435 0
qd7e3b996 0 6436 0
qd7e3b996 0 6437 0
qd7e3b996 0 6438 0
qd7e3b996 0 186749 1
qd7e3b996 0 187029 0
qd7e3b996 0 191018 0
qd7e3b996 0 211356 0
qd7e3b996 0 211576 1
qd7e3b996 0 215792 3
qd7e3b996 0 222234 2
qd7e3b996 0 226608 3
qd7e3b996 0 304375 0
qd7e3b996 0 332906 0
qd7e3b996 0 373152 0
qd7e3b996 0 386825 0
qd7e3b996 0 387367 0
qd7e3b996 0 393982 3
qd7e3b996 0 406407 2
qd7e3b996 0 411444 3
qd7e3b996 0 411596 2
qd7e3b996 0 412094 1
qd7e3b996 0 412335 2
qd7e3b996 0 414052 3
qd7e3b996 0 414854 1
qd7e3b996 0 503414 0
qd7e3b996 0 852047 0
qd7e3b996 0 4396350 0
qd7e3b996 0 7019593 0
qd7e3b996 0 7431149 0
qd7e3b996 0 10444996 0
qd7e3b996 0 13423539 0
qd7e3b996 0 13695384 0
qd7e3b996 0 16854849 1
qd7e3b996 0 16880770 3
qd7e3b996 0 16885147 2
qd7e3b996 0 16920021 0
qd7e3b996 0 16936497 3
qd7e3b996 0 16937390 2
qd7e3b996 0 16937637 3
qd7e3b996 0 16938343 3
qd7e3b996 0 16938872 3
qd7e3b996 0 16983315 0
qd7e3b996 0 16983416 0
qd7e3b996 0 16999003 3
qd7e3b996 0 16999553 2
qd7e3b996 0 17001606 1
qd7e3b996 0 17001659 2
qd7e3b996 0 17002756 2
qd7e3b996 0 17003009 3
qd7e3b996 0 17005892 2
qd7e3b996 0 17149014 0
qd7e3b996 0 17413813 2
qd7e3b996 0 17430913 3
qd7e3b996 0 17431853 3
qd7e3b996 0 17432196 2
qd7e3b996 0 18958400 0
qd7e3b996 0 19051517 0
qd7e3b996 0 19051608 0
qd7e3b996 0 19051636 0
qd7e3b996 0 19051664 0
qd7e3b996 0 19051685 0
qd7e3b996 0 19051701 0
qd7e3b996 0 19051731 0
qd7e3b996 0 19051753 0
qd7e3b996 0 19051780 0
qd7e3b996 0 19051794 0
qd86347db 0 1 0
qd86347db 0 6421 0
qd86347db 0 6422 0
qd86347db 0 6423 0
qd86347db 0 6424 0
qd86347db 0 6425 0
qd86347db 0 6426 0
qd86347db 0 6427 0
qd86347db 0 6428 0
qd86347db 0 6429 0
qd86347db 0 6430 0
qd86347db 0 6431 0
qd86347db 0 6432 0
qd86347db 0 6433 0
qd86347db 0 6434 0
qd86347db 0 6435 0
qd86347db 0 6436 0
qd86347db 0 6437 0
qd86347db 0 6438 0
qd86347db 0 10278 2
qd86347db 0 179042 1
qd86347db 0 238738 0
qd86347db 0 246521 0
qd86347db 0 252648 1
qd86347db 0 252892 1
qd86347db 0 285190 1
qd86347db 0 285200 2
qd86347db 0 323081 0
qd86347db 0 324866 0
qd86347db 0 334044 0
qd86347db 0 340736 1
qd86347db 0 345175 3
qd86347db 0 388927 2
qd86347db 0 423921 1
qd86347db 0 425631 0
qd86347db 0 443638 1
qd86347db 0 443642 1
qd86347db 0 443644 1
qd86347db 0 443647 1
qd86347db 0 451196 1
qd86347db 0 486925 0
qd86347db 0 489805 0
qd86347db 0 510096 1
qd86347db 0 510985 1
qd86347db 0 511157 1
qd86347db 0 526503 1
qd86347db 0 526670 1
qd86347db 0 526809 1
qd86347db 0 526811 2
qd86347db 0 529584 1
qd86347db 0 530210 2
qd86347db 0 530912 1
qd86347db 0 531063 2
qd86347db 0 531476 0
qd86347db 0 532750 0
qd86347db 0 532971 0
qd86347db 0 533034 2
qd86347db 0 852047 0
qd86347db 0 4396350 0
qd86347db 0 7019593 0
qd86347db 0 7431149 0
qd86347db 0 10444996 0
qd86347db 0 13423539 0
qd86347db 0 13695384 0
qd86347db 0 16899678 0
qd86347db 0 16911150 1
qd86347db 0 16940663 0
qd86347db 0 16940776 0
qd86347db 0 16940783 0
qd86347db 0 16945423 1
qd86347db 0 16957532 1
qd86347db 0 17017054 0
qd86347db 0 17029653 1
qd86347db 0 17055417 0
qd86347db 0 17149014 0
qd86347db 0 18958400 0
qd86347db 0 19051517 0
qd86347db 0 19051608 0
qd86347db 0 19051636 0
qd86347db 0 19051664 0
qd86347db 0 19051685 0
qd86347db 0 19051701 0
qd86347db 0 19051731 0
qd86347db 0 19051753 0
qd86347db 0 19051780 0
qd86347db 0 19051794 0
qd92ca4ef 0 91312 1
qd92ca4ef 0 91317 1
qd92ca4ef 0 91320 1
qd92ca4ef 0 91325 1
qd92ca4ef 0 91328 1
qd92ca4ef 0 91333 1
qd92ca4ef 0 91337 1
qd92ca4ef 0 91341 1
qd92ca4ef 0 91344 1
qd92ca4ef 0 91348 1
qd92ca4ef 0 91352 1
qd92ca4ef 0 91355 1
qd92ca4ef 0 91359 1
qd92ca4ef 0 91363 1
qd92ca4ef 0 91368 1
qd92ca4ef 0 91372 1
qd92ca4ef 0 91375 1
qd92ca4ef 0 91380 1
qd92ca4ef 0 107647 1
qd92ca4ef 0 107694 0
qd92ca4ef 0 107865 0
qd92ca4ef 0 127970 0
qd92ca4ef 0 128218 3
qd92ca4ef 0 136356 0
qd92ca4ef 0 136370 0
qd92ca4ef 0 136391 1
qd92ca4ef 0 136398 0
qd92ca4ef 0 136419 0
qd92ca4ef 0 136427 1
qd92ca4ef 0 136441 1
qd92ca4ef 0 136806 1
qd92ca4ef 0 136816 1
qd92ca4ef 0 136967 0
qd92ca4ef 0 137017 0
qd92ca4ef 0 137194 0
qd92ca4ef 0 2218306 0
qd92ca4ef 0 7028224 1
qd92ca4ef 0 16090179 1
qd92ca4ef 0 18817249 1
qd92ca4ef 0 18817281 0
qd92ca4ef 0 19218580 0
qd92ca4ef 0 19218592 0
qd92ca4ef 0 19218604 0
qd96c908d 0 1 0
qd96c908d 0 6421 0
qd96c908d 0 6422 0
qd96c908d 0 6423 0
qd96c908d 0 6424 0
qd96c908d 0 6425 0
qd96c908d 0 6426 0
qd96c908d 0 6427 0
qd96c908d 0 6428 0
qd96c908d 0 6429 0
qd96c908d 0 6430 0
qd96c908d 0 6431 0
qd96c908d 0 6432 0
qd96c908d 0 6433 0
qd96c908d 0 6434 0
qd96c908d 0 6435 0
qd96c908d 0 6436 0
qd96c908d 0 6437 0
qd96c908d 0 6438 0
qd96c908d 0 203532 0
qd96c908d 0 203740 0
qd96c908d 0 203760 0
qd96c908d 0 207345 0
qd96c908d 0 207353 0
qd96c908d 0 233842 0
qd96c908d 0 235218 0
qd96c908d 0 235459 1
qd96c908d 0 245382 0
qd96c908d 0 245421 0
qd96c908d 0 245635 0
qd96c908d 0 245685 1
qd96c908d 0 245903 1
qd96c908d 0 246063 3
qd96c908d 0 246184 3
qd96c908d 0 246304 1
qd96c908d 0 246618 1
qd96c908d 0 246751 3
qd96c908d 0 246933 1
qd96c908d 0 247036 1
qd96c908d 0 852047 0
qd96c908d 0 4396350 0
qd96c908d 0 7019593 0
qd96c908d 0 7431149 0
qd96c908d 0 10444996 0
qd96c908d 0 13423539 0
qd96c908d 0 13695384 0
qd96c908d 0 16900241 3
qd96c908d 0 16900264 3
qd96c908d 0 16900295 1
qd96c908d 0 16900297 1
qd96c908d 0 16900301 3
qd96c908d 0 16900354 3
qd96c908d 0 16900395 2
qd96c908d 0 16900450 3
qd96c908d 0 16900477 3
qd96c908d 0 16900533 1
qd96c908d 0 16900546 1
qd96c908d 0 16900577 3
qd96c908d 0 16900594 3
qd96c908d 0 16900683 2
qd96c908d 0 16900705 3
qd96c908d 0 16900738 3
qd96c908d 0 16900755 3
qd96c908d 0 16900794 3
qd96c908d 0 16900812 1
qd96c908d 0 16900816 3
qd96c908d 0 16900835 3
qd96c908d 0 16900849 3
qd96c908d 0 16900874 3
qd96c908d 0 16900878 3
qd96c908d 0 16900892 1
qd96c908d 0 16900928 1
qd96c908d 0 16900933 3
qd96c908d 0 16900939 3
qd96c908d 0 16900947 1
qd96c908d 0 17149014 1
qd96c908d 0 18958400 0
qd96c908d 0 19051517 0
qd96c908d 0 19051608 0
qd96c908d 0 19051636 0
qd96c908d 0 19051664 0
qd96c908d 0 19051685 0
qd96c908d 0 19051701 0
qd96c908d 0 19051731 0
qd96c908d 0 19051753 0
qd96c908d 0 19051780 0
qd96c908d 0 19051794 0
qda84f912 0 1 0
qda84f912 0 6421 0
qda84f912 0 6422 0
qda84f912 0 6423 0
qda84f912 0 6424 0
qda84f912 0 6425 0
qda84f912 0 6426 0
qda84f912 0 6427 0
qda84f912 0 6428 0
qda84f912 0 6429 0
qda84f912 0 6430 0
qda84f912 0 6431 0
qda84f912 0 6432 0
qda84f912 0 6433 0
qda84f912 0 6434 1
qda84f912 0 6435 0
qda84f912 0 6436 0
qda84f912 0 6437 0
qda84f912 0 6438 0
qda84f912 0 182262 2
qda84f912 0 188930 1
qda84f912 0 190745 1
qda84f912 0 190934 0
qda84f912 0 191488 3
qda84f912 0 191543 3
qda84f912 0 191580 0
qda84f912 0 210188 0
qda84f912 0 210599 1
qda84f912 0 213016 1
qda84f912 0 213212 2
qda84f912 0 213260 2
qda84f912 0 215062 1
qda84f912 0 215795 3
qda84f912 0 225433 1
qda84f912 0 226586 2
qda84f912 0 234130 3
qda84f912 0 319307 2
qda84f912 0 373910 0
qda84f912 0 375246 0
qda84f912 0 403210 1
qda84f912 0 411362 1
qda84f912 0 413979 2
qda84f912 0 449834 1
qda84f912 0 451565 0
qda84f912 0 451613 0
qda84f912 0 451617 1
qda84f912 0 451634 0
qda84f912 0 451758 1
qda84f912 0 454014 0
qda84f912 0 457243 0
qda84f912 0 490427 1
qda84f912 0 536853 3
qda84f912 0 537030 1
qda84f912 0 537034 1
qda84f912 0 852047 0
qda84f912 0 4396350 0
qda84f912 0 7019593 0
qda84f912 0 7431149 0
qda84f912 0 10444996 0
qda84f912 0 13423539 0
qda84f912 0 13695384 0
qda84f912 0 16874982 2
qda84f912 0 16886738 1
qda84f912 0 16888862 1
qda84f912 0 16888878 1
qda84f912 0 16889050 1
qda84f912 0 16889591 1
qda84f912 0 16897228 2
qda84f912 0 16898675 1
qda84f912 0 16898715 2
qda84f912 0 16940662 1
qda84f912 0 16942643 2
qda84f912 0 16945935 2
qda84f912 0 16946188 1
qda84f912 0 16948542 1
qda84f912 0 17004974 1
qda84f912 0 17029653 0
qda84f912 0 17036189 1
qda84f912 0 17054233 3
qda84f912 0 17060225 1
qda84f912 0 17137423 1
qda84f912 0 17149014 0
qda84f912 0 17430418 1
qda84f912 0 18812344 0
qda84f912 0 18958400 0
qda84f912 0 19051517 0
qda84f912 0 19051608 0
qda84f912 0 19051636 0
qda84f912 0 19051664 0
qda84f912 0 19051685 0
qda84f912 0 19051701 0
qda84f912 0 19051731 0
qda84f912 0 19051753 0
qda84f912 0 19051780 2
qda84f912 0 19051794 0
qda84f912 0 19201718 1
qdc4b78bf 0 90759 0
qdc4b78bf 0 91718 0
qdc4b78bf 0 92031 0
qdc4b78bf 0 92041 0
qdc4b78bf 0 92090 0
qdc4b78bf 0 92334 0
qdc4b78bf 0 92347 0
qdc4b78bf 0 92440 0
qdc4b78bf 0 92455 0
qdc4b78bf 0 92491 0
qdc4b78bf 0 92493 0
qdc4b78bf 0 92499 0
qdc4b78bf 0 92553 0
qdc4b78bf 0 92648 0
qdc4b78bf 0 92663 0
qdc4b78bf 0 92665 0
qdc4b78bf 0 92692 0
qdc4b78bf 0 92693 0
qdc4b78bf 0 92695 0
qdc4b78bf 0 92696 0
qdc4b78bf 0 95417 2
qdc4b78bf 0 95458 2
qdc4b78bf 0 95481 2
qdc4b78bf 0 95515 2
qdc4b78bf 0 95577 2
qdc4b78bf 0 95614 2
qdc4b78bf 0 107705 1
qdc4b78bf 0 107782 1
qdc4b78bf 0 107995 1
qdc4b78bf 0 108225 1
qdc4b78bf 0 128252 2
qdc4b78bf 0 128263 2
qdc4b78bf 0 128264 2
qdc4b78bf 0 128265 2
qdc4b78bf 0 128281 2
qdc4b78bf 0 128283 2
qdc4b78bf 0 128299 2
qdc4b78bf 0 128300 2
qdc4b78bf 0 136356 3
qdc4b78bf 0 136412 3
qdd6ec8a6 0 1 0
qdd6ec8a6 0 6421 0
qdd6ec8a6 0 6422 0
qdd6ec8a6 0 6423 0
qdd6ec8a6 0 6424 0
qdd6ec8a6 0 6425 0
qdd6ec8a6 0 6426 0
qdd6ec8a6 0 6427 0
qdd6ec8a6 0 6428 0
qdd6ec8a6 0 6429 0
qdd6ec8a6 0 6430 0
qdd6ec8a6 0 6431 0
qdd6ec8a6 0 6432 0
qdd6ec8a6 0 6433 0
qdd6ec8a6 0 6434 0
qdd6ec8a6 0 6435 0
qdd6ec8a6 0 6436 0
qdd6ec8a6 0 6437 0
qdd6ec8a6 0 6438 0
qdd6ec8a6 0 180824 0
qdd6ec8a6 0 181824 2
qdd6ec8a6 0 181826 2
qdd6ec8a6 0 181828 2
qdd6ec8a6 0 181831 1
qdd6ec8a6 0 181834 1
qdd6ec8a6 0 181836 2
qdd6ec8a6 0 181839 3
qdd6ec8a6 0 181841 1
qdd6ec8a6 0 181843 2
qdd6ec8a6 0 181846 2
qdd6ec8a6 0 181851 1
qdd6ec8a6 0 181854 1
qdd6ec8a6 0 181858 2
qdd6ec8a6 0 181862 3
qdd6ec8a6 0 181866 0
qdd6ec8a6 0 181870 1
qdd6ec8a6 0 181874 0
qdd6ec8a6 0 181877 2
qdd6ec8a6 0 181883 3
qdd6ec8a6 0 182152 0
qdd6ec8a6 0 182160 0
qdd6ec8a6 0 182237 1
qdd6ec8a6 0 183632 1
qdd6ec8a6 0 183701 1
qdd6ec8a6 0 183719 0
qdd6ec8a6 0 183779 1
qdd6ec8a6 0 183909 1
qdd6ec8a6 0 183981 3
qdd6ec8a6 0 186814 1
qdd6ec8a6 0 303152 0
qdd6ec8a6 0 405308 2
qdd6ec8a6 0 411309 3
qdd6ec8a6 0 413407 3
qdd6ec8a6 0 416768 2
qdd6ec8a6 0 416783 2
qdd6ec8a6 0 416932 1
qdd6ec8a6 0 433015 0
qdd6ec8a6 0 433163 0
qdd6ec8a6 0 433234 3
qdd6ec8a6 0 433286 2
qdd6ec8a6 0 437394 3
qdd6ec8a6 0 442632 1
qdd6ec8a6 0 443466 3
qdd6ec8a6 0 461804 2
qdd6ec8a6 0 463666 2
qdd6ec8a6 0 463890 1
qdd6ec8a6 0 464401 2
qdd6ec8a6 0 464777 3
qdd6ec8a6 0 467154 1
qdd6ec8a6 0 467332 2
qdd6ec8a6 0 467471 1
qdd6ec8a6 0 467553 2
qdd6ec8a6 0 467884 3
qdd6ec8a6 0 468056 3
qdd6ec8a6 0 852047 0
qdd6ec8a6 0 1388243 2
qdd6ec8a6 0 4396350 0
qdd6ec8a6 0 7019593 0
qdd6ec8a6 0 7431149 1
qdd6ec8a6 0 10444996 0
qdd6ec8a6 0 13423539 0
qdd6ec8a6 0 13695384 0
qdd6ec8a6 0 16872963 2
qdd6ec8a6 0 16907175 2
qdd6ec8a6 0 16914827 2
qdd6ec8a6 0 16983179 3
qdd6ec8a6 0 17015834 3
qdd6ec8a6 0 17149014 0
qdd6ec8a6 0 17440492 2
qdd6ec8a6 0 18845255 2
qdd6ec8a6 0 18845291 2
qdd6ec8a6 0 18845314 1
qdd6ec8a6 0 18958400 0
qdd6ec8a6 0 19051517 0
qdd6ec8a6 0 19051608 0
qdd6ec8a6 0 19051636 0
qdd6ec8a6 0 19051664 0
qdd6ec8a6 0 19051685 0
qdd6ec8a6 0 19051701 0
qdd6ec8a6 0 19051731 0
qdd6ec8a6 0 19051753 0
qdd6ec8a6 0 19051780 0
qdd6ec8a6 0 19051794 0
qdf99b4a5 0 1 0
qdf99b4a5 0 1048 3
qdf99b4a5 0 6421 0
qdf99b4a5 0 6422 0
qdf99b4a5 0 6423 0
qdf99b4a5 0 6424 0
qdf99b4a5 0 6425 0
qdf99b4a5 0 6426 0
qdf99b4a5 0 6427 0
qdf99b4a5 0 6428 0
qdf99b4a5 0 6429 0
qdf99b4a5 0 6430 0
qdf99b4a5 0 6431 0
qdf99b4a5 0 6432 0
qdf99b4a5 0 6433 0
qdf99b4a5 0 6434 0
qdf99b4a5 0 6435 0
qdf99b4a5 0 6436 0
qdf99b4a5 0 6437 0
qdf99b4a5 0 6438 0
qdf99b4a5 0 177862 1
qdf99b4a5 0 209591 0
qdf99b4a5 0 211191 0
qdf99b4a5 0 211250 0
qdf99b4a5 0 215555 1
qdf99b4a5 0 216438 3
qdf99b4a5 0 216460 3
qdf99b4a5 0 225466 1
qdf99b4a5 0 225476 1
qdf99b4a5 0 225495 1
qdf99b4a5 0 225557 1
qdf99b4a5 0 227133 3
qdf99b4a5 0 227336 3
qdf99b4a5 0 293609 3
qdf99b4a5 0 318821 3
qdf99b4a5 0 320148 3
qdf99b4a5 0 332204 1
qdf99b4a5 0 333544 0
qdf99b4a5 0 333957 2
qdf99b4a5 0 334273 1
qdf99b4a5 0 372451 3
qdf99b4a5 0 389314 3
qdf99b4a5 0 453196 3
qdf99b4a5 0 454784 3
qdf99b4a5 0 496783 3
qdf99b4a5 0 497357 3
qdf99b4a5 0 497391 3
qdf99b4a5 0 499152 1
qdf99b4a5 0 499193 2
qdf99b4a5 0 852047 0
qdf99b4a5 0 4396350 0
qdf99b4a5 0 7019593 0
qdf99b4a5 0 7431149 0
qdf99b4a5 0 10444996 0
qdf99b4a5 0 13423539 0
qdf99b4a5 0 13695384 0
qdf99b4a5 0 16849788 2
qdf99b4a5 0 16889046 3
qdf99b4a5 0 16889922 3
qdf99b4a5 0 16890239 2
qdf99b4a5 0 16890370 3
qdf99b4a5 0 16890461 2
qdf99b4a5 0 16890509 3
qdf99b4a5 0 16890525 3
qdf99b4a5 0 16897540 3
qdf99b4a5 0 16957601 2
qdf99b4a5 0 17035896 2
qdf99b4a5 0 17036742 2
qdf99b4a5 0 17060197 3
qdf99b4a5 0 17069772 2
qdf99b4a5 0 17069824 2
qdf99b4a5 0 17070704 1
qdf99b4a5 0 17149014 0
qdf99b4a5 0 18958400 0
qdf99b4a5 0 19029142 1
qdf99b4a5 0 19051517 0
qdf99b4a5 0 19051608 0
qdf99b4a5 0 19051636 0
qdf99b4a5 0 19051664 0
qdf99b4a5 0 19051685 0
qdf99b4a5 0 19051701 0
qdf99b4a5 0 19051731 0
qdf99b4a5 0 19051753 0
qdf99b4a5 0 19051780 1
qdf99b4a5 0 19051794 0
qdff29f96 0 1 0
qdff29f96 0 6421 0
qdff29f96 0 6422 0
qdff29f96 0 6423 0
qdff29f96 0 6424 0
qdff29f96 0 6425 0
qdff29f96 0 6426 0
qdff29f96 0 6427 0
qdff29f96 0 6428 0
qdff29f96 0 6429 0
qdff29f96 0 6430 0
qdff29f96 0 6431 0
qdff29f96 0 6432 0
qdff29f96 0 6433 0
qdff29f96 0 6434 0
qdff29f96 0 6435 0
qdff29f96 0 6436 0
qdff29f96 0 6437 0
qdff29f96 0 6438 0
qdff29f96 0 392489 3
qdff29f96 0 392520 3
qdff29f96 0 392842 3
qdff29f96 0 392934 3
qdff29f96 0 393449 3
qdff29f96 0 393825 3
qdff29f96 0 396687 3
qdff29f96 0 396693 3
qdff29f96 0 396701 3
qdff29f96 0 397039 3
qdff29f96 0 397071 3
qdff29f96 0 397229 3
qdff29f96 0 397671 3
qdff29f96 0 398438 3
qdff29f96 0 399957 3
qdff29f96 0 400044 3
qdff29f96 0 400138 3
qdff29f96 0 400962 3
qdff29f96 0 419778 3
qdff29f96 0 420062 3
qdff29f96 0 420223 3
qdff29f96 0 420915 3
qdff29f96 0 420918 3
qdff29f96 0 420920 3
qdff29f96 0 421039 3
qdff29f96 0 421097 3
qdff29f96 0 421234 3
qdff29f96 0 422283 3
qdff29f96 0 852047 0
qdff29f96 0 4396350 0
qdff29f96 0 7019593 0
qdff29f96 0 7431149 0
qdff29f96 0 10444996 0
qdff29f96 0 13423539 0
qdff29f96 0 13695384 0
qdff29f96 0 16862460 1
qdff29f96 0 16940252 1
qdff29f96 0 17049538 3
qdff29f96 0 17049546 3
qdff29f96 0 17049551 3
qdff29f96 0 17049571 3
qdff29f96 0 17049647 3
qdff29f96 0 17049696 3
qdff29f96 0 17049708 3
qdff29f96 0 17049737 3
qdff29f96 0 17049775 3
qdff29f96 0 17049782 3
qdff29f96 0 17049812 3
qdff29f96 0 17049941 3
qdff29f96 0 17049964 3
qdff29f96 0 17050215 3
qdff29f96 0 17050452 3
qdff29f96 0 17050539 3
qdff29f96 0 17050681 3
qdff29f96 0 17050873 3
qdff29f96 0 17149014 0
qdff29f96 0 18958400 0
qdff29f96 0 19051517 0
qdff29f96 0 19051608 0
qdff29f96 0 19051636 0
qdff29f96 0 19051664 0
qdff29f96 0 19051685 0
qdff29f96 0 19051701 0
qdff29f96 0 19051731 0
qdff29f96 0 19051753 0
qdff29f96 0 19051780 0
qdff29f96 0 19051794 0
qe021e09e 0 1 0
qe021e09e 0 6421 0
qe021e09e 0 6422 0
qe021e09e 0 6423 0
qe021e09e 0 6424 0
qe021e09e 0 6425 0
qe021e09e 0 6426 0
qe021e09e 0 6427 0
qe021e09e 0 6428 0
qe021e09e 0 6429 0
qe021e09e 0 6430 0
qe021e09e 0 6431 0
qe021e09e 0 6432 0
qe021e09e 0 6433 0
qe021e09e 0 6434 0
qe021e09e 0 6435 0
qe021e09e 0 6436 0
qe021e09e 0 6437 0
qe021e09e 0 6438 0
qe021e09e 0 183950 3
qe021e09e 0 184167 3
qe021e09e 0 186896 3
qe021e09e 0 187443 3
qe021e09e 0 187622 3
qe021e09e 0 188299 3
qe021e09e 0 193203 3
qe021e09e 0 193231 3
qe021e09e 0 247979 3
qe021e09e 0 419469 3
qe021e09e 0 419536 3
qe021e09e 0 456717 2
qe021e09e 0 456723 2
qe021e09e 0 457221 3
qe021e09e 0 458264 3
qe021e09e 0 458796 3
qe021e09e 0 463890 3
qe021e09e 0 467003 3
qe021e09e 0 467056 3
qe021e09e 0 467160 1
qe021e09e 0 467185 2
qe021e09e 0 467198 2
qe021e09e 0 467210 3
qe021e09e 0 467216 3
qe021e09e 0 467239 3
qe021e09e 0 467250 3
qe021e09e 0 467269 3
qe021e09e 0 467289 0
qe021e09e 0 467306 1
qe021e09e 0 467320 3
qe021e09e 0 467326 3
qe021e09e 0 467347 1
qe021e09e 0 467964 3
qe021e09e 0 468103 3
qe021e09e 0 470543 3
qe021e09e 0 529521 3
qe021e09e 0 529576 3
qe021e09e 0 852047 0
qe021e09e 0 4396350 0
qe021e09e 0 7019593 0
qe021e09e 0 7431149 0
qe021e09e 0 10444996 0
qe021e09e 0 13423539 0
qe021e09e 0 13695384 0
qe021e09e 0 16927217 3
qe021e09e 0 16927424 3
qe021e09e 0 16927850 1
qe021e09e 0 16927896 3
qe021e09e 0 16927932 3
qe021e09e 0 16955236 3
qe021e09e 0 16955250 3
qe021e09e 0 16995562 0
qe021e09e 0 16995566 0
qe021e09e 0 16995570 0
qe021e09e 0 16995575 0
qe021e09e 0 16995579 0
qe021e09e 0 16995583 0
qe021e09e 0 16995586 0
qe021e09e 0 16995592 0
qe021e09e 0 16995596 0
qe021e09e 0 16995600 0
qe021e09e 0 16995604 0
qe021e09e 0 16995610 0
qe021e09e 0 16995616 0
qe021e09e 0 16995621 0
qe021e09e 0 16995627 0
qe021e09e 0 16995632 0
qe021e09e 0 16995636 0
qe021e09e 0 16995645 0
qe021e09e 0 16995651 0
qe021e09e 0 16995654 0
qe021e09e 0 17015057 2
qe021e09e 0 17015183 3
qe021e09e 0 17015644 2
qe021e09e 0 17015978 3
qe021e09e 0 17016696 3
qe021e09e 0 17017068 3
qe021e09e 0 17017623 2
qe021e09e 0 17017898 3
qe021e09e 0 17149014 0
qe021e09e 0 17428684 3
qe021e09e 0 18958400 0
qe021e09e 0 19051517 0
qe021e09e 0 19051608 0
qe021e09e 0 19051636 0
qe021e09e 0 19051664 0
qe021e09e 0 19051685 0
qe021e09e 0 19051701 0
qe021e09e 0 19051731 0
qe021e09e 0 19051753 0
qe021e09e 0 19051780 0
qe021e09e 0 19051794 0
qe021e09e 0 19257570 3
qe0f649ff 0 1 0
qe0f649ff 0 6421 0
qe0f649ff 0 6422 0
qe0f649ff 0 6423 0
qe0f649ff 0 6424 0
qe0f649ff 0 6425 0
qe0f649ff 0 6426 0
qe0f649ff 0 6427 0
qe0f649ff 0 6428 0
qe0f649ff 0 6429 0
qe0f649ff 0 6430 0
qe0f649ff 0 6431 0
qe0f649ff 0 6432 0
qe0f649ff 0 6433 0
qe0f649ff 0 6434 0
qe0f649ff 0 6435 0
qe0f649ff 0 6436 0
qe0f649ff 0 6437 0
qe0f649ff 0 6438 0
qe0f649ff 0 383764 3
qe0f649ff 0 384243 3
qe0f649ff 0 446504 3
qe0f649ff 0 446505 3
qe0f649ff 0 446506 3
qe0f649ff 0 446507 3
qe0f649ff 0 446508 3
qe0f649ff 0 446509 3
qe0f649ff 0 446510 3
qe0f649ff 0 446511 3
qe0f649ff 0 446512 3
qe0f649ff 0 446513 3
qe0f649ff 0 446514 3
qe0f649ff 0 446515 3
qe0f649ff 0 446516 3
qe0f649ff 0 446517 3
qe0f649ff 0 446518 3
qe0f649ff 0 446521 3
qe0f649ff 0 446528 3
qe0f649ff 0 446544 3
qe0f649ff 0 446557 3
qe0f649ff 0 446571 3
qe0f649ff 0 446776 3
qe0f649ff 0 446948 3
qe0f649ff 0 446953 3
qe0f649ff 0 447027 3
qe0f649ff 0 447108 3
qe0f649ff 0 447119 3
qe0f649ff 0 447329 3
qe0f649ff 0 447334 3
qe0f649ff 0 447354 3
qe0f649ff 0 447379 3
qe0f649ff 0 447554 3
qe0f649ff 0 447561 3
qe0f649ff 0 447980 3
qe0f649ff 0 448007 3
qe0f649ff 0 448011 3
qe0f649ff 0 448027 3
qe0f649ff 0 448058 3
qe0f649ff 0 448080 3
qe0f649ff 0 852047 0
qe0f649ff 0 1077907 3
qe0f649ff 0 2955133 3
qe0f649ff 0 4396350 0
qe0f649ff 0 5092019 3
qe0f649ff 0 7019593 0
qe0f649ff 0 7431149 0
qe0f649ff 0 8475599 3
qe0f649ff 0 10444996 0
qe0f649ff 0 11057541 3
qe0f649ff 0 13423539 0
qe0f649ff 0 13695384 0
qe0f649ff 0 13826408 3
qe0f649ff 0 17145917 3
qe0f649ff 0 17149014 0
qe0f649ff 0 18958400 0
qe0f649ff 0 19037047 3
qe0f649ff 0 19037072 3
qe0f649ff 0 19037077 3
qe0f649ff 0 19037083 3
qe0f649ff 0 19037089 3
qe0f649ff 0 19037105 3
qe0f649ff 0 19037116 3
qe0f649ff 0 19037123 3
qe0f649ff 0 19037129 3
qe0f649ff 0 19037138 3
qe0f649ff 0 19037156 3
qe0f649ff 0 19037169 3
qe0f649ff 0 19037186 3
qe0f649ff 0 19051517 0
qe0f649ff 0 19051608 0
qe0f649ff 0 19051636 0
qe0f649ff 0 19051664 0
qe0f649ff 0 19051685 0
qe0f649ff 0 19051701 0
qe0f649ff 0 19051731 0
qe0f649ff 0 19051753 0
qe0f649ff 0 19051780 0
qe0f649ff 0 19051794 0
qe36a2006 0 1 0
qe36a2006 0 6421 0
qe36a2006 0 6422 0
qe36a2006 0 6423 0
qe36a2006 0 6424 0
qe36a2006 0 6425 0
qe36a2006 0 6426 0
qe36a2006 0 6427 0
qe36a2006 0 6428 0
qe36a2006 0 6429 0
qe36a2006 0 6430 0
qe36a2006 0 6431 0
qe36a2006 0 6432 0
qe36a2006 0 6433 0
qe36a2006 0 6434 0
qe36a2006 0 6435 0
qe36a2006 0 6436 0
qe36a2006 0 6437 0
qe36a2006 0 6438 0
qe36a2006 0 179847 1
qe36a2006 0 179999 1
qe36a2006 0 180666 1
qe36a2006 0 181110 0
qe36a2006 0 181426 0
qe36a2006 0 181748 0
qe36a2006 0 181749 0
qe36a2006 0 182350 0
qe36a2006 0 184210 2
qe36a2006 0 233608 1
qe36a2006 0 234070 1
qe36a2006 0 234399 3
qe36a2006 0 245940 0
qe36a2006 0 246429 1
qe36a2006 0 303118 1
qe36a2006 0 333772 0
qe36a2006 0 394055 1
qe36a2006 0 479958 0
qe36a2006 0 479995 0
qe36a2006 0 489041 0
qe36a2006 0 524336 2
qe36a2006 0 524427 1
qe36a2006 0 524616 2
qe36a2006 0 524887 2
qe36a2006 0 525063 1
qe36a2006 0 852047 0
qe36a2006 0 4396350 0
qe36a2006 0 7019593 0
qe36a2006 0 7431149 0
qe36a2006 0 10444996 0
qe36a2006 0 13423539 0
qe36a2006 0 13695384 0
qe36a2006 0 16882145 0
qe36a2006 0 16982983 2
qe36a2006 0 16983716 1
qe36a2006 0 16983789 2
qe36a2006 0 16983835 3
qe36a2006 0 16983935 1
qe36a2006 0 16983938 2
qe36a2006 0 16984309 3
qe36a2006 0 16984358 3
qe36a2006 0 16984719 2
qe36a2006 0 16984915 2
qe36a2006 0 16985999 2
qe36a2006 0 16992324 2
qe36a2006 0 16992370 3
qe36a2006 0 16998374 1
qe36a2006 0 17054714 1
qe36a2006 0 17149014 0
qe36a2006 0 17429027 1
qe36a2006 0 17429039 1
qe36a2006 0 17429065 1
qe36a2006 0 17429100 1
qe36a2006 0 18958400 0
qe36a2006 0 19051517 0
qe36a2006 0 19051608 0
qe36a2006 0 19051636 0
qe36a2006 0 19051664 0
qe36a2006 0 19051685 0
qe36a2006 0 19051701 0
qe36a2006 0 19051731 0
qe36a2006 0 19051753 0
qe36a2006 0 19051780 0
qe36a2006 0 19051794 0
qe4bc245f 0 1 0
qe4bc245f 0 6421 0
qe4bc245f 0 6422 0
qe4bc245f 0 6423 0
qe4bc245f 0 6424 0
qe4bc245f 0 6425 0
qe4bc245f 0 6426 0
qe4bc245f 0 6427 0
qe4bc245f 0 6428 0
qe4bc245f 0 6429 0
qe4bc245f 0 6430 0
qe4bc245f 0 6431 0
qe4bc245f 0 6432 0
qe4bc245f 0 6433 0
qe4bc245f 0 6434 0
qe4bc245f 0 6435 0
qe4bc245f 0 6436 0
qe4bc245f 0 6437 0
qe4bc245f 0 6438 0
qe4bc245f 0 14461 3
qe4bc245f 0 119939 0
qe4bc245f 0 181951 1
qe4bc245f 0 192504 2
qe4bc245f 0 227907 2
qe4bc245f 0 227989 2
qe4bc245f 0 228211 0
qe4bc245f 0 237429 1
qe4bc245f 0 242601 2
qe4bc245f 0 243001 2
qe4bc245f 0 247462 2
qe4bc245f 0 251051 3
qe4bc245f 0 303250 0
qe4bc245f 0 304549 0
qe4bc245f 0 304551 0
qe4bc245f 0 315223 2
qe4bc245f 0 321440 0
qe4bc245f 0 321512 0
qe4bc245f 0 324171 1
qe4bc245f 0 349345 0
qe4bc245f 0 349457 0
qe4bc245f 0 358417 1
qe4bc245f 0 384302 0
qe4bc245f 0 422863 1
qe4bc245f 0 422918 1
qe4bc245f 0 423535 1
qe4bc245f 0 423556 1
qe4bc245f 0 437727 0
qe4bc245f 0 448432 2
qe4bc245f 0 450052 0
qe4bc245f 0 450620 2
qe4bc245f 0 450638 1
qe4bc245f 0 852047 0
qe4bc245f 0 4396350 0
qe4bc245f 0 7019593 0
qe4bc245f 0 7431149 0
qe4bc245f 0 10444996 0
qe4bc245f 0 13423539 0
qe4bc245f 0 13695384 0
qe4bc245f 0 16899122 2
qe4bc245f 0 16899160 1
qe4bc245f 0 16899443 2
qe4bc245f 0 16899466 1
qe4bc245f 0 16899604 1
qe4bc245f 0 16899806 2
qe4bc245f 0 16899837 1
qe4bc245f 0 16899898 3
qe4bc245f 0 16899949 1
qe4bc245f 0 16900739 1
qe4bc245f 0 16900841 1
qe4bc245f 0 16900994 1
qe4bc245f 0 16901710 2
qe4bc245f 0 16902473 1
qe4bc245f 0 16915910 3
qe4bc245f 0 16948114 0
qe4bc245f 0 16948159 0
qe4bc245f 0 16983794 2
qe4bc245f 0 16989674 3
qe4bc245f 0 17149014 0
qe4bc245f 0 17428105 3
qe4bc245f 0 17428703 3
qe4bc245f 0 17429101 3
qe4bc245f 0 17431423 3
qe4bc245f 0 17431478 3
qe4bc245f 0 17433417 3
qe4bc245f 0 17433477 2
qe4bc245f 0 18958400 0
qe4bc245f 0 19051517 0
qe4bc245f 0 19051608 0
qe4bc245f 0 19051636 0
qe4bc245f 0 19051664 0
qe4bc245f 0 19051685 0
qe4bc245f 0 19051701 1
qe4bc245f 0 19051731 0
qe4bc245f 0 19051753 0
qe4bc245f 0 19051780 0
qe4bc245f 0 19051794 0
qe6e687f7 0 1 0
qe6e687f7 0 3678 0
qe6e687f7 0 3679 0
qe6e687f7 0 3680 0
qe6e687f7 0 3681 0
qe6e687f7 0 3682 0
qe6e687f7 0 3683 0
qe6e687f7 0 3684 0
qe6e687f7 0 3685 1
qe6e687f7 0 3686 1
qe6e687f7 0 3687 0
qe6e687f7 0 3688 0
qe6e687f7 0 3689 0
qe6e687f7 0 3690 0
qe6e687f7 0 3691 0
qe6e687f7 0 3692 0
qe6e687f7 0 3693 0
qe6e687f7 0 3694 0
qe6e687f7 0 3695 0
qe6e687f7 0 3696 0
qe6e687f7 0 6421 0
qe6e687f7 0 6422 0
qe6e687f7 0 6423 0
qe6e687f7 0 6424 0
qe6e687f7 0 6425 0
qe6e687f7 0 6426 0
qe6e687f7 0 6427 0
qe6e687f7 0 6428 0
qe6e687f7 0 6429 0
qe6e687f7 0 6430 0
qe6e687f7 0 6431 0
qe6e687f7 0 6432 0
qe6e687f7 0 6433 0
qe6e687f7 0 6434 0
qe6e687f7 0 6435 0
qe6e687f7 0 6436 0
qe6e687f7 0 6437 0
qe6e687f7 0 6438 0
qe6e687f7 0 181112 0
qe6e687f7 0 181474 0
qe6e687f7 0 256407 0
qe6e687f7 0 313388 0
qe6e687f7 0 313705 0
qe6e687f7 0 321323 1
qe6e687f7 0 361358 0
qe6e687f7 0 455131 0
qe6e687f7 0 472555 1
qe6e687f7 0 472579 2
qe6e687f7 0 472608 2
qe6e687f7 0 474411 1
qe6e687f7 0 474456 1
qe6e687f7 0 474563 1
qe6e687f7 0 474611 1
qe6e687f7 0 475516 1
qe6e687f7 0 475546 1
qe6e687f7 0 475555 2
qe6e687f7 0 475620 1
qe6e687f7 0 475781 1
qe6e687f7 0 475905 1
qe6e687f7 0 475925 1
qe6e687f7 0 476125 1
qe6e687f7 0 476197 1
qe6e687f7 0 477392 2
qe6e687f7 0 477394 1
qe6e687f7 0 477395 2
qe6e687f7 0 477801 1
qe6e687f7 0 477802 1
qe6e687f7 0 477803 0
qe6e687f7 0 477912 1
qe6e687f7 0 477933 0
qe6e687f7 0 479256 1
qe6e687f7 0 480073 2
qe6e687f7 0 480097 3
qe6e687f7 0 481536 2
qe6e687f7 0 481537 2
qe6e687f7 0 505232 1
qe6e687f7 0 852047 0
qe6e687f7 0 2273123 0
qe6e687f7 0 4396350 0
qe6e687f7 0 7019593 0
qe6e687f7 0 7431149 0
qe6e687f7 0 10444996 0
qe6e687f7 0 13423539 0
qe6e687f7 0 13695384 0
qe6e687f7 0 17149014 0
qe6e687f7 0 17430013 1
qe6e687f7 0 17432681 1
qe6e687f7 0 17437838 1
qe6e687f7 0 17935600 1
qe6e687f7 0 18958400 0
qe6e687f7 0 19002062 0
qe6e687f7 0 19051517 0
qe6e687f7 0 19051608 0
qe6e687f7 0 19051636 0
qe6e687f7 0 19051664 0
qe6e687f7 0 19051685 0
qe6e687f7 0 19051701 0
qe6e687f7 0 19051731 0
qe6e687f7 0 19051753 0
qe6e687f7 0 19051780 0
qe6e687f7 0 19051794 0
qe6e687f7 0 19150550 1
qe6e687f7 0 19150590 0
qe6e687f7 0 19150609 0
qe6e687f7 0 19150629 0
qe6e687f7 0 19150653 0
qe75b2dbb 0 1 0
qe75b2dbb 0 6421 0
qe75b2dbb 0 6422 0
qe75b2dbb 0 6423 0
qe75b2dbb 0 6424 0
qe75b2dbb 0 6425 0
qe75b2dbb 0 6426 0
qe75b2dbb 0 6427 0
qe75b2dbb 0 6428 0
qe75b2dbb 0 6429 0
qe75b2dbb 0 6430 0
qe75b2dbb 0 6431 0
qe75b2dbb 0 6432 0
qe75b2dbb 0 6433 0
qe75b2dbb 0 6434 0
qe75b2dbb 0 6435 0
qe75b2dbb 0 6436 0
qe75b2dbb 0 6437 0
qe75b2dbb 0 6438 0
qe75b2dbb 0 10150 0
qe75b2dbb 0 223876 0
qe75b2dbb 0 228024 0
qe75b2dbb 0 228240 0
qe75b2dbb 0 228377 0
qe75b2dbb 0 229506 0
qe75b2dbb 0 251402 0
qe75b2dbb 0 251751 0
qe75b2dbb 0 279178 0
qe75b2dbb 0 346643 0
qe75b2dbb 0 416752 0
qe75b2dbb 0 416761 0
qe75b2dbb 0 480746 0
qe75b2dbb 0 488192 0
qe75b2dbb 0 493068 0
qe75b2dbb 0 512393 3
qe75b2dbb 0 512394 3
qe75b2dbb 0 512592 3
qe75b2dbb 0 512718 3
qe75b2dbb 0 512996 3
qe75b2dbb 0 513039 3
qe75b2dbb 0 513155 3
qe75b2dbb 0 513245 3
qe75b2dbb 0 513266 3
qe75b2dbb 0 513290 3
qe75b2dbb 0 513340 3
qe75b2dbb 0 513359 3
qe75b2dbb 0 513363 3
qe75b2dbb 0 513525 3
qe75b2dbb 0 513619 3
qe75b2dbb 0 513809 3
qe75b2dbb 0 513839 3
qe75b2dbb 0 514106 3
qe75b2dbb 0 514113 3
qe75b2dbb 0 852047 0
qe75b2dbb 0 4396350 0
qe75b2dbb 0 7019593 0
qe75b2dbb 0 7431149 0
qe75b2dbb 0 10444996 0
qe75b2dbb 0 13423539 0
qe75b2dbb 0 13695384 0
qe75b2dbb 0 16852082 0
qe75b2dbb 0 16852214 0
qe75b2dbb 0 16885173 0
qe75b2dbb 0 16895442 0
qe75b2dbb 0 17149014 0
qe75b2dbb 0 17416079 0
qe75b2dbb 0 17416772 0
qe75b2dbb 0 17416966 0
qe75b2dbb 0 18958400 0
qe75b2dbb 0 19051517 0
qe75b2dbb 0 19051608 0
qe75b2dbb 0 19051636 0
qe75b2dbb 0 19051664 0
qe75b2dbb 0 19051685 0
qe75b2dbb 0 19051701 0
qe75b2dbb 0 19051731 0
qe75b2dbb 0 19051753 0
qe75b2dbb 0 19051780 0
qe75b2dbb 0 19051794 0
qe9919556 0 1 0
qe9919556 0 6421 0
qe9919556 0 6422 0
qe9919556 0 6423 0
qe9919556 0 6424 0
qe9919556 0 6425 0
qe9919556 0 6426 0
qe9919556 0 6427 0
qe9919556 0 6428 0
qe9919556 0 6429 0
qe9919556 0 6430 0
qe9919556 0 6431 0
qe9919556 0 6432 0
qe9919556 0 6433 0
qe9919556 0 6434 0
qe9919556 0 6435 0
qe9919556 0 6436 0
qe9919556 0 6437 0
qe9919556 0 6438 0
qe9919556 0 210105 0
qe9919556 0 211210 0
qe9919556 0 303047 1
qe9919556 0 303064 0
qe9919556 0 303400 0
qe9919556 0 303411 0
qe9919556 0 303562 0
qe9919556 0 304420 0
qe9919556 0 304435 0
qe9919556 0 304437 0
qe9919556 0 304483 0
qe9919556 0 304500 0
qe9919556 0 304501 0
qe9919556 0 326348 0
qe9919556 0 332103 0
qe9919556 0 333453 0
qe9919556 0 333694 0
qe9919556 0 334046 0
qe9919556 0 335119 0
qe9919556 0 453113 1
qe9919556 0 479792 0
qe9919556 0 852047 0
qe9919556 0 4396350 0
qe9919556 0 7019593 0
qe9919556 0 7431149 0
qe9919556 0 10444996 0
qe9919556 0 13423539 0
qe9919556 0 13695384 0
qe9919556 0 16870851 2
qe9919556 0 16901656 1
qe9919556 0 16901921 1
qe9919556 0 16902955 1
qe9919556 0 16903522 0
qe9919556 0 16903537 0
qe9919556 0 16903916 1
qe9919556 0 16903941 1
qe9919556 0 16904441 1
qe9919556 0 16904510 1
qe9919556 0 16904971 3
qe9919556 0 16905038 0
qe9919556 0 16905706 0
qe9919556 0 16905873 0
qe9919556 0 16906083 1
qe9919556 0 16906135 3
qe9919556 0 16906149 1
qe9919556 0 16906187 1
qe9919556 0 16906358 0
qe9919556 0 16944713 0
qe9919556 0 16945185 0
qe9919556 0 16947197 0
qe9919556 0 17037134 1
qe9919556 0 17037312 1
qe9919556 0 17037604 0
qe9919556 0 17037711 1
qe9919556 0 17149014 0
qe9919556 0 17435268 0
qe9919556 0 18958400 0
qe9919556 0 19051517 0
qe9919556 0 19051608 0
qe9919556 0 19051636 0
qe9919556 0 19051664 0
qe9919556 0 19051685 0
qe9919556 0 19051701 0
qe9919556 0 19051731 0
qe9919556 0 19051753 0
qe9919556 0 19051780 0
qe9919556 0 19051794 0
qea5d7212 0 1 0
qea5d7212 0 2 0
qea5d7212 0 3 0
qea5d7212 0 4 0
qea5d7212 0 5 0
qea5d7212 0 6 0
qea5d7212 0 7 0
qea5d7212 0 8 0
qea5d7212 0 9 0
qea5d7212 0 10 0
qea5d7212 0 11 0
qea5d7212 0 12 0
qea5d7212 0 13 0
qea5d7212 0 14 0
qea5d7212 0 6421 0
qea5d7212 0 6422 0
qea5d7212 0 6423 0
qea5d7212 0 6424 0
qea5d7212 0 6425 0
qea5d7212 0 6426 0
qea5d7212 0 6427 0
qea5d7212 0 6428 0
qea5d7212 0 6429 0
qea5d7212 0 6430 0
qea5d7212 0 6431 0
qea5d7212 0 6432 0
qea5d7212 0 6433 0
qea5d7212 0 6434 0
qea5d7212 0 6435 0
qea5d7212 0 6436 0
qea5d7212 0 6437 0
qea5d7212 0 6438 0
qea5d7212 0 395420 3
qea5d7212 0 395425 3
qea5d7212 0 395428 3
qea5d7212 0 395432 3
qea5d7212 0 395435 3
qea5d7212 0 395439 3
qea5d7212 0 395442 3
qea5d7212 0 395445 3
qea5d7212 0 395449 3
qea5d7212 0 395452 3
qea5d7212 0 395455 3
qea5d7212 0 395459 3
qea5d7212 0 395463 3
qea5d7212 0 395467 3
qea5d7212 0 395470 3
qea5d7212 0 395475 3
qea5d7212 0 395478 3
qea5d7212 0 395482 3
qea5d7212 0 395514 3
qea5d7212 0 395521 3
qea5d7212 0 396129 3
qea5d7212 0 396579 3
qea5d7212 0 396591 3
qea5d7212 0 396762 3
qea5d7212 0 398323 3
qea5d7212 0 399409 3
qea5d7212 0 399707 3
qea5d7212 0 400014 3
qea5d7212 0 400019 3
qea5d7212 0 400039 3
qea5d7212 0 400115 3
qea5d7212 0 400195 3
qea5d7212 0 400211 3
qea5d7212 0 400272 3
qea5d7212 0 401727 3
qea5d7212 0 401778 3
qea5d7212 0 401781 3
qea5d7212 0 401993 3
qea5d7212 0 402016 3
qea5d7212 0 852047 0
qea5d7212 0 2398656 3
qea5d7212 0 4396350 0
qea5d7212 0 5705830 3
qea5d7212 0 7019593 0
qea5d7212 0 7431149 0
qea5d7212 0 10444996 0
qea5d7212 0 13423539 0
qea5d7212 0 13695384 0
qea5d7212 0 17149014 0
qea5d7212 0 17849551 3
qea5d7212 0 18886976 3
qea5d7212 0 18886997 3
qea5d7212 0 18887025 3
qea5d7212 0 18887039 3
qea5d7212 0 18887042 3
qea5d7212 0 18887053 3
qea5d7212 0 18958400 0
qea5d7212 0 19051517 0
qea5d7212 0 19051608 0
qea5d7212 0 19051636 0
qea5d7212 0 19051664 0
qea5d7212 0 19051685 0
qea5d7212 0 19051701 0
qea5d7212 0 19051731 0
qea5d7212 0 19051753 0
qea5d7212 0 19051780 0
qea5d7212 0 19051794 0
qeca6c3fd 0 1 0
qeca6c3fd 0 6421 1
qeca6c3fd 0 6422 1
qeca6c3fd 0 6423 1
qeca6c3fd 0 6424 1
qeca6c3fd 0 6425 1
qeca6c3fd 0 6426 1
qeca6c3fd 0 6427 1
qeca6c3fd 0 6428 1
qeca6c3fd 0 6429 1
qeca6c3fd 0 6430 1
qeca6c3fd 0 6431 1
qeca6c3fd 0 6432 1
qeca6c3fd 0 6433 1
qeca6c3fd 0 6434 0
qeca6c3fd 0 6435 1
qeca6c3fd 0 6436 1
qeca6c3fd 0 6437 1
qeca6c3fd 0 6438 1
qeca6c3fd 0 193663 3
qeca6c3fd 0 203153 2
qeca6c3fd 0 203202 2
qeca6c3fd 0 203496 1
qeca6c3fd 0 203502 2
qeca6c3fd 0 203519 2
qeca6c3fd 0 203557 2
qeca6c3fd 0 203595 1
qeca6c3fd 0 203598 2
qeca6c3fd 0 203643 1
qeca6c3fd 0 203649 3
qeca6c3fd 0 203660 1
qeca6c3fd 0 203778 2
qeca6c3fd 0 203912 3
qeca6c3fd 0 203916 2
qeca6c3fd 0 203965 1
qeca6c3fd 0 204009 2
qeca6c3fd 0 204236 3
qeca6c3fd 0 211269 3
qeca6c3fd 0 211433 3
qeca6c3fd 0 277424 3
qeca6c3fd 0 321685 3
qeca6c3fd 0 393656 1
qeca6c3fd 0 408213 3
qeca6c3fd 0 454699 3
qeca6c3fd 0 852047 0
qeca6c3fd 0 4396350 0
qeca6c3fd 0 7019593 0
qeca6c3fd 0 7431149 0
qeca6c3fd 0 10444996 0
qeca6c3fd 0 13423539 1
qeca6c3fd 0 13695384 0
qeca6c3fd 0 17042996 2
qeca6c3fd 0 17043195 3
qeca6c3fd 0 17043330 2
qeca6c3fd 0 17043416 2
qeca6c3fd 0 17043500 2
qeca6c3fd 0 17149014 0
qeca6c3fd 0 18958400 1
qeca6c3fd 0 19051517 0
qeca6c3fd 0 19051608 0
qeca6c3fd 0 19051636 0
qeca6c3fd 0 19051664 0
qeca6c3fd 0 19051685 0
qeca6c3fd 0 19051701 0
qeca6c3fd 0 19051731 0
qeca6c3fd 0 19051753 0
qeca6c3fd 0 19051780 0
qeca6c3fd 0 19051794 0
qed3344a9 0 1 0
qed3344a9 0 3119 2
qed3344a9 0 3120 1
qed3344a9 0 3185 2
qed3344a9 0 3188 2
qed3344a9 0 3629 2
qed3344a9 0 6421 0
qed3344a9 0 6422 0
qed3344a9 0 6423 0
qed3344a9 0 6424 0
qed3344a9 0 6425 0
qed3344a9 0 6426 0
qed3344a9 0 6427 0
qed3344a9 0 6428 0
qed3344a9 0 6429 0
qed3344a9 0 6430 0
qed3344a9 0 6431 0
qed3344a9 0 6432 0
qed3344a9 0 6433 0
qed3344a9 0 6434 0
qed3344a9 0 6435 0
qed3344a9 0 6436 0
qed3344a9 0 6437 0
qed3344a9 0 6438 0
qed3344a9 0 165937 1
qed3344a9 0 166065 1
qed3344a9 0 166066 3
qed3344a9 0 166100 0
qed3344a9 0 166228 0
qed3344a9 0 167238 2
qed3344a9 0 168201 1
qed3344a9 0 168657 1
qed3344a9 0 176226 2
qed3344a9 0 177225 2
qed3344a9 0 177333 2
qed3344a9 0 177867 0
qed3344a9 0 179724 0
qed3344a9 0 181164 1
qed3344a9 0 181166 2
qed3344a9 0 181167 1
qed3344a9 0 181551 1
qed3344a9 0 181944 1
qed3344a9 0 182792 0
qed3344a9 0 183052 1
qed3344a9 0 184035 1
qed3344a9 0 185361 3
qed3344a9 0 303640 0
qed3344a9 0 304664 0
qed3344a9 0 315364 1
qed3344a9 0 315370 3
qed3344a9 0 497543 0
qed3344a9 0 499189 0
qed3344a9 0 499206 1
qed3344a9 0 852047 0
qed3344a9 0 4396350 0
qed3344a9 0 7019593 0
qed3344a9 0 7431149 0
qed3344a9 0 10444996 0
qed3344a9 0 13423539 0
qed3344a9 0 13695384 0
qed3344a9 0 16852269 2
qed3344a9 0 16853185 1
qed3344a9 0 16854998 2
qed3344a9 0 16867805 1
qed3344a9 0 16867824 3
qed3344a9 0 16892699 1
qed3344a9 0 17149014 0
qed3344a9 0 18958400 0
qed3344a9 0 19051517 0
qed3344a9 0 19051608 0
qed3344a9 0 19051636 0
qed3344a9 0 19051664 0
qed3344a9 0 19051685 0
qed3344a9 0 19051701 0
qed3344a9 0 19051731 0
qed3344a9 0 19051753 0
qed3344a9 0 19051780 0
qed3344a9 0 19051794 0
qed4f3e86 0 1 0
qed4f3e86 0 6421 0
qed4f3e86 0 6422 0
qed4f3e86 0 6423 0
qed4f3e86 0 6424 0
qed4f3e86 0 6425 0
qed4f3e86 0 6426 0
qed4f3e86 0 6427 0
qed4f3e86 0 6428 0
qed4f3e86 0 6429 0
qed4f3e86 0 6430 0
qed4f3e86 0 6431 0
qed4f3e86 0 6432 0
qed4f3e86 0 6433 0
qed4f3e86 0 6434 0
qed4f3e86 0 6435 0
qed4f3e86 0 6436 0
qed4f3e86 0 6437 0
qed4f3e86 0 6438 0
qed4f3e86 0 41867 0
qed4f3e86 0 41989 0
qed4f3e86 0 207345 0
qed4f3e86 0 207346 0
qed4f3e86 0 207360 0
qed4f3e86 0 210879 0
qed4f3e86 0 211090 0
qed4f3e86 0 296808 0
qed4f3e86 0 299658 0
qed4f3e86 0 299803 0
qed4f3e86 0 299870 0
qed4f3e86 0 299904 0
qed4f3e86 0 299948 0
qed4f3e86 0 300183 0
qed4f3e86 0 383338 0
qed4f3e86 0 387761 3
qed4f3e86 0 388303 3
qed4f3e86 0 388372 3
qed4f3e86 0 388381 3
qed4f3e86 0 388723 3
qed4f3e86 0 388749 3
qed4f3e86 0 388775 3
qed4f3e86 0 388794 3
qed4f3e86 0 388843 3
qed4f3e86 0 388848 3
qed4f3e86 0 389245 3
qed4f3e86 0 389249 3
qed4f3e86 0 389342 3
qed4f3e86 0 389373 3
qed4f3e86 0 389449 3
qed4f3e86 0 389626 3
qed4f3e86 0 389973 3
qed4f3e86 0 390001 3
qed4f3e86 0 390088 3
qed4f3e86 0 390157 3
qed4f3e86 0 390215 3
qed4f3e86 0 390366 3
qed4f3e86 0 536047 0
qed4f3e86 0 540446 0
qed4f3e86 0 852047 0
qed4f3e86 0 4396350 0
qed4f3e86 0 7019593 0
qed4f3e86 0 7431149 0
qed4f3e86 0 10444996 0
qed4f3e86 0 13423539 0
qed4f3e86 0 13695384 0
qed4f3e86 0 16989774 0
qed4f3e86 0 16991224 0
qed4f3e86 0 16991300 0
qed4f3e86 0 16991360 0
qed4f3e86 0 16991412 0
qed4f3e86 0 16991422 0
qed4f3e86 0 17149014 0
qed4f3e86 0 18958400 0
qed4f3e86 0 19051517 0
qed4f3e86 0 19051608 0
qed4f3e86 0 19051636 0
qed4f3e86 0 19051664 0
qed4f3e86 0 19051685 0
qed4f3e86 0 19051701 0
qed4f3e86 0 19051731 0
qed4f3e86 0 19051753 0
qed4f3e86 0 19051780 0
qed4f3e86 0 19051794 0
qeebed928 0 1 0
qeebed928 0 6421 0
qeebed928 0 6422 0
qeebed928 0 6423 0
qeebed928 0 6424 0
qeebed928 0 6425 0
qeebed928 0 6426 0
qeebed928 0 6427 0
qeebed928 0 6428 0
qeebed928 0 6429 0
qeebed928 0 6430 0
qeebed928 0 6431 0
qeebed928 0 6432 0
qeebed928 0 6433 0
qeebed928 0 6434 1
qeebed928 0 6435 0
qeebed928 0 6436 0
qeebed928 0 6437 0
qeebed928 0 6438 0
qeebed928 0 185867 0
qeebed928 0 209414 0
qeebed928 0 210367 0
qeebed928 0 210579 0
qeebed928 0 212999 2
qeebed928 0 213000 3
qeebed928 0 220790 1
qeebed928 0 237213 2
qeebed928 0 237223 3
qeebed928 0 237252 3
qeebed928 0 237258 2
qeebed928 0 277719 3
qeebed928 0 277734 3
qeebed928 0 277750 2
qeebed928 0 277754 3
qeebed928 0 302970 0
qeebed928 0 302971 1
qeebed928 0 302998 0
qeebed928 0 316665 2
qeebed928 0 316697 2
qeebed928 0 324803 3
qeebed928 0 324804 2
qeebed928 0 337017 3
qeebed928 0 349287 1
qeebed928 0 362079 1
qeebed928 0 403215 1
qeebed928 0 403249 2
qeebed928 0 423849 1
qeebed928 0 430070 1
qeebed928 0 437720 0
qeebed928 0 446347 3
qeebed928 0 450051 1
qeebed928 0 451563 3
qeebed928 0 452285 1
qeebed928 0 483839 0
qeebed928 0 499108 0
qeebed928 0 499193 0
qeebed928 0 499197 0
qeebed928 0 499218 0
qeebed928 0 852047 0
qeebed928 0 4396350 0
qeebed928 0 7019593 0
qeebed928 0 7431149 1
qeebed928 0 10444996 0
qeebed928 0 13423539 0
qeebed928 0 13695384 1
qeebed928 0 16886076 0
qeebed928 0 16886221 3
qeebed928 0 16886304 1
qeebed928 0 16910986 2
qeebed928 0 16956572 1
qeebed928 0 16963320 2
qeebed928 0 17034511 0
qeebed928 0 17034596 0
qeebed928 0 17034605 0
qeebed928 0 17034688 1
qeebed928 0 17034716 0
qeebed928 0 17034751 3
qeebed928 0 17149014 0
qeebed928 0 18754524 1
qeebed928 0 18958400 0
qeebed928 0 19051517 0
qeebed928 0 19051608 0
qeebed928 0 19051636 0
qeebed928 0 19051664 0
qeebed928 0 19051685 0
qeebed928 0 19051701 0
qeebed928 0 19051731 0
qeebed928 0 19051753 0
qeebed928 0 19051780 0
qeebed928 0 19051794 0
qeebed928 0 19064792 1
qefa7d985 0 1 0
qefa7d985 0 2 0
qefa7d985 0 3 0
qefa7d985 0 6421 0
qefa7d985 0 6422 0
qefa7d985 0 6423 0
qefa7d985 0 6424 0
qefa7d985 0 6425 0
qefa7d985 0 6426 0
qefa7d985 0 6427 0
qefa7d985 0 6428 0
qefa7d985 0 6429 0
qefa7d985 0 6430 0
qefa7d985 0 6431 0
qefa7d985 0 6432 0
qefa7d985 0 6433 0
qefa7d985 0 6434 0
qefa7d985 0 6435 0
qefa7d985 0 6436 0
qefa7d985 0 6437 0
qefa7d985 0 6438 0
qefa7d985 0 182731 3
qefa7d985 0 182816 3
qefa7d985 0 183337 2
qefa7d985 0 189005 1
qefa7d985 0 189910 3
qefa7d985 0 190078 3
qefa7d985 0 190084 3
qefa7d985 0 190090 3
qefa7d985 0 190097 3
qefa7d985 0 190117 3
qefa7d985 0 190127 3
qefa7d985 0 190229 3
qefa7d985 0 190241 3
qefa7d985 0 190270 3
qefa7d985 0 190274 3
qefa7d985 0 190275 3
qefa7d985 0 190276 3
qefa7d985 0 190277 3
qefa7d985 0 190385 3
qefa7d985 0 190398 3
qefa7d985 0 190452 2
qefa7d985 0 190505 1
qefa7d985 0 190579 3
qefa7d985 0 190580 3
qefa7d985 0 190581 3
qefa7d985 0 190595 3
qefa7d985 0 190636 2
qefa7d985 0 190641 1
qefa7d985 0 193129 1
qefa7d985 0 193152 3
qefa7d985 0 217554 1
qefa7d985 0 217592 1
qefa7d985 0 247801 1
qefa7d985 0 247803 1
qefa7d985 0 247806 1
qefa7d985 0 247808 1
qefa7d985 0 247810 1
qefa7d985 0 247813 1
qefa7d985 0 247815 1
qefa7d985 0 247817 1
qefa7d985 0 247820 1
qefa7d985 0 247822 1
qefa7d985 0 247824 1
qefa7d985 0 247827 1
qefa7d985 0 247829 1
qefa7d985 0 247832 1
qefa7d985 0 247834 1
qefa7d985 0 247836 1
qefa7d985 0 247838 1
qefa7d985 0 247840 1
qefa7d985 0 367193 3
qefa7d985 0 436040 3
qefa7d985 0 436124 3
qefa7d985 0 436166 3
qefa7d985 0 436221 3
qefa7d985 0 436274 3
qefa7d985 0 445197 0
qefa7d985 0 852047 0
qefa7d985 0 879916 1
qefa7d985 0 7019593 0
qefa7d985 0 7431149 0
qefa7d985 0 10444996 0
qefa7d985 0 13418337 1
qefa7d985 0 13423539 0
qefa7d985 0 13695384 0
qefa7d985 0 16992184 3
qefa7d985 0 16992672 3
qefa7d985 0 18958400 0
qefa7d985 0 19051517 0
qefa7d985 0 19051608 0
qefa7d985 0 19051636 0
qefa7d985 0 19051664 0
qefa7d985 0 19051685 0
qefa7d985 0 19051701 0
qefa7d985 0 19051731 0
qefa7d985 0 19051753 0
qefa7d985 0 19051780 0
qefa7d985 0 19051794 0
qefa7d985 0 19233326 1
qefa7d985 0 19233346 1
qefa7d985 0 19233356 1
qeff4e725 0 1 0
qeff4e725 0 6421 0
qeff4e725 0 6422 0
qeff4e725 0 6423 0
qeff4e725 0 6424 0
qeff4e725 0 6425 0
qeff4e725 0 6426 0
qeff4e725 0 6427 0
qeff4e725 0 6428 0
qeff4e725 0 6429 0
qeff4e725 0 6430 0
qeff4e725 0 6431 0
qeff4e725 0 6432 0
qeff4e725 0 6433 0
qeff4e725 0 6434 0
qeff4e725 0 6435 0
qeff4e725 0 6436 0
qeff4e725 0 6437 0
qeff4e725 0 6438 0
qeff4e725 0 61612 2
qeff4e725 0 98134 3
qeff4e725 0 98138 2
qeff4e725 0 98220 3
qeff4e725 0 107853 2
qeff4e725 0 107944 2
qeff4e725 0 111767 0
qeff4e725 0 127965 1
qeff4e725 0 128006 1
qeff4e725 0 128008 3
qeff4e725 0 128024 3
qeff4e725 0 128038 3
qeff4e725 0 128154 3
qeff4e725 0 128155 3
qeff4e725 0 128213 3
qeff4e725 0 128227 2
qeff4e725 0 128241 2
qeff4e725 0 128260 1
qeff4e725 0 128278 3
qeff4e725 0 128283 1
qeff4e725 0 128285 1
qeff4e725 0 128288 1
qeff4e725 0 128289 1
qeff4e725 0 128297 3
qeff4e725 0 128299 3
qeff4e725 0 128300 1
qeff4e725 0 128302 1
qeff4e725 0 183200 0
qeff4e725 0 188906 1
qeff4e725 0 215145 0
qeff4e725 0 234110 2
qeff4e725 0 302969 0
qeff4e725 0 304922 0
qeff4e725 0 454070 0
qeff4e725 0 454963 0
qeff4e725 0 459726 0
qeff4e725 0 467160 0
qeff4e725 0 467255 0
qeff4e725 0 539716 0
qeff4e725 0 852047 0
qeff4e725 0 4396350 0
qeff4e725 0 7019593 0
qeff4e725 0 7431149 0
qeff4e725 0 10444996 0
qeff4e725 0 13423539 0
qeff4e725 0 13695384 0
qeff4e725 0 16880978 0
qeff4e725 0 16952101 1
qeff4e725 0 16952891 1
qeff4e725 0 17149014 0
qeff4e725 0 18958400 0
qeff4e725 0 19051517 0
qeff4e725 0 19051608 0
qeff4e725 0 19051636 0
qeff4e725 0 19051664 0
qeff4e725 0 19051685 0
qeff4e725 0 19051701 0
qeff4e725 0 19051731 0
qeff4e725 0 19051753 0
qeff4e725 0 19051780 0
qeff4e725 0 19051794 0
qeffb013a 0 1 0
qeffb013a 0 6421 0
qeffb013a 0 6422 0
qeffb013a 0 6423 0
qeffb013a 0 6424 0
qeffb013a 0 6425 0
qeffb013a 0 6426 0
qeffb013a 0 6427 0
qeffb013a 0 6428 0
qeffb013a 0 6429 0
qeffb013a 0 6430 0
qeffb013a 0 6431 0
qeffb013a 0 6432 0
qeffb013a 0 6433 0
qeffb013a 0 6434 0
qeffb013a 0 6435 0
qeffb013a 0 6436 0
qeffb013a 0 6437 0
qeffb013a 0 6438 0
qeffb013a 0 392083 0
qeffb013a 0 392085 0
qeffb013a 0 514235 3
qeffb013a 0 514236 3
qeffb013a 0 514237 3
qeffb013a 0 514238 3
qeffb013a 0 514239 3
qeffb013a 0 514240 3
qeffb013a 0 514242 3
qeffb013a 0 514243 3
qeffb013a 0 514244 3
qeffb013a 0 514245 3
qeffb013a 0 514246 3
qeffb013a 0 514247 3
qeffb013a 0 514249 3
qeffb013a 0 516132 3
qeffb013a 0 518270 0
qeffb013a 0 518792 0
qeffb013a 0 519187 0
qeffb013a 0 519275 0
qeffb013a 0 519389 0
qeffb013a 0 519692 0
qeffb013a 0 520048 0
qeffb013a 0 520148 0
qeffb013a 0 537537 0
qeffb013a 0 773770 3
qeffb013a 0 773783 3
qeffb013a 0 773792 3
qeffb013a 0 852047 0
qeffb013a 0 2804546 3
qeffb013a 0 4211460 3
qeffb013a 0 4396350 0
qeffb013a 0 5931167 3
qeffb013a 0 7019593 0
qeffb013a 0 7431149 0
qeffb013a 0 10444996 0
qeffb013a 0 13119168 3
qeffb013a 0 13119169 3
qeffb013a 0 13119170 3
qeffb013a 0 13423539 0
qeffb013a 0 13695384 0
qeffb013a 0 15247071 3
qeffb013a 0 15247072 3
qeffb013a 0 15247073 3
qeffb013a 0 16279627 3
qeffb013a 0 16279633 3
qeffb013a 0 16377328 3
qeffb013a 0 16859304 0
qeffb013a 0 16859382 0
qeffb013a 0 16861105 0
qeffb013a 0 16861107 0
qeffb013a 0 16996934 0
qeffb013a 0 17021966 0
qeffb013a 0 17025550 0
qeffb013a 0 17035948 0
qeffb013a 0 17149014 0
qeffb013a 0 17437339 0
qeffb013a 0 18958400 0
qeffb013a 0 19051517 0
qeffb013a 0 19051608 0
qeffb013a 0 19051636 0
qeffb013a 0 19051664 0
qeffb013a 0 19051685 0
qeffb013a 0 19051701 0
qeffb013a 0 19051731 0
qeffb013a 0 19051753 0
qeffb013a 0 19051780 0
qeffb013a 0 19051794 0
qeffb013a 0 19064617 3
qeffb013a 0 19064624 3
qeffb013a 0 19064634 3
qeffb013a 0 19064649 3
qeffb013a 0 19064662 3
qeffb013a 0 19064678 3
qeffb013a 0 19064691 3
qeffb013a 0 19064706 3
qeffb013a 0 19064718 3
qeffb013a 0 19064736 3
qeffb013a 0 19064752 3
qeffb013a 0 19064780 3
qeffb013a 0 19064791 3
qeffb013a 0 19064801 3
qeffb013a 0 19064813 3
qeffb013a 0 19064821 3
qeffb013a 0 19064833 3
qeffb013a 0 19064860 3
qeffb013a 0 19064880 3
qf0a9682c 0 1 0
qf0a9682c 0 2960 0
qf0a9682c 0 2961 0
qf0a9682c 0 2962 0
qf0a9682c 0 2963 0
qf0a9682c 0 2964 0
qf0a9682c 0 2965 0
qf0a9682c 0 2966 0
qf0a9682c 0 2967 0
qf0a9682c 0 2968 0
qf0a9682c 0 2969 0
qf0a9682c 0 2970 0
qf0a9682c 0 2971 0
qf0a9682c 0 2972 0
qf0a9682c 0 2973 0
qf0a9682c 0 2974 0
qf0a9682c 0 2975 0
qf0a9682c 0 2976 0
qf0a9682c 0 2977 0
qf0a9682c 0 2978 0
qf0a9682c 0 6421 0
qf0a9682c 0 6422 0
qf0a9682c 0 6423 0
qf0a9682c 0 6424 0
qf0a9682c 0 6425 0
qf0a9682c 0 6426 0
qf0a9682c 0 6427 0
qf0a9682c 0 6428 0
qf0a9682c 0 6429 0
qf0a9682c 0 6430 0
qf0a9682c 0 6431 0
qf0a9682c 0 6432 0
qf0a9682c 0 6433 0
qf0a9682c 0 6434 0
qf0a9682c 0 6435 0
qf0a9682c 0 6436 0
qf0a9682c 0 6437 0
qf0a9682c 0 6438 0
qf0a9682c 0 168624 1
qf0a9682c 0 168647 1
qf0a9682c 0 168739 1
qf0a9682c 0 168855 0
qf0a9682c 0 168888 0
qf0a9682c 0 168978 1
qf0a9682c 0 168980 1
qf0a9682c 0 172109 1
qf0a9682c 0 172238 1
qf0a9682c 0 172312 1
qf0a9682c 0 172334 2
qf0a9682c 0 173006 1
qf0a9682c 0 173028 1
qf0a9682c 0 173073 1
qf0a9682c 0 173084 1
qf0a9682c 0 173102 1
qf0a9682c 0 173134 1
qf0a9682c 0 173170 1
qf0a9682c 0 173194 1
qf0a9682c 0 173205 1
qf0a9682c 0 173216 1
qf0a9682c 0 173223 2
qf0a9682c 0 173229 1
qf0a9682c 0 173238 1
qf0a9682c 0 173248 1
qf0a9682c 0 173262 1
qf0a9682c 0 173296 1
qf0a9682c 0 173305 1
qf0a9682c 0 173406 1
qf0a9682c 0 173443 1
qf0a9682c 0 173473 1
qf0a9682c 0 173506 1
qf0a9682c 0 173543 1
qf0a9682c 0 173576 1
qf0a9682c 0 173606 1
qf0a9682c 0 173658 1
qf0a9682c 0 173696 1
qf0a9682c 0 173788 0
qf0a9682c 0 175927 2
qf0a9682c 0 177798 3
qf0a9682c 0 181734 2
qf0a9682c 0 183734 2
qf0a9682c 0 384217 2
qf0a9682c 0 387066 3
qf0a9682c 0 852047 0
qf0a9682c 0 4396350 0
qf0a9682c 0 7019593 0
qf0a9682c 0 7431149 0
qf0a9682c 0 10444996 0
qf0a9682c 0 12267015 0
qf0a9682c 0 13423539 0
qf0a9682c 0 13695384 0
qf0a9682c 0 16862748 2
qf0a9682c 0 16863608 1
qf0a9682c 0 16863638 1
qf0a9682c 0 16863656 1
qf0a9682c 0 16863699 1
qf0a9682c 0 16910513 3
qf0a9682c 0 17149014 0
qf0a9682c 0 18958400 0
qf0a9682c 0 19051517 0
qf0a9682c 0 19051608 0
qf0a9682c 0 19051636 0
qf0a9682c 0 19051664 0
qf0a9682c 0 19051685 0
qf0a9682c 0 19051701 0
qf0a9682c 0 19051731 1
qf0a9682c 0 19051753 0
qf0a9682c 0 19051780 0
qf0a9682c 0 19051794 0
qf0a9682c 0 19237605 0
qf0a9682c 0 19237622 0
qf0a9682c 0 19237634 0
qf21dc729 0 1 0
qf21dc729 0 6421 0
qf21dc729 0 6422 0
qf21dc729 0 6423 0
qf21dc729 0 6424 0
qf21dc729 0 6425 0
qf21dc729 0 6426 0
qf21dc729 0 6427 0
qf21dc729 0 6428 0
qf21dc729 0 6429 0
qf21dc729 0 6430 0
qf21dc729 0 6431 0
qf21dc729 0 6432 0
qf21dc729 0 6433 0
qf21dc729 0 6434 0
qf21dc729 0 6435 0
qf21dc729 0 6436 0
qf21dc729 0 6437 0
qf21dc729 0 6438 0
qf21dc729 0 180830 0
qf21dc729 0 192504 0
qf21dc729 0 228196 0
qf21dc729 0 228335 0
qf21dc729 0 238011 1
qf21dc729 0 241172 0
qf21dc729 0 241760 0
qf21dc729 0 242674 0
qf21dc729 0 242780 0
qf21dc729 0 248974 0
qf21dc729 0 251543 0
qf21dc729 0 252037 0
qf21dc729 0 252340 0
qf21dc729 0 252357 0
qf21dc729 0 259336 0
qf21dc729 0 317887 3
qf21dc729 0 320255 3
qf21dc729 0 371005 0
qf21dc729 0 407014 0
qf21dc729 0 423404 0
qf21dc729 0 423554 0
qf21dc729 0 423576 0
qf21dc729 0 423603 0
qf21dc729 0 423604 0
qf21dc729 0 424820 0
qf21dc729 0 432372 0
qf21dc729 0 432505 0
qf21dc729 0 448447 0
qf21dc729 0 450396 0
qf21dc729 0 450840 0
qf21dc729 0 452585 0
qf21dc729 0 452588 0
qf21dc729 0 459246 0
qf21dc729 0 459277 0
qf21dc729 0 510718 0
qf21dc729 0 852047 0
qf21dc729 0 4396350 0
qf21dc729 0 7019593 0
qf21dc729 0 7431149 0
qf21dc729 0 10444996 0
qf21dc729 0 13423539 0
qf21dc729 0 13695384 0
qf21dc729 0 16857467 1
qf21dc729 0 16883606 0
qf21dc729 0 16899154 0
qf21dc729 0 16899437 0
qf21dc729 0 16899669 0
qf21dc729 0 16899793 0
qf21dc729 0 16900282 0
qf21dc729 0 17066559 0
qf21dc729 0 17071116 0
qf21dc729 0 17149014 0
qf21dc729 0 17416711 0
qf21dc729 0 18958400 0
qf21dc729 0 19051517 0
qf21dc729 0 19051608 0
qf21dc729 0 19051636 0
qf21dc729 0 19051664 0
qf21dc729 0 19051685 0
qf21dc729 0 19051701 0
qf21dc729 0 19051731 0
qf21dc729 0 19051753 0
qf21dc729 0 19051780 0
qf21dc729 0 19051794 0
qf24df675 0 1 0
qf24df675 0 6421 0
qf24df675 0 6422 0
qf24df675 0 6423 0
qf24df675 0 6424 0
qf24df675 0 6425 0
qf24df675 0 6426 0
qf24df675 0 6427 0
qf24df675 0 6428 0
qf24df675 0 6429 0
qf24df675 0 6430 0
qf24df675 0 6431 0
qf24df675 0 6432 0
qf24df675 0 6433 0
qf24df675 0 6434 0
qf24df675 0 6435 0
qf24df675 0 6436 0
qf24df675 0 6437 0
qf24df675 0 6438 0
qf24df675 0 11563 0
qf24df675 0 11564 0
qf24df675 0 11565 0
qf24df675 0 11566 0
qf24df675 0 11567 0
qf24df675 0 11568 0
qf24df675 0 11569 0
qf24df675 0 11570 0
qf24df675 0 11571 0
qf24df675 0 11572 0
qf24df675 0 11573 0
qf24df675 0 11574 0
qf24df675 0 11575 0
qf24df675 0 12478 1
qf24df675 0 12479 1
qf24df675 0 12480 1
qf24df675 0 12481 1
qf24df675 0 12482 1
qf24df675 0 12483 1
qf24df675 0 12484 1
qf24df675 0 12485 1
qf24df675 0 12486 1
qf24df675 0 12487 1
qf24df675 0 12488 1
qf24df675 0 12489 1
qf24df675 0 12490 1
qf24df675 0 12491 1
qf24df675 0 12492 1
qf24df675 0 12493 1
qf24df675 0 12494 1
qf24df675 0 12495 1
qf24df675 0 525237 3
qf24df675 0 525239 3
qf24df675 0 525247 3
qf24df675 0 525290 3
qf24df675 0 525311 3
qf24df675 0 525387 3
qf24df675 0 525431 3
qf24df675 0 525455 3
qf24df675 0 525479 3
qf24df675 0 525507 3
qf24df675 0 525555 3
qf24df675 0 525599 3
qf24df675 0 525633 3
qf24df675 0 525670 3
qf24df675 0 525786 3
qf24df675 0 525793 3
qf24df675 0 526116 3
qf24df675 0 526395 3
qf24df675 0 526571 3
qf24df675 0 526601 3
qf24df675 0 526689 3
qf24df675 0 526698 3
qf24df675 0 527004 3
qf24df675 0 527015 3
qf24df675 0 527042 3
qf24df675 0 527103 3
qf24df675 0 527113 3
qf24df675 0 527444 3
qf24df675 0 527458 3
qf24df675 0 527530 3
qf24df675 0 527540 3
qf24df675 0 527698 3
qf24df675 0 528116 3
qf24df675 0 528194 3
qf24df675 0 528403 3
qf24df675 0 528408 3
qf24df675 0 528413 3
qf24df675 0 528416 3
qf24df675 0 528452 3
qf24df675 0 528485 3
qf24df675 0 528497 3
qf24df675 0 528636 3
qf24df675 0 528637 3
qf24df675 0 528639 3
qf24df675 0 528647 3
qf24df675 0 528650 3
qf24df675 0 528740 3
qf24df675 0 852047 0
qf24df675 0 3614965 1
qf24df675 0 3905136 0
qf24df675 0 4396350 0
qf24df675 0 7019593 0
qf24df675 0 7431149 0
qf24df675 0 10444996 0
qf24df675 0 12286352 1
qf24df675 0 13423539 0
qf24df675 0 13695384 0
qf24df675 0 13934522 0
qf24df675 0 17149014 0
qf24df675 0 18958400 0
qf24df675 0 19051517 0
qf24df675 0 19051608 0
qf24df675 0 19051636 0
qf24df675 0 19051664 0
qf24df675 0 19051685 0
qf24df675 0 19051701 0
qf24df675 0 19051731 0
qf24df675 0 19051753 0
qf24df675 0 19051780 0
qf24df675 0 19051794 0
qf24df675 0 19123685 3
qf24df675 0 19312390 0
qf24df675 0 19312409 0
qf24df675 0 19312419 0
qf24df675 0 19312428 0
qf24df675 0 19312436 0
qf33dc047 0 91312 0
qf33dc047 0 91317 0
qf33dc047 0 91320 0
qf33dc047 0 91325 0
qf33dc047 0 91328 0
qf33dc047 0 91333 0
qf33dc047 0 91337 0
qf33dc047 0 91341 0
qf33dc047 0 91344 0
qf33dc047 0 91348 0
qf33dc047 0 91352 0
qf33dc047 0 91355 0
qf33dc047 0 91359 0
qf33dc047 0 91363 0
qf33dc047 0 91368 0
qf33dc047 0 91372 0
qf33dc047 0 91375 0
qf33dc047 0 91380 0
qf33dc047 0 124968 2
qf33dc047 0 125003 3
qf33dc047 0 125367 3
qf33dc047 0 125587 3
qf33dc047 0 125742 3
qf33dc047 0 125763 2
qf33dc047 0 125771 3
qf33dc047 0 125871 3
qf33dc047 0 125970 3
qf33dc047 0 125972 3
qf33dc047 0 126150 3
qf33dc047 0 126474 2
qf33dc047 0 126524 3
qf33dc047 0 126690 2
qf33dc047 0 126725 3
qf33dc047 0 126728 2
qf33dc047 0 126757 3
qf33dc047 0 126768 3
qf33dc047 0 126777 2
qf33dc047 0 7028224 0
qf33dc047 0 16090179 0
qf33dc047 0 17414051 2
qf33dc047 0 19218580 0
qf33dc047 0 19218592 0
qf33dc047 0 19218604 0
qf3c0e897 0 1 0
qf3c0e897 0 6421 0
qf3c0e897 0 6422 0
qf3c0e897 0 6423 0
qf3c0e897 0 6424 0
qf3c0e897 0 6425 0
qf3c0e897 0 6426 0
qf3c0e897 0 6427 0
qf3c0e897 0 6428 0
qf3c0e897 0 6429 0
qf3c0e897 0 6430 0
qf3c0e897 0 6431 0
qf3c0e897 0 6432 0
qf3c0e897 0 6433 0
qf3c0e897 0 6434 0
qf3c0e897 0 6435 0
qf3c0e897 0 6436 0
qf3c0e897 0 6437 0
qf3c0e897 0 6438 0
qf3c0e897 0 227608 3
qf3c0e897 0 240415 2
qf3c0e897 0 240877 3
qf3c0e897 0 241112 3
qf3c0e897 0 271396 3
qf3c0e897 0 331703 2
qf3c0e897 0 333075 1
qf3c0e897 0 333608 1
qf3c0e897 0 333618 2
qf3c0e897 0 333639 1
qf3c0e897 0 333646 1
qf3c0e897 0 333800 1
qf3c0e897 0 333864 2
qf3c0e897 0 333903 1
qf3c0e897 0 333999 1
qf3c0e897 0 334029 2
qf3c0e897 0 334065 2
qf3c0e897 0 334072 1
qf3c0e897 0 334113 2
qf3c0e897 0 334153 2
qf3c0e897 0 334185 2
qf3c0e897 0 334195 2
qf3c0e897 0 396375 3
qf3c0e897 0 419718 3
qf3c0e897 0 420805 3
qf3c0e897 0 421339 3
qf3c0e897 0 424373 3
qf3c0e897 0 424642 3
qf3c0e897 0 425537 3
qf3c0e897 0 425627 3
qf3c0e897 0 425763 3
qf3c0e897 0 425925 3
qf3c0e897 0 426132 3
qf3c0e897 0 426200 3
qf3c0e897 0 426332 3
qf3c0e897 0 426653 3
qf3c0e897 0 426915 3
qf3c0e897 0 426970 3
qf3c0e897 0 427114 3
qf3c0e897 0 496610 3
qf3c0e897 0 497414 3
qf3c0e897 0 497416 3
qf3c0e897 0 497422 3
qf3c0e897 0 497425 3
qf3c0e897 0 497429 3
qf3c0e897 0 497436 3
qf3c0e897 0 497441 3
qf3c0e897 0 497443 3
qf3c0e897 0 498845 3
qf3c0e897 0 852047 0
qf3c0e897 0 4396350 0
qf3c0e897 0 7019593 0
qf3c0e897 0 7431149 0
qf3c0e897 0 10444996 0
qf3c0e897 0 13423539 0
qf3c0e897 0 13695384 0
qf3c0e897 0 16870239 2
qf3c0e897 0 17037580 1
qf3c0e897 0 17149014 0
qf3c0e897 0 18958400 0
qf3c0e897 0 19051517 0
qf3c0e897 0 19051608 1
qf3c0e897 0 19051636 0
qf3c0e897 0 19051664 0
qf3c0e897 0 19051685 0
qf3c0e897 0 19051701 0
qf3c0e897 0 19051731 0
qf3c0e897 0 19051753 0
qf3c0e897 0 19051780 0
qf3c0e897 0 19051794 0
qf48b8a03 0 1 0
qf48b8a03 0 6421 0
qf48b8a03 0 6422 0
qf48b8a03 0 6423 0
qf48b8a03 0 6424 0
qf48b8a03 0 6425 0
qf48b8a03 0 6426 0
qf48b8a03 0 6427 0
qf48b8a03 0 6428 0
qf48b8a03 0 6429 0
qf48b8a03 0 6430 0
qf48b8a03 0 6431 0
qf48b8a03 0 6432 0
qf48b8a03 0 6433 0
qf48b8a03 0 6434 0
qf48b8a03 0 6435 0
qf48b8a03 0 6436 0
qf48b8a03 0 6437 0
qf48b8a03 0 6438 0
qf48b8a03 0 11563 0
qf48b8a03 0 11564 0
qf48b8a03 0 11565 0
qf48b8a03 0 11566 0
qf48b8a03 0 11567 0
qf48b8a03 0 11568 0
qf48b8a03 0 11569 0
qf48b8a03 0 11570 0
qf48b8a03 0 11571 0
qf48b8a03 0 11572 0
qf48b8a03 0 11573 0
qf48b8a03 0 11574 0
qf48b8a03 0 11575 0
qf48b8a03 0 12478 0
qf48b8a03 0 12479 0
qf48b8a03 0 12480 0
qf48b8a03 0 12481 0
qf48b8a03 0 12482 0
qf48b8a03 0 12483 0
qf48b8a03 0 12484 0
qf48b8a03 0 12485 0
qf48b8a03 0 12486 0
qf48b8a03 0 12487 0
qf48b8a03 0 12488 0
qf48b8a03 0 12489 0
qf48b8a03 0 12490 0
qf48b8a03 0 12491 0
qf48b8a03 0 12492 0
qf48b8a03 0 12493 0
qf48b8a03 0 12494 0
qf48b8a03 0 12495 0
qf48b8a03 0 515342 3
qf48b8a03 0 515344 3
qf48b8a03 0 515349 3
qf48b8a03 0 515355 3
qf48b8a03 0 515362 3
qf48b8a03 0 515370 3
qf48b8a03 0 515377 3
qf48b8a03 0 515384 3
qf48b8a03 0 515390 3
qf48b8a03 0 515396 3
qf48b8a03 0 515403 3
qf48b8a03 0 515408 3
qf48b8a03 0 515414 3
qf48b8a03 0 515420 3
qf48b8a03 0 515422 3
qf48b8a03 0 515426 3
qf48b8a03 0 515433 3
qf48b8a03 0 515438 3
qf48b8a03 0 515443 3
qf48b8a03 0 515449 3
qf48b8a03 0 515455 3
qf48b8a03 0 515459 3
qf48b8a03 0 515464 3
qf48b8a03 0 515501 3
qf48b8a03 0 515505 3
qf48b8a03 0 515508 3
qf48b8a03 0 515550 3
qf48b8a03 0 515595 3
qf48b8a03 0 515625 3
qf48b8a03 0 515632 3
qf48b8a03 0 515702 3
qf48b8a03 0 515711 3
qf48b8a03 0 515718 3
qf48b8a03 0 515790 3
qf48b8a03 0 515817 3
qf48b8a03 0 515838 3
qf48b8a03 0 515848 3
qf48b8a03 0 515876 3
qf48b8a03 0 515958 3
qf48b8a03 0 515987 3
qf48b8a03 0 516164 3
qf48b8a03 0 516179 3
qf48b8a03 0 516189 3
qf48b8a03 0 516208 3
qf48b8a03 0 516270 3
qf48b8a03 0 516299 3
qf48b8a03 0 516323 3
qf48b8a03 0 516329 3
qf48b8a03 0 516363 3
qf48b8a03 0 852047 0
qf48b8a03 0 3614965 0
qf48b8a03 0 3905136 0
qf48b8a03 0 4396350 0
qf48b8a03 0 7019593 0
qf48b8a03 0 7431149 0
qf48b8a03 0 10444996 0
qf48b8a03 0 12286352 0
qf48b8a03 0 13119168 3
qf48b8a03 0 13119170 3
qf48b8a03 0 13423539 0
qf48b8a03 0 13695384 0
qf48b8a03 0 13934522 0
qf48b8a03 0 17149014 0
qf48b8a03 0 18958400 0
qf48b8a03 0 19051517 0
qf48b8a03 0 19051608 0
qf48b8a03 0 19051636 0
qf48b8a03 0 19051664 0
qf48b8a03 0 19051685 0
qf48b8a03 0 19051701 0
qf48b8a03 0 19051731 0
qf48b8a03 0 19051753 0
qf48b8a03 0 19051780 0
qf48b8a03 0 19051794 0
qf48b8a03 0 19312390 0
qf48b8a03 0 19312409 0
qf48b8a03 0 19312419 0
qf48b8a03 0 19312428 0
qf48b8a03 0 19312436 0
qf6f5fd14 0 1 0
qf6f5fd14 0 6421 0
qf6f5fd14 0 6422 0
qf6f5fd14 0 6423 0
qf6f5fd14 0 6424 0
qf6f5fd14 0 6425 0
qf6f5fd14 0 6426 0
qf6f5fd14 0 6427 0
qf6f5fd14 0 6428 0
qf6f5fd14 0 6429 0
qf6f5fd14 0 6430 0
qf6f5fd14 0 6431 0
qf6f5fd14 0 6432 0
qf6f5fd14 0 6433 0
qf6f5fd14 0 6434 0
qf6f5fd14 0 6435 0
qf6f5fd14 0 6436 0
qf6f5fd14 0 6437 0
qf6f5fd14 0 6438 0
qf6f5fd14 0 10777 3
qf6f5fd14 0 17301 3
qf6f5fd14 0 17746 3
qf6f5fd14 0 185634 3
qf6f5fd14 0 247801 1
qf6f5fd14 0 247803 0
qf6f5fd14 0 247806 1
qf6f5fd14 0 247808 2
qf6f5fd14 0 247810 0
qf6f5fd14 0 247813 1
qf6f5fd14 0 247815 1
qf6f5fd14 0 247817 0
qf6f5fd14 0 247820 1
qf6f5fd14 0 247822 0
qf6f5fd14 0 247824 1
qf6f5fd14 0 247827 0
qf6f5fd14 0 247829 1
qf6f5fd14 0 247832 0
qf6f5fd14 0 247834 0
qf6f5fd14 0 247836 1
qf6f5fd14 0 247838 1
qf6f5fd14 0 247840 1
qf6f5fd14 0 248369 3
qf6f5fd14 0 248922 2
qf6f5fd14 0 250104 3
qf6f5fd14 0 250140 3
qf6f5fd14 0 250532 3
qf6f5fd14 0 378545 2
qf6f5fd14 0 389294 3
qf6f5fd14 0 406221 3
qf6f5fd14 0 407249 2
qf6f5fd14 0 431002 2
qf6f5fd14 0 433011 2
qf6f5fd14 0 437321 3
qf6f5fd14 0 442175 2
qf6f5fd14 0 442992 3
qf6f5fd14 0 443025 3
qf6f5fd14 0 457371 3
qf6f5fd14 0 459016 3
qf6f5fd14 0 461739 2
qf6f5fd14 0 461740 3
qf6f5fd14 0 464029 3
qf6f5fd14 0 465115 2
qf6f5fd14 0 465116 2
qf6f5fd14 0 465671 2
qf6f5fd14 0 465673 2
qf6f5fd14 0 467132 2
qf6f5fd14 0 468087 3
qf6f5fd14 0 472225 3
qf6f5fd14 0 852047 0
qf6f5fd14 0 879916 1
qf6f5fd14 0 4396350 0
qf6f5fd14 0 7019593 0
qf6f5fd14 0 7431149 0
qf6f5fd14 0 10444996 0
qf6f5fd14 0 13418337 1
qf6f5fd14 0 13423539 0
qf6f5fd14 0 13695384 0
qf6f5fd14 0 16850559 3
qf6f5fd14 0 16873025 3
qf6f5fd14 0 16873194 3
qf6f5fd14 0 16875300 3
qf6f5fd14 0 16905914 3
qf6f5fd14 0 16906047 2
qf6f5fd14 0 16908212 3
qf6f5fd14 0 16949607 3
qf6f5fd14 0 17009287 2
qf6f5fd14 0 17015078 3
qf6f5fd14 0 17015258 2
qf6f5fd14 0 17015557 2
qf6f5fd14 0 17015649 3
qf6f5fd14 0 17016137 3
qf6f5fd14 0 17016303 2
qf6f5fd14 0 17016378 3
qf6f5fd14 0 17016461 3
qf6f5fd14 0 17017054 3
qf6f5fd14 0 17017357 3
qf6f5fd14 0 17149014 1
qf6f5fd14 0 18958400 0
qf6f5fd14 0 19051517 0
qf6f5fd14 0 19051608 0
qf6f5fd14 0 19051636 0
qf6f5fd14 0 19051664 0
qf6f5fd14 0 19051685 0
qf6f5fd14 0 19051701 0
qf6f5fd14 0 19051731 0
qf6f5fd14 0 19051753 0
qf6f5fd14 0 19051780 0
qf6f5fd14 0 19051794 0
qf6f5fd14 0 19233326 2
qf6f5fd14 0 19233346 2
qf6f5fd14 0 19233356 2
qf880e763 0 1 3
qf880e763 0 286 3
qf880e763 0 302 3
qf880e763 0 550 3
qf880e763 0 1889 3
qf880e763 0 2679 3
qf880e763 0 2700 3
qf880e763 0 2724 3
qf880e763 0 2795 3
qf880e763 0 2797 3
qf880e763 0 2798 3
qf880e763 0 2808 3
qf880e763 0 2904 3
qf880e763 0 2952 3
qf880e763 0 2955 3
qf880e763 0 2956 3
qf880e763 0 6421 0
qf880e763 0 6422 0
qf880e763 0 6423 0
qf880e763 0 6424 0
qf880e763 0 6425 0
qf880e763 0 6426 0
qf880e763 0 6427 0
qf880e763 0 6428 0
qf880e763 0 6429 0
qf880e763 0 6430 0
qf880e763 0 6431 0
qf880e763 0 6432 0
qf880e763 0 6433 0
qf880e763 0 6434 0
qf880e763 0 6435 0
qf880e763 0 6436 0
qf880e763 0 6437 0
qf880e763 0 6438 0
qf880e763 0 329287 1
qf880e763 0 399292 1
qf880e763 0 399631 1
qf880e763 0 401247 1
qf880e763 0 461180 0
qf880e763 0 461201 0
qf880e763 0 461313 0
qf880e763 0 461813 0
qf880e763 0 462451 0
qf880e763 0 462678 0
qf880e763 0 462696 0
qf880e763 0 462978 0
qf880e763 0 466380 0
qf880e763 0 466445 0
qf880e763 0 474084 1
qf880e763 0 474252 1
qf880e763 0 475163 1
qf880e763 0 475510 1
qf880e763 0 475566 1
qf880e763 0 475579 1
qf880e763 0 475738 1
qf880e763 0 852047 3
qf880e763 0 4396350 3
qf880e763 0 7019593 0
qf880e763 0 7431149 3
qf880e763 0 10444996 3
qf880e763 0 13423539 0
qf880e763 0 13695384 3
qf880e763 0 16855550 1
qf880e763 0 16855954 1
qf880e763 0 16855969 1
qf880e763 0 16870625 1
qf880e763 0 17033823 1
qf880e763 0 17033834 1
qf880e763 0 17033892 1
qf880e763 0 17149014 3
qf880e763 0 18958400 0
qf880e763 0 19051517 3
qf880e763 0 19051608 3
qf880e763 0 19051636 3
qf880e763 0 19051664 3
qf880e763 0 19051685 3
qf880e763 0 19051701 3
qf880e763 0 19051731 3
qf880e763 0 19051753 3
qf880e763 0 19051780 3
qf880e763 0 19051794 3
qfa93090d 0 1 0
qfa93090d 0 6421 0
qfa93090d 0 6422 0
qfa93090d 0 6423 0
qfa93090d 0 6424 0
qfa93090d 0 6425 0
qfa93090d 0 6426 0
qfa93090d 0 6427 0
qfa93090d 0 6428 0
qfa93090d 0 6429 0
qfa93090d 0 6430 0
qfa93090d 0 6431 0
qfa93090d 0 6432 0
qfa93090d 0 6433 0
qfa93090d 0 6434 0
qfa93090d 0 6435 0
qfa93090d 0 6436 0
qfa93090d 0 6437 0
qfa93090d 0 6438 0
qfa93090d 0 166182 3
qfa93090d 0 167057 3
qfa93090d 0 167059 3
qfa93090d 0 167097 3
qfa93090d 0 171798 2
qfa93090d 0 172639 3
qfa93090d 0 176077 3
qfa93090d 0 177383 2
qfa93090d 0 178379 2
qfa93090d 0 184357 3
qfa93090d 0 184477 1
qfa93090d 0 185358 1
qfa93090d 0 209708 1
qfa93090d 0 209880 1
qfa93090d 0 211193 2
qfa93090d 0 211196 2
qfa93090d 0 211262 2
qfa93090d 0 211354 2
qfa93090d 0 211456 2
qfa93090d 0 211501 2
qfa93090d 0 235549 3
qfa93090d 0 296777 2
qfa93090d 0 315443 3
qfa93090d 0 331962 3
qfa93090d 0 332075 3
qfa93090d 0 332472 3
qfa93090d 0 332474 3
qfa93090d 0 332526 3
qfa93090d 0 332842 3
qfa93090d 0 332882 2
qfa93090d 0 332884 3
qfa93090d 0 380363 2
qfa93090d 0 852047 0
qfa93090d 0 4396350 0
qfa93090d 0 7019593 0
qfa93090d 0 7431149 0
qfa93090d 0 10444996 0
qfa93090d 0 13423539 0
qfa93090d 0 13695384 0
qfa93090d 0 16929987 2
qfa93090d 0 16945391 2
qfa93090d 0 16945395 2
qfa93090d 0 16949163 2
qfa93090d 0 16950572 2
qfa93090d 0 16953196 2
qfa93090d 0 16953779 2
qfa93090d 0 17036147 3
qfa93090d 0 17149014 0
qfa93090d 0 18958400 0
qfa93090d 0 19051517 0
qfa93090d 0 19051608 0
qfa93090d 0 19051636 0
qfa93090d 0 19051664 0
qfa93090d 0 19051685 0
qfa93090d 0 19051701 0
qfa93090d 0 19051731 0
qfa93090d 0 19051753 0
qfa93090d 0 19051780 0
qfa93090d 0 19051794 0
qfc357ab5 0 1 0
qfc357ab5 0 2960 0
qfc357ab5 0 2961 0
qfc357ab5 0 2962 0
qfc357ab5 0 2963 0
qfc357ab5 0 2964 0
qfc357ab5 0 2965 0
qfc357ab5 0 2966 0
qfc357ab5 0 2967 0
qfc357ab5 0 2968 0
qfc357ab5 0 2969 0
qfc357ab5 0 2970 0
qfc357ab5 0 2971 0
qfc357ab5 0 2972 0
qfc357ab5 0 2973 0
qfc357ab5 0 2974 0
qfc357ab5 0 2975 0
qfc357ab5 0 2976 0
qfc357ab5 0 2977 0
qfc357ab5 0 2978 0
qfc357ab5 0 3131 2
qfc357ab5 0 3165 2
qfc357ab5 0 3405 2
qfc357ab5 0 3448 2
qfc357ab5 0 3509 3
qfc357ab5 0 6421 0
qfc357ab5 0 6422 0
qfc357ab5 0 6423 0
qfc357ab5 0 6424 0
qfc357ab5 0 6425 0
qfc357ab5 0 6426 0
qfc357ab5 0 6427 0
qfc357ab5 0 6428 0
qfc357ab5 0 6429 0
qfc357ab5 0 6430 0
qfc357ab5 0 6431 0
qfc357ab5 0 6432 0
qfc357ab5 0 6433 0
qfc357ab5 0 6434 0
qfc357ab5 0 6435 0
qfc357ab5 0 6436 0
qfc357ab5 0 6437 0
qfc357ab5 0 6438 0
qfc357ab5 0 166198 2
qfc357ab5 0 166249 3
qfc357ab5 0 166254 3
qfc357ab5 0 166259 3
qfc357ab5 0 166532 2
qfc357ab5 0 167558 2
qfc357ab5 0 171139 2
qfc357ab5 0 172784 2
qfc357ab5 0 176996 2
qfc357ab5 0 176997 2
qfc357ab5 0 177005 2
qfc357ab5 0 177019 2
qfc357ab5 0 177041 2
qfc357ab5 0 177058 2
qfc357ab5 0 177089 2
qfc357ab5 0 177090 2
qfc357ab5 0 177093 2
qfc357ab5 0 177095 2
qfc357ab5 0 177163 1
qfc357ab5 0 177171 1
qfc357ab5 0 177175 1
qfc357ab5 0 177177 1
qfc357ab5 0 177180 1
qfc357ab5 0 177184 2
qfc357ab5 0 177924 1
qfc357ab5 0 177928 2
qfc357ab5 0 178333 3
qfc357ab5 0 180286 1
qfc357ab5 0 184496 2
qfc357ab5 0 185320 1
qfc357ab5 0 210703 0
qfc357ab5 0 210732 1
qfc357ab5 0 211706 1
qfc357ab5 0 211764 0
qfc357ab5 0 488319 1
qfc357ab5 0 488587 1
qfc357ab5 0 488746 1
qfc357ab5 0 488755 0
qfc357ab5 0 496480 1
qfc357ab5 0 496610 0
qfc357ab5 0 852047 0
qfc357ab5 0 4396350 0
qfc357ab5 0 7019593 0
qfc357ab5 0 7431149 0
qfc357ab5 0 10444996 0
qfc357ab5 0 12267015 3
qfc357ab5 0 13423539 0
qfc357ab5 0 13695384 0
qfc357ab5 0 16867157 2
qfc357ab5 0 16883750 3
qfc357ab5 0 16947447 2
qfc357ab5 0 16948707 2
qfc357ab5 0 16951147 1
qfc357ab5 0 16952192 1
qfc357ab5 0 17149014 0
qfc357ab5 0 18958400 0
qfc357ab5 0 19051517 0
qfc357ab5 0 19051608 0
qfc357ab5 0 19051636 0
qfc357ab5 0 19051664 0
qfc357ab5 0 19051685 0
qfc357ab5 0 19051701 0
qfc357ab5 0 19051731 0
qfc357ab5 0 19051753 0
qfc357ab5 0 19051780 0
qfc357ab5 0 19051794 0
qfc357ab5 0 19237605 1
qfc357ab5 0 19237622 1
qfc357ab5 0 19237634 1
qfeb44a30 0 1 0
qfeb44a30 0 6421 0
qfeb44a30 0 6422 0
qfeb44a30 0 6423 0
qfeb44a30 0 6424 0
qfeb44a30 0 6425 0
qfeb44a30 0 6426 0
qfeb44a30 0 6427 0
qfeb44a30 0 6428 0
qfeb44a30 0 6429 0
qfeb44a30 0 6430 0
qfeb44a30 0 6431 0
qfeb44a30 0 6432 0
qfeb44a30 0 6433 0
qfeb44a30 0 6434 0
qfeb44a30 0 6435 0
qfeb44a30 0 6436 0
qfeb44a30 0 6437 0
qfeb44a30 0 6438 0
qfeb44a30 0 180249 0
qfeb44a30 0 297254 1
qfeb44a30 0 297256 1
qfeb44a30 0 298015 1
qfeb44a30 0 298291 1
qfeb44a30 0 298482 1
qfeb44a30 0 298801 1
qfeb44a30 0 298887 0
qfeb44a30 0 299091 1
qfeb44a30 0 299119 1
qfeb44a30 0 303129 0
qfeb44a30 0 313495 1
qfeb44a30 0 333263 1
qfeb44a30 0 334163 0
qfeb44a30 0 334169 1
qfeb44a30 0 336079 1
qfeb44a30 0 380855 1
qfeb44a30 0 387717 1
qfeb44a30 0 438444 1
qfeb44a30 0 438778 1
qfeb44a30 0 523615 1
qfeb44a30 0 523860 0
qfeb44a30 0 852047 0
qfeb44a30 0 4396350 0
qfeb44a30 0 7019593 0
qfeb44a30 0 7431149 0
qfeb44a30 0 10444996 0
qfeb44a30 0 13423539 0
qfeb44a30 0 13695384 0
qfeb44a30 0 16862422 1
qfeb44a30 0 16871072 1
qfeb44a30 0 16886293 2
qfeb44a30 0 16891295 2
qfeb44a30 0 16891580 0
qfeb44a30 0 16944430 0
qfeb44a30 0 16944918 0
qfeb44a30 0 16945230 0
qfeb44a30 0 16945322 0
qfeb44a30 0 16945428 0
qfeb44a30 0 16945974 0
qfeb44a30 0 16946131 0
qfeb44a30 0 16946194 0
qfeb44a30 0 16947373 0
qfeb44a30 0 16948234 0
qfeb44a30 0 16949697 0
qfeb44a30 0 16950386 0
qfeb44a30 0 17149014 0
qfeb44a30 0 18771558 0
qfeb44a30 0 18958400 0
qfeb44a30 0 19051517 0
qfeb44a30 0 19051608 0
qfeb44a30 0 19051636 0
qfeb44a30 0 19051664 0
qfeb44a30 0 19051685 0
qfeb44a30 0 19051701 0
qfeb44a30 0 19051731 0
qfeb44a30 0 19051753 0
qfeb44a30 0 19051780 0
qfeb44a30 0 19051794 0
qff8ba2dd 0 1 0
qff8ba2dd 0 2 0
qff8ba2dd 0 3 0
qff8ba2dd 0 6421 0
qff8ba2dd 0 6422 0
qff8ba2dd 0 6423 0
qff8ba2dd 0 6424 0
qff8ba2dd 0 6425 0
qff8ba2dd 0 6426 0
qff8ba2dd 0 6427 0
qff8ba2dd 0 6428 0
qff8ba2dd 0 6429 0
qff8ba2dd 0 171249 0
qff8ba2dd 0 203130 0
qff8ba2dd 0 209396 0
qff8ba2dd 0 209503 0
qff8ba2dd 0 209621 0
qff8ba2dd 0 209697 0
qff8ba2dd 0 211113 0
qff8ba2dd 0 211145 0
qff8ba2dd 0 214739 0
qff8ba2dd 0 233431 0
qff8ba2dd 0 255698 0
qff8ba2dd 0 255714 0
qff8ba2dd 0 262026 1
qff8ba2dd 0 297215 3
qff8ba2dd 0 297218 3
qff8ba2dd 0 341840 0
qff8ba2dd 0 350824 0
qff8ba2dd 0 362232 0
qff8ba2dd 0 382182 3
qff8ba2dd 0 382201 3
qff8ba2dd 0 393060 0
qff8ba2dd 0 393069 0
qff8ba2dd 0 480792 1
qff8ba2dd 0 486085 0
qff8ba2dd 0 486115 0
qff8ba2dd 0 852047 0
qff8ba2dd 0 4396350 0
qff8ba2dd 0 7019593 2
qff8ba2dd 0 7431149 0
qff8ba2dd 0 10444996 0
qff8ba2dd 0 13423539 0
qff8ba2dd 0 13487380 3
qff8ba2dd 0 13695384 0
qff8ba2dd 0 16870241 2
qff8ba2dd 0 16878110 3
qff8ba2dd 0 16878164 0
qff8ba2dd 0 16944456 3
qff8ba2dd 0 16944478 3
qff8ba2dd 0 16944492 3
qff8ba2dd 0 16966034 0
qff8ba2dd 0 16983926 1
qff8ba2dd 0 16992871 2
qff8ba2dd 0 16992874 3
qff8ba2dd 0 16992877 2
qff8ba2dd 0 16992881 2
qff8ba2dd 0 16992889 2
qff8ba2dd 0 16992894 3
qff8ba2dd 0 16992900 2
qff8ba2dd 0 16992903 3
qff8ba2dd 0 16992906 2
qff8ba2dd 0 16992914 3
qff8ba2dd 0 17028881 0
qff8ba2dd 0 17149014 0
qff8ba2dd 0 17271459 0
qff8ba2dd 0 17420887 3
qff8ba2dd 0 18764681 3
qff8ba2dd 0 18814167 1
qff8ba2dd 0 18958400 0
qff8ba2dd 0 19051517 1
qff8ba2dd 0 19051608 0
qff8ba2dd 0 19051636 0
qff8ba2dd 0 19051664 0
qff8ba2dd 0 19051685 0
qff8ba2dd 0 19051701 0
qff8ba2dd 0 19051731 0
qff8ba2dd 0 19051753 0
qff8ba2dd 0 19051780 0
qff8ba2dd 0 19051794 0
qff8ba2dd 0 19291282 3
qff8ba2dd 0 19291301 3
qff8ba2dd 0 19339274 0
qffd10379 0 1 0
qffd10379 0 6421 0
qffd10379 0 6422 0
qffd10379 0 6423 0
qffd10379 0 6424 0
qffd10379 0 6425 0
qffd10379 0 6426 0
qffd10379 0 6427 0
qffd10379 0 6428 0
qffd10379 0 6429 0
qffd10379 0 6430 0
qffd10379 0 6431 0
qffd10379 0 6432 0
qffd10379 0 6433 0
qffd10379 0 6434 0
qffd10379 0 6435 0
qffd10379 0 6436 0
qffd10379 0 6437 0
qffd10379 0 6438 0
qffd10379 0 18390 0
qffd10379 0 218758 3
qffd10379 0 218759 3
qffd10379 0 218760 3
qffd10379 0 218761 3
qffd10379 0 218762 3
qffd10379 0 218763 3
qffd10379 0 218764 3
qffd10379 0 218765 3
qffd10379 0 218766 3
qffd10379 0 218767 3
qffd10379 0 218768 3
qffd10379 0 218769 3
qffd10379 0 218770 3
qffd10379 0 218771 3
qffd10379 0 219316 3
qffd10379 0 219321 3
qffd10379 0 219326 3
qffd10379 0 219331 3
qffd10379 0 219335 3
qffd10379 0 219399 3
qffd10379 0 852047 0
qffd10379 0 4396350 0
qffd10379 0 7019593 0
qffd10379 0 7431149 0
qffd10379 0 10444996 0
qffd10379 0 13423539 0
qffd10379 0 13695384 0
qffd10379 0 17032111 0
qffd10379 0 17032364 0
qffd10379 0 17032442 0
qffd10379 0 17032447 0
qffd10379 0 17033083 0
qffd10379 0 17033620 0
qffd10379 0 17033670 0
qffd10379 0 17033821 0
qffd10379 0 17037391 0
qffd10379 0 17042492 0
qffd10379 0 17042729 0
qffd10379 0 17042994 0
qffd10379 0 17043145 0
qffd10379 0 17044430 0
qffd10379 0 17044570 0
qffd10379 0 17044788 0
qffd10379 0 17044918 0
qffd10379 0 17044976 0
qffd10379 0 17045041 0
qffd10379 0 17149014 0
qffd10379 0 18958400 0
qffd10379 0 19051517 0
qffd10379 0 19051608 0
qffd10379 0 19051636 0
qffd10379 0 19051664 0
qffd10379 0 19051685 0
qffd10379 0 19051701 0
qffd10379 0 19051731 0
qffd10379 0 19051753 0
qffd10379 0 19051780 0
qffd10379 0 19051794 0
